2025-04-08 10:26:10,871 [9] INFO  Priority : 14425, User Count : 1, Queue : 2019
2025-04-08 10:26:10,911 [9] INFO  Current Folder : 1331744092459919_133_24_0_1
2025-04-08 10:30:47,761 [9] INFO  Priority : 14426, User Count : 1, Queue : 1445
2025-04-08 10:30:47,816 [9] INFO  Current Folder : 1331744092459919_133_24_0_1
2025-04-08 17:30:46,033 [9] INFO  Priority : 14500, User Count : 1, Queue : 695
2025-04-08 17:30:46,120 [9] INFO  Current Folder : 1251744108154144_125_22_0_1
2025-04-08 17:31:43,934 [20] INFO  Warning Plate IgnoredAP, zohaib-14500 Plate : -  Trans. ID : 4361744032017662 Location : Dubai Harbour On-Street Parking
2025-04-08 17:31:43,970 [20] INFO  Warning Plate IgnoredAP, zohaib-14500 Plate : -  Trans. ID : 4361744032564329 Location : Dubai Harbour On-Street Parking
2025-04-08 17:31:44,005 [20] INFO  Warning Plate IgnoredAP, zohaib-14500 Plate : -  Trans. ID : 4361744032571259 Location : Dubai Harbour On-Street Parking
2025-04-08 17:31:44,044 [20] INFO  Warning Plate IgnoredAP, zohaib-14500 Plate : -  Trans. ID : 4361744032984557 Location : Dubai Harbour On-Street Parking
2025-04-08 17:31:44,086 [20] INFO  Warning Plate IgnoredAP, zohaib-14500 Plate : -  Trans. ID : 4361744033631089 Location : Dubai Harbour On-Street Parking
2025-04-08 17:31:44,128 [20] INFO  Warning Plate IgnoredAP, zohaib-14500 Plate : -  Trans. ID : 4361744033688293 Location : Dubai Harbour On-Street Parking
2025-04-08 17:31:44,161 [20] INFO  Warning Plate IgnoredAP, zohaib-14500 Plate : -  Trans. ID : 4361744034027027 Location : Dubai Harbour On-Street Parking
2025-04-08 17:31:44,197 [20] INFO  Warning Plate IgnoredAP, zohaib-14500 Plate : -  Trans. ID : 4361744034704924 Location : Dubai Harbour On-Street Parking
2025-04-08 17:31:44,239 [20] INFO  Warning Plate IgnoredAP, zohaib-14500 Plate : -  Trans. ID : 4361744035350833 Location : Dubai Harbour On-Street Parking
2025-04-08 17:31:44,277 [20] INFO  Warning Plate IgnoredAP, zohaib-14500 Plate : O-39746 Dubai Trans. ID : 4361744037527012 Location : Dubai Harbour On-Street Parking
2025-04-08 17:31:44,316 [20] INFO  Warning Plate IgnoredAP, zohaib-14500 Plate : -  Trans. ID : 4361744039229921 Location : Dubai Harbour On-Street Parking
2025-04-08 17:31:44,350 [20] INFO  Warning Plate IgnoredAP, zohaib-14500 Plate : -  Trans. ID : 4361744039268850 Location : Dubai Harbour On-Street Parking
2025-04-08 17:31:44,385 [20] INFO  Warning Plate IgnoredAP, zohaib-14500 Plate : -  Trans. ID : 4361744040634268 Location : Dubai Harbour On-Street Parking
2025-04-08 17:31:44,423 [20] INFO  Warning Plate IgnoredAP, zohaib-14500 Plate : -5162 Fujairah Trans. ID : 4361744105993805 Location : Dubai Harbour On-Street Parking
2025-04-08 17:31:44,460 [20] INFO  Warning Plate IgnoredAP, zohaib-14500 Plate : -  Trans. ID : 4361744106121503 Location : Dubai Harbour On-Street Parking
2025-04-08 17:31:44,505 [20] INFO  Warning Plate IgnoredAP, zohaib-14500 Plate : -  Trans. ID : 4361744106322909 Location : Dubai Harbour On-Street Parking
2025-04-11 11:00:05,895 [10] INFO  Priority : 14923, User Count : 1, Queue : 670
2025-04-11 11:00:05,979 [10] INFO  Current Folder : 1811744354654388_181_36_1_1
2025-04-14 16:19:06,750 [10] INFO  Priority : 15541, User Count : 2, Queue : 326
2025-04-14 16:19:06,786 [10] INFO  Current Folder : 7931744633103092_793_143_1_1
2025-04-14 17:35:44,913 [9] INFO  Priority : 15558, User Count : 1, Queue : 22
2025-04-14 17:35:44,976 [9] INFO  Current Folder : 1681744637378169_168_34_0_1
2025-04-14 17:35:45,157 [9] INFO  LPR direction: reverse, 1
2025-04-14 17:35:46,206 [9] INFO  Error FormatSearchGridColumns : Object reference not set to an instance of an object.
2025-04-14 17:39:30,636 [9] INFO  Warning Plate Ignored, zohaib-15558 Plate : W-84510 Dubai Trans. ID : 1681744637378169 Location : Cedre Villas Community Center
2025-04-14 17:39:30,709 [9] INFO  Priority : 15558, User Count : 1, Queue : 45
2025-04-14 17:39:30,717 [9] INFO  Current Folder : 1681744637661092_168_34_0_1
2025-04-14 17:39:30,741 [9] INFO  ANPR direction: , 0
2025-04-14 17:39:31,556 [9] INFO  Error FormatSearchGridColumns : Object reference not set to an instance of an object.
2025-04-14 17:55:09,289 [10] INFO  Priority : 15564, User Count : 1, Queue : 39
2025-04-14 17:55:09,362 [10] INFO  Current Folder : 1681744637661092_168_34_0_1
2025-04-14 17:55:09,546 [10] INFO  ANPR direction: , 0
2025-04-14 17:55:10,561 [10] INFO  Error FormatSearchGridColumns : Object reference not set to an instance of an object.
2025-04-14 18:26:42,564 [9] INFO  Priority : 15582, User Count : 1, Queue : 75
2025-04-14 18:26:42,618 [9] INFO  Current Folder : 1681744637661092_168_34_0_1
2025-04-14 18:26:42,789 [9] INFO  ANPR direction: , 0
2025-04-14 18:26:43,833 [9] INFO  Error FormatSearchGridColumns : Object reference not set to an instance of an object.
2025-04-14 18:36:41,353 [11] INFO  Time-Out, System closing application
2025-04-15 15:55:23,063 [10] INFO  Priority : 15697, User Count : 1, Queue : 794
2025-04-15 15:55:23,149 [10] INFO  Current Folder : 1681744717477904_168_34_0_1
2025-04-15 15:55:23,316 [10] INFO  LPR direction: reverse, 1
2025-04-15 15:55:24,368 [10] INFO  Error FormatSearchGridColumns : Object reference not set to an instance of an object.
2025-04-15 15:57:04,585 [11] INFO  Priority : 15698, User Count : 1, Queue : 798
2025-04-15 15:57:04,693 [11] INFO  Current Folder : 1681744717477904_168_34_0_1
2025-04-15 15:57:04,849 [11] INFO  LPR direction: reverse, 1
2025-04-15 15:57:05,864 [11] INFO  Error FormatSearchGridColumns : Object reference not set to an instance of an object.
2025-04-15 15:58:59,018 [11] INFO  Priority : 15699, User Count : 1, Queue : 800
2025-04-15 15:58:59,103 [11] INFO  Current Folder : 1681744717477904_168_34_0_1
2025-04-15 15:58:59,270 [11] INFO  LPR direction: reverse, 1
2025-04-15 15:59:00,282 [11] INFO  Error FormatSearchGridColumns : Object reference not set to an instance of an object.
2025-04-15 16:04:53,792 [10] INFO  Priority : 15700, User Count : 1, Queue : 803
2025-04-15 16:04:53,889 [10] INFO  Current Folder : 1311744718585713_131_24_0_1
2025-04-15 16:05:54,555 [11] INFO  Priority : 15701, User Count : 1, Queue : 804
2025-04-15 16:05:54,649 [11] INFO  Current Folder : 1311744718585713_131_24_0_1
2025-04-15 16:22:56,866 [11] INFO  Priority : 15702, User Count : 1, Queue : 822
2025-04-15 16:22:56,962 [11] INFO  Current Folder : 1311744718585713_131_24_0_1
2025-04-15 16:25:29,951 [11] INFO  Priority : 15703, User Count : 1, Queue : 823
2025-04-15 16:25:30,064 [11] INFO  Current Folder : 1311744718585713_131_24_0_1
2025-04-15 16:26:25,584 [9] INFO  Priority : 15704, User Count : 1, Queue : 824
2025-04-15 16:26:25,618 [9] INFO  Current Folder : 1311744718585713_131_24_0_1
2025-04-15 16:27:51,730 [9] INFO  Priority : 15705, User Count : 1, Queue : 827
2025-04-15 16:27:51,823 [9] INFO  Current Folder : 1311744718585713_131_24_0_1
2025-04-15 16:28:37,780 [9] INFO  Priority : 15706, User Count : 1, Queue : 828
2025-04-15 16:28:37,941 [9] INFO  Current Folder : 1311744718585713_131_24_0_1
2025-04-15 16:29:10,553 [11] INFO  Priority : 15707, User Count : 1, Queue : 828
2025-04-15 16:29:10,640 [11] INFO  Current Folder : 1311744718585713_131_24_0_1
2025-04-15 16:29:22,848 [10] INFO  Priority : 15708, User Count : 1, Queue : 828
2025-04-15 16:29:22,938 [10] INFO  Current Folder : 1311744718585713_131_24_0_1
2025-04-15 16:29:46,761 [1] INFO  Priority : 15710, User Count : 1, Queue : 90
2025-04-15 16:29:46,806 [1] INFO  Current Folder : 1121744719915104_112_19_0
2025-04-15 17:02:44,208 [11] INFO  Priority : 15720, User Count : 1, Queue : 17
2025-04-15 17:02:44,248 [11] INFO  Current Folder : 1231743010681694_123_22_0_1
2025-04-15 17:03:18,170 [11] INFO  Priority : 15720, User Count : 1, Queue : 6
2025-04-15 17:03:18,181 [11] INFO  Current Folder : 3661744721281414_366_65_0
2025-04-15 17:03:18,821 [11] INFO  Error FormatSearchGridColumns : Object reference not set to an instance of an object.
2025-04-15 17:05:33,553 [11] INFO  Priority : 15720, User Count : 1, Queue : 6
2025-04-15 17:05:33,560 [11] INFO  Current Folder : 3661744721281414_366_65_0
2025-04-15 17:05:33,575 [11] INFO  LPR direction: reverse, 1
2025-04-15 17:05:34,215 [11] INFO  Error FormatSearchGridColumns : Object reference not set to an instance of an object.
2025-04-15 17:06:28,801 [11] INFO  Priority : 15720, User Count : 1, Queue : 6
2025-04-15 17:06:28,810 [11] INFO  Current Folder : 3661744721281414_366_65_0
2025-04-15 17:06:28,823 [11] INFO  LPR direction: reverse, 1
2025-04-15 17:06:44,064 [11] INFO  Error FormatSearchGridColumns : Object reference not set to an instance of an object.
2025-04-15 17:07:10,975 [11] INFO  Priority : 15720, User Count : 1, Queue : 6
2025-04-15 17:07:10,990 [11] INFO  Current Folder : 3661744721281414_366_65_0
2025-04-15 17:07:11,001 [11] INFO  LPR direction: reverse, 1
2025-04-15 17:07:11,348 [11] INFO  Error FormatSearchGridColumns : Object reference not set to an instance of an object.
2025-04-15 17:07:27,465 [11] INFO  Priority : 15720, User Count : 1, Queue : 6
2025-04-15 17:07:27,477 [11] INFO  Current Folder : 3661744721281414_366_65_0
2025-04-15 17:07:27,488 [11] INFO  LPR direction: reverse, 1
2025-04-15 17:07:31,031 [11] INFO  Error FormatSearchGridColumns : Object reference not set to an instance of an object.
2025-04-15 17:09:25,309 [10] INFO  Priority : 15721, User Count : 1, Queue : 6
2025-04-15 17:09:25,342 [10] INFO  Current Folder : 3661744721281414_366_65_0
2025-04-15 17:09:25,499 [10] INFO  LPR direction: reverse, 1
2025-04-15 17:09:26,992 [10] INFO  Error FormatSearchGridColumns : Object reference not set to an instance of an object.
2025-04-15 17:11:06,574 [10] INFO  Priority : 15723, User Count : 1, Queue : 6
2025-04-15 17:11:06,604 [10] INFO  Current Folder : 3661744721281414_366_65_0
2025-04-15 17:11:06,755 [10] INFO  LPR direction: reverse, 1
2025-04-15 17:11:07,811 [10] INFO  Error FormatSearchGridColumns : Object reference not set to an instance of an object.
2025-04-15 17:13:12,396 [10] INFO  Priority : 15724, User Count : 1, Queue : 6
2025-04-15 17:13:12,424 [10] INFO  Current Folder : 3801744721290687_380_65_0
2025-04-15 17:13:46,132 [10] INFO  Priority : 15724, User Count : 1, Queue : 6
2025-04-15 17:13:46,142 [10] INFO  Current Folder : 3661744721281414_366_65_0
2025-04-15 17:13:46,166 [10] INFO  LPR direction: reverse, 1
2025-04-15 17:13:46,756 [10] INFO  Error FormatSearchGridColumns : Object reference not set to an instance of an object.
2025-04-15 17:14:06,587 [10] INFO  Priority : 15724, User Count : 1, Queue : 6
2025-04-15 17:14:06,594 [10] INFO  Current Folder : 3661744721281414_366_65_0
2025-04-15 17:14:06,605 [10] INFO  LPR direction: reverse, 1
2025-04-15 17:14:06,966 [10] INFO  Error FormatSearchGridColumns : Object reference not set to an instance of an object.
2025-04-15 17:14:34,062 [10] INFO  Priority : 15724, User Count : 1, Queue : 6
2025-04-15 17:14:34,069 [10] INFO  Current Folder : 3661744721281414_366_65_0
2025-04-15 17:14:34,083 [10] INFO  LPR direction: reverse, 1
2025-04-15 17:14:34,454 [10] INFO  Error FormatSearchGridColumns : Object reference not set to an instance of an object.
2025-04-15 17:14:45,648 [10] INFO  Priority : 15724, User Count : 1, Queue : 6
2025-04-15 17:14:45,656 [10] INFO  Current Folder : 3661744721281414_366_65_0
2025-04-15 17:14:45,668 [10] INFO  LPR direction: reverse, 0
2025-04-15 17:14:46,023 [10] INFO  Error FormatSearchGridColumns : Object reference not set to an instance of an object.
2025-04-15 17:15:57,443 [10] INFO  Priority : 15724, User Count : 1, Queue : 6
2025-04-15 17:15:57,451 [10] INFO  Current Folder : 3661744721281414_366_65_0
2025-04-15 17:15:57,462 [10] INFO  LPR direction: reverse, 0
2025-04-15 17:15:57,824 [10] INFO  Error FormatSearchGridColumns : Object reference not set to an instance of an object.
2025-04-15 17:17:04,579 [9] INFO  Priority : 15725, User Count : 1, Queue : 6
2025-04-15 17:17:04,608 [9] INFO  Current Folder : 3661744721281414_366_65_0
2025-04-15 17:17:04,763 [9] INFO  LPR direction: reverse, 0
2025-04-15 17:17:05,843 [9] INFO  Error FormatSearchGridColumns : Object reference not set to an instance of an object.
2025-04-15 17:20:03,482 [18] INFO  Time-Out, System closing application
2025-04-15 17:20:11,686 [11] INFO  Priority : 15726, User Count : 1, Queue : 6
2025-04-15 17:20:11,717 [11] INFO  Current Folder : 3661744721281414_366_65_0
2025-04-15 17:20:11,865 [11] INFO  LPR direction: reverse, 0
2025-04-15 17:20:12,892 [11] INFO  Error FormatSearchGridColumns : Object reference not set to an instance of an object.
2025-04-15 17:23:52,475 [11] INFO  Priority : 15726, User Count : 1, Queue : 6
2025-04-15 17:23:52,483 [11] INFO  Current Folder : 3661744721281414_366_65_0
2025-04-15 17:23:52,492 [11] INFO  LPR direction: reverse, 0
2025-04-15 17:23:53,387 [11] INFO  Error FormatSearchGridColumns : Object reference not set to an instance of an object.
2025-04-15 17:24:04,089 [11] INFO  Priority : 15726, User Count : 1, Queue : 6
2025-04-15 17:24:04,099 [11] INFO  Current Folder : 3661744721281414_366_65_0
2025-04-15 17:24:04,115 [11] INFO  LPR direction: reverse, 1
2025-04-15 17:24:04,495 [11] INFO  Error FormatSearchGridColumns : Object reference not set to an instance of an object.
2025-04-15 17:24:30,895 [11] INFO  Priority : 15726, User Count : 1, Queue : 6
2025-04-15 17:24:30,901 [11] INFO  Current Folder : 3661744721281414_366_65_0
2025-04-15 17:24:30,913 [11] INFO  LPR direction: reverse, 0
2025-04-15 17:24:31,323 [11] INFO  Error FormatSearchGridColumns : Object reference not set to an instance of an object.
2025-04-15 17:26:21,722 [11] INFO  Priority : 15726, User Count : 1, Queue : 6
2025-04-15 17:26:21,761 [11] INFO  Current Folder : 3661744721281414_366_65_0
2025-04-15 17:26:21,792 [11] INFO  LPR direction: reverse, 1
2025-04-15 17:26:22,531 [11] INFO  Error FormatSearchGridColumns : Object reference not set to an instance of an object.
2025-04-15 17:27:49,259 [11] INFO  Priority : 15726, User Count : 1, Queue : 6
2025-04-15 17:27:49,280 [11] INFO  Current Folder : 3661744721281414_366_65_0
2025-04-15 17:27:49,331 [11] INFO  LPR direction: , 1
2025-04-15 17:27:49,851 [11] INFO  Error FormatSearchGridColumns : Object reference not set to an instance of an object.
2025-04-15 17:32:12,943 [11] INFO  Priority : 15726, User Count : 1, Queue : 6
2025-04-15 17:32:12,959 [11] INFO  Current Folder : 3661744721281414_366_65_0
2025-04-15 17:32:12,970 [11] INFO  LPR direction: , 0
2025-04-15 17:32:13,616 [11] INFO  Error FormatSearchGridColumns : Object reference not set to an instance of an object.
2025-04-15 18:19:30,553 [11] INFO  Priority : 15737, User Count : 1, Queue : 1
2025-04-15 18:19:30,585 [11] INFO  Current Folder : 1231742958052615_123_22_0_0
2025-04-15 18:32:21,644 [10] INFO  Priority : 15740, User Count : 1, Queue : 1
2025-04-15 18:32:21,679 [10] INFO  Current Folder : 1231742958052615_123_22_0_0
2025-04-15 18:33:47,329 [10] INFO  Priority : 15741, User Count : 1, Queue : 6
2025-04-15 18:33:47,367 [10] INFO  Current Folder : 3661744721281414_366_65_0
2025-04-15 18:33:47,543 [10] INFO  LPR direction: reverse, 1
2025-04-15 18:33:48,577 [10] INFO  Error FormatSearchGridColumns : Object reference not set to an instance of an object.
2025-04-15 18:35:17,869 [10] INFO  Priority : 15741, User Count : 1, Queue : 6
2025-04-15 18:35:17,880 [10] INFO  Current Folder : 3661744721281414_366_65_0
2025-04-15 18:35:17,890 [10] INFO  LPR direction: reverse, 0
2025-04-15 18:35:18,239 [10] INFO  Error FormatSearchGridColumns : Object reference not set to an instance of an object.
2025-04-15 18:35:26,075 [10] INFO  Priority : 15741, User Count : 1, Queue : 6
2025-04-15 18:35:26,108 [10] INFO  Current Folder : 3661744721281414_366_65_0
2025-04-15 18:35:26,126 [10] INFO  LPR direction: , 0
2025-04-15 18:35:26,504 [10] INFO  Error FormatSearchGridColumns : Object reference not set to an instance of an object.
2025-04-15 18:36:25,012 [10] INFO  Priority : 15741, User Count : 1, Queue : 6
2025-04-15 18:36:25,019 [10] INFO  Current Folder : 3661744721281414_366_65_0
2025-04-15 18:36:25,031 [10] INFO  LPR direction: reverse, 0
2025-04-15 18:36:25,389 [10] INFO  Error FormatSearchGridColumns : Object reference not set to an instance of an object.
2025-04-17 10:33:26,906 [10] INFO  Priority : 15992, User Count : 1, Queue : 6
2025-04-17 10:33:26,942 [10] INFO  Current Folder : 3661744721281414_366_65_0
2025-04-17 10:33:27,108 [10] INFO  LPR direction: reverse, 0
2025-04-17 10:33:28,210 [10] INFO  Error FormatSearchGridColumns : Object reference not set to an instance of an object.
2025-04-17 10:33:48,508 [9] INFO  Priority : 15993, User Count : 1, Queue : 2213
2025-04-17 10:33:48,552 [9] INFO  Current Folder : 121744871221270_12_6_0_1
2025-04-17 10:33:48,711 [9] INFO  LPR direction: reverse, 0
2025-04-17 10:33:49,724 [9] INFO  Error FormatSearchGridColumns : Object reference not set to an instance of an object.
2025-04-17 10:35:00,831 [10] INFO  Priority : 15994, User Count : 1, Queue : 2214
2025-04-17 10:35:01,004 [10] INFO  Current Folder : 121744871221270_12_6_0_1
2025-04-17 10:35:01,159 [10] INFO  LPR direction: reverse, 0
2025-04-17 10:35:02,180 [10] INFO  Error FormatSearchGridColumns : Object reference not set to an instance of an object.
2025-04-17 10:45:40,612 [10] INFO  Priority : 15995, User Count : 1, Queue : 2229
2025-04-17 10:45:40,655 [10] INFO  Current Folder : 121744871221270_12_6_0_1
2025-04-17 10:45:40,820 [10] INFO  LPR direction: reverse, 0
2025-04-17 10:45:41,829 [10] INFO  Error FormatSearchGridColumns : Object reference not set to an instance of an object.
2025-04-17 12:15:18,848 [11] INFO  Priority : 16007, User Count : 1, Queue : 2428
2025-04-17 12:15:19,051 [11] INFO  Current Folder : 121744871328987_12_6_0_1
2025-04-17 12:15:19,226 [11] INFO  LPR direction: reverse, 0
2025-04-17 12:15:20,296 [11] INFO  Error FormatSearchGridColumns : Object reference not set to an instance of an object.
2025-04-17 12:16:13,511 [11] INFO  Priority : 16007, User Count : 1, Queue : 4458
2025-04-17 12:16:13,658 [11] INFO  Current Folder : 121744871328987_12_6_0_1
2025-04-17 12:16:13,674 [11] INFO  LPR direction: reverse, 0
2025-04-17 12:16:14,058 [11] INFO  Error FormatSearchGridColumns : Object reference not set to an instance of an object.
2025-04-17 12:16:33,058 [10] INFO  Priority : 16008, User Count : 1, Queue : 2429
2025-04-17 12:16:33,168 [10] INFO  Current Folder : 121744871328987_12_6_0_1
2025-04-17 12:16:33,335 [10] INFO  LPR direction: reverse, 0
2025-04-17 12:16:34,405 [10] INFO  Error FormatSearchGridColumns : Object reference not set to an instance of an object.
2025-04-17 12:17:13,840 [10] INFO  Priority : 16008, User Count : 1, Queue : 4473
2025-04-17 12:17:13,980 [10] INFO  Current Folder : 121744871328987_12_6_0_1
2025-04-17 12:17:14,004 [10] INFO  LPR direction: reverse, 0
2025-04-17 12:17:14,357 [10] INFO  Error FormatSearchGridColumns : Object reference not set to an instance of an object.
2025-04-17 12:28:32,728 [10] INFO  Priority : 16010, User Count : 2, Queue : 2469
2025-04-17 12:28:32,978 [10] INFO  Current Folder : 121744871328987_12_6_0_1
2025-04-17 12:28:33,140 [10] INFO  LPR direction: reverse, 0
2025-04-17 12:28:34,007 [10] INFO  Error FormatSearchGridColumns : Object reference not set to an instance of an object.
2025-04-17 12:28:58,814 [10] INFO  Priority : 16010, User Count : 2, Queue : 2471
2025-04-17 12:28:59,021 [10] INFO  Current Folder : 121744871328987_12_6_0_1
2025-04-17 12:28:59,182 [10] INFO  LPR direction: reverse, 0
2025-04-17 12:29:00,031 [10] INFO  Error FormatSearchGridColumns : Object reference not set to an instance of an object.
2025-04-17 12:29:32,365 [10] INFO  Priority : 16013, User Count : 8, Queue : 2474
2025-04-17 12:29:32,515 [10] INFO  Current Folder : 121744871328987_12_6_0_1
2025-04-17 12:29:32,681 [10] INFO  LPR direction: reverse, 0
2025-04-17 12:54:45,044 [10] INFO  Priority : 16036, User Count : 2, Queue : 2568
2025-04-17 12:54:45,225 [10] INFO  Current Folder : 121744872113371_12_6_0_1
2025-04-17 12:54:45,396 [10] INFO  LPR direction: reverse, 0
2025-04-17 12:54:52,281 [10] INFO  Warning Plate Ignored, zohaib-16036 Plate : BB-38627 Dubai Trans. ID : 121744872113371 Location : Golden Mile Galleria 1
2025-04-17 12:54:52,371 [10] INFO  Priority : 16030, User Count : 2, Queue : 4751
2025-04-17 12:54:52,395 [10] INFO  Current Folder : 121744872304237_12_6_0_1
2025-04-17 12:54:52,426 [10] INFO  LPR direction: reverse, 0
2025-04-17 12:55:04,474 [10] INFO  Warning Plate Ignored, zohaib-16036 Plate : AA-45988 Dubai Trans. ID : 121744872304237 Location : Golden Mile Galleria 1
2025-04-17 12:55:04,518 [10] INFO  Priority : 16030, User Count : 2, Queue : 4750
2025-04-17 12:55:04,540 [10] INFO  Current Folder : 121744872370231_12_6_0_1
2025-04-17 12:55:04,567 [10] INFO  LPR direction: reverse, 0
2025-04-17 12:55:08,458 [10] INFO  Warning Plate Ignored, zohaib-16036 Plate : 7-35985 Abu Dhabi Trans. ID : 121744872370231 Location : Golden Mile Galleria 1
2025-04-17 12:55:08,536 [10] INFO  Priority : 16030, User Count : 2, Queue : 4749
2025-04-17 12:55:08,564 [10] INFO  Current Folder : 121744872478167_12_6_0_1
2025-04-17 12:55:08,591 [10] INFO  LPR direction: reverse, 0
2025-04-17 12:55:12,969 [10] INFO  Success, Captured Plate : S-18648 Dubai, Corrected Plate : S-18648 Dubai, Trans. ID : 121744872478167 Location : Golden Mile Galleria 1, Type: Plate Correction
2025-04-17 12:55:13,061 [10] INFO  Priority : 16030, User Count : 2, Queue : 4748
2025-04-17 12:55:13,088 [10] INFO  Current Folder : 121744872595131_12_6_0_1
2025-04-17 12:55:13,113 [10] INFO  LPR direction: reverse, 0
2025-04-17 12:55:13,486 [10] INFO  Data has been successfully saved on the portal.
2025-04-17 12:55:14,606 [10] INFO  Error FormatSearchGridColumns : Object reference not set to an instance of an object.
2025-04-17 12:55:17,221 [10] INFO  Success, Captured Plate : 13-20328 Abu Dhabi, Corrected Plate : 13-20328 Abu Dhabi, Trans. ID : 121744872595131 Location : Golden Mile Galleria 1, Type: Plate Correction
2025-04-17 12:55:17,470 [10] INFO  Priority : 16039, User Count : 2, Queue : 4748
2025-04-17 12:55:17,657 [10] INFO  Current Folder : 121744872646852_12_6_0_1
2025-04-17 12:55:17,688 [10] INFO  LPR direction: reverse, 0
2025-04-17 12:55:17,738 [10] INFO  Data has been successfully saved on the portal.
2025-04-17 12:55:20,338 [10] INFO  Success, Captured Plate : F-27780 Dubai, Corrected Plate : F-27780 Dubai, Trans. ID : 121744872646852 Location : Golden Mile Galleria 1, Type: Plate Correction
2025-04-17 12:55:20,517 [10] INFO  Priority : 16039, User Count : 2, Queue : 4747
2025-04-17 12:55:20,711 [10] INFO  Current Folder : 121744872730232_12_6_0_1
2025-04-17 12:55:20,740 [10] INFO  LPR direction: reverse, 0
2025-04-17 12:55:20,831 [10] INFO  Data has been successfully saved on the portal.
2025-04-22 11:10:41,199 [10] INFO  Priority : 16936, User Count : 1, Queue : 3160
2025-04-22 11:10:41,438 [10] INFO  Current Folder : 121745244274142_12_6_0_1
2025-04-22 11:10:41,612 [10] INFO  LPR direction: reverse, 0
2025-04-22 11:13:18,586 [11] INFO  Priority : 16937, User Count : 1, Queue : 3168
2025-04-22 11:13:18,823 [11] INFO  Current Folder : 121745244274142_12_6_0_1
2025-04-22 11:13:18,998 [11] INFO  LPR direction: reverse, 0
2025-04-23 12:17:01,438 [10] INFO  Priority : 17142, User Count : 1, Queue : 1976
2025-04-23 12:17:01,602 [10] INFO  Current Folder : 121745391719717_12_6_0_1
2025-04-23 12:17:01,766 [10] INFO  LPR direction: reverse, 0
2025-04-23 12:17:02,804 [10] INFO  Error FormatSearchGridColumns : Object reference not set to an instance of an object.
2025-04-23 15:49:25,512 [9] INFO  Priority : 17202, User Count : 1, Queue : 2245
2025-04-23 15:49:25,628 [9] INFO  Current Folder : 121745401516835_12_6_0_1
2025-04-23 15:49:25,806 [9] INFO  LPR direction: reverse, 0
2025-04-23 15:53:36,841 [9] INFO  Priority : 17204, User Count : 1, Queue : 2262
2025-04-23 15:53:36,989 [9] INFO  Current Folder : 121745401516835_12_6_0_1
2025-04-23 15:53:37,160 [9] INFO  LPR direction: reverse, 0
2025-04-23 15:59:06,065 [9] INFO  Priority : 17205, User Count : 1, Queue : 0
2025-04-23 15:59:06,089 [9] INFO  Invalid/Empty Current Folder
2025-04-23 15:59:08,156 [21] INFO  Priority : 17205, User Count : 1, Queue : 3
2025-04-23 15:59:08,188 [4] INFO  Current Folder : 1691745409527000_169_34_1_1
2025-04-23 15:59:08,289 [4] INFO  LPR direction: reverse, 1
2025-04-23 15:59:51,329 [10] INFO  Priority : 17207, User Count : 1, Queue : 3
2025-04-23 15:59:51,371 [10] INFO  Current Folder : 6301745409565040_630_114_0
2025-04-23 16:00:50,051 [16] INFO  Warning Plate ExitPlates, zohaib-17207 Plate : -  Trans. ID : 6231745409616420 Location : Sheikh Shakhbout Medical City
2025-04-23 16:00:50,105 [16] INFO  Warning Plate ExitPlates, zohaib-17207 Plate : -  Trans. ID : 6291745409619630 Location : Sheikh Shakhbout Medical City
2025-04-23 16:02:50,038 [24] INFO  Warning Plate ExitPlates, zohaib-17207 Plate : L-38 Dubai Trans. ID : 8311745409749213 Location : Palm Strip Mall
2025-04-23 16:02:50,064 [24] INFO  Warning Plate IgnoredAP, zohaib-17207 Plate : A-36831 Ajman Trans. ID : 8001745409739450 Location : Al Quoz Mall
2025-04-23 16:04:50,076 [21] INFO  Warning Plate ExitPlates, zohaib-17207 Plate : -  Trans. ID : 4621745409577941 Location : Office Park
2025-04-23 16:10:50,071 [22] INFO  Time-Out, System closing application
2025-04-24 11:27:43,473 [10] INFO  Priority : 17386, User Count : 2, Queue : 2832
2025-04-24 11:27:43,703 [10] INFO  Current Folder : 2551745424674297_255_54_1_1
2025-04-24 11:27:43,904 [10] INFO  LPR direction: reverse, 1
2025-04-24 11:28:15,942 [10] INFO  Priority : 17386, User Count : 2, Queue : 4258
2025-04-24 11:28:15,982 [10] INFO  Current Folder : 2551745424674297_255_54_1_1
2025-04-24 11:28:16,010 [10] INFO  LPR direction: reverse, 1
2025-04-24 11:28:21,791 [10] INFO  Priority : 17386, User Count : 2, Queue : 4259
2025-04-24 11:28:21,932 [10] INFO  Current Folder : 2551745424674297_255_54_1_1
2025-04-24 11:28:21,950 [10] INFO  LPR direction: reverse, 1
2025-04-24 11:28:23,703 [10] INFO  Priority : 17386, User Count : 2, Queue : 4259
2025-04-24 11:28:23,847 [10] INFO  Current Folder : 2551745424674297_255_54_1_1
2025-04-24 11:28:23,866 [10] INFO  LPR direction: reverse, 1
2025-04-24 11:28:43,950 [10] INFO  Priority : 17386, User Count : 2, Queue : 4260
2025-04-24 11:28:43,982 [10] INFO  Current Folder : 2551745424674297_255_54_1_1
2025-04-24 11:28:44,009 [10] INFO  LPR direction: reverse, 1
2025-04-24 11:28:57,874 [11] INFO  Priority : 17387, User Count : 6, Queue : 5
2025-04-24 11:28:57,918 [11] INFO  Current Folder : 1291745479712241_129_23_0_0
2025-04-24 11:29:06,154 [11] INFO  Priority : 17387, User Count : 6, Queue : 8
2025-04-24 11:29:06,164 [11] INFO  Current Folder : 171745479724245_17_7_0_1
2025-04-24 11:29:09,050 [11] INFO  Priority : 17387, User Count : 6, Queue : 7
2025-04-24 11:29:09,061 [11] INFO  Current Folder : 171745479724245_17_7_0_1
2025-04-24 18:10:57,643 [10] INFO  Priority : 17475, User Count : 1, Queue : 2186
2025-04-24 18:10:57,871 [10] INFO  Current Folder : 1311745499482586_131_24_0_1
2025-04-24 18:10:58,042 [10] INFO  ANPR direction: N/A, 0
2025-04-24 18:22:01,923 [9] INFO  Priority : 17477, User Count : 1, Queue : 2200
2025-04-24 18:22:02,108 [9] INFO  Current Folder : 1311745499482586_131_24_0_1
2025-04-24 18:22:02,294 [9] INFO  ANPR direction: N/A, 0
2025-04-25 17:51:56,705 [9] INFO  Priority : 17691, User Count : 1, Queue : 4855
2025-04-25 17:51:56,943 [9] INFO  Current Folder : 1311745588727542_131_24_0_1
2025-04-25 17:51:57,133 [9] INFO  ANPR direction: , 0
2025-04-25 17:54:01,770 [9] INFO  Priority : 17694, User Count : 1, Queue : 4864
2025-04-25 17:54:02,041 [9] INFO  Current Folder : 1311745588727542_131_24_0_1
2025-04-25 17:54:02,222 [9] INFO  ANPR direction: , 0
2025-04-25 17:59:46,302 [9] INFO  Priority : 17701, User Count : 2, Queue : 4880
2025-04-25 17:59:46,559 [9] INFO  Current Folder : 1821745588924169_182_36_0_1
2025-04-25 17:59:46,757 [9] INFO  ANPR direction: , 0
2025-04-25 18:05:44,411 [9] INFO  Priority : 17703, User Count : 2, Queue : 4889
2025-04-25 18:05:44,692 [9] INFO  Current Folder : 2271745517694743_227_43_1_1
2025-04-25 18:05:44,907 [9] INFO  ANPR direction: , 0
2025-04-25 18:10:03,752 [10] INFO  Priority : 17706, User Count : 3, Queue : 4896
2025-04-25 18:10:04,008 [10] INFO  Current Folder : 2271745517694743_227_43_1_1
2025-04-25 18:10:04,188 [10] INFO  ANPR direction: , 0
2025-04-25 18:14:22,509 [9] INFO  Priority : 17707, User Count : 3, Queue : 4899
2025-04-25 18:14:22,817 [9] INFO  Current Folder : 241745582843844_24_8_0_1
2025-04-25 18:14:22,988 [9] INFO  ANPR direction: , 0
2025-04-25 18:15:49,122 [10] INFO  Priority : 17709, User Count : 3, Queue : 4898
2025-04-25 18:15:49,380 [10] INFO  Current Folder : 241745582843844_24_8_0_1
2025-04-25 18:15:49,541 [10] INFO  ANPR direction: , 0
2025-04-25 18:17:13,381 [9] INFO  Priority : 17710, User Count : 3, Queue : 4901
2025-04-25 18:17:13,667 [9] INFO  Current Folder : 2421745518809244_242_44_0_1
2025-04-25 18:17:13,834 [9] INFO  ANPR direction: N/A, 0
2025-04-25 18:18:32,992 [9] INFO  Priority : 17712, User Count : 3, Queue : 4900
2025-04-25 18:18:33,242 [9] INFO  Current Folder : 2421745519066058_242_44_0_1
2025-04-25 18:18:33,433 [9] INFO  ANPR direction: , 0
2025-04-25 18:19:43,368 [9] INFO  Priority : 17714, User Count : 3, Queue : 4898
2025-04-25 18:19:43,608 [9] INFO  Current Folder : 2421745524841533_242_44_0_1
2025-04-25 18:19:43,799 [9] INFO  ANPR direction: , 0
2025-04-30 11:18:41,760 [10] INFO  Priority : 18688, User Count : 1, Queue : 2786
2025-04-30 11:18:41,906 [10] INFO  Current Folder : 1351745996599875_135_25_0_1
2025-04-30 11:18:42,075 [10] INFO  LPR direction: reverse, 1
2025-04-30 11:18:43,138 [10] INFO  Error FormatSearchGridColumns : Object reference not set to an instance of an object.
2025-04-30 11:18:47,004 [10] INFO  Error BindGrid : Object reference not set to an instance of an object.
2025-04-30 11:19:01,724 [10] INFO  Error btnClearAll_Click : Column named ids cannot be found.
Parameter name: columnName
2025-04-30 11:19:12,704 [10] INFO  Error btnClearAll_Click : Column named ids cannot be found.
Parameter name: columnName
2025-04-30 11:32:19,872 [9] INFO  Priority : 18694, User Count : 1, Queue : 2822
2025-04-30 11:32:20,021 [9] INFO  Current Folder : 1351745996599875_135_25_0_1
2025-04-30 11:32:20,182 [9] INFO  LPR direction: reverse, 1
2025-04-30 11:32:21,249 [9] INFO  Error FormatSearchGridColumns : Object reference not set to an instance of an object.
2025-04-30 11:34:24,965 [11] INFO  Priority : 18695, User Count : 1, Queue : 2825
2025-04-30 11:34:25,114 [11] INFO  Current Folder : 1351745996599875_135_25_0_1
2025-04-30 11:34:25,279 [11] INFO  LPR direction: reverse, 1
2025-04-30 11:34:26,337 [11] INFO  Error FormatSearchGridColumns : Object reference not set to an instance of an object.
2025-04-30 11:36:41,559 [9] INFO  Priority : 18697, User Count : 1, Queue : 2830
2025-04-30 11:36:41,728 [9] INFO  Current Folder : 1351745996599875_135_25_0_1
2025-04-30 11:36:41,890 [9] INFO  LPR direction: reverse, 1
2025-04-30 11:36:43,010 [9] INFO  Error FormatSearchGridColumns : Object reference not set to an instance of an object.
2025-04-30 12:33:18,343 [9] INFO  Priority : 18711, User Count : 1, Queue : 2989
2025-04-30 12:33:18,494 [9] INFO  Current Folder : 1351745999890047_135_25_0_1
2025-04-30 12:33:18,682 [9] INFO  ANPR direction: , 0
2025-04-30 12:37:58,736 [10] INFO  Priority : 18713, User Count : 1, Queue : 3007
2025-04-30 12:37:58,943 [10] INFO  Current Folder : 1351745999890047_135_25_0_1
2025-04-30 12:37:59,125 [10] INFO  ANPR direction: , 0
2025-04-30 12:38:56,678 [11] INFO  Priority : 18714, User Count : 1, Queue : 3007
2025-04-30 12:38:56,845 [11] INFO  Current Folder : 1351745999890047_135_25_0_1
2025-04-30 12:38:57,024 [11] INFO  ANPR direction: , 0
2025-04-30 12:40:03,448 [9] INFO  Priority : 18715, User Count : 1, Queue : 3009
2025-04-30 12:40:03,631 [9] INFO  Current Folder : 1351745999890047_135_25_0_1
2025-04-30 12:40:03,809 [9] INFO  ANPR direction: , 0
2025-04-30 12:40:55,673 [11] INFO  Priority : 18716, User Count : 1, Queue : 3012
2025-04-30 12:40:55,830 [11] INFO  Current Folder : 1351745999890047_135_25_0_1
2025-04-30 12:40:56,014 [11] INFO  ANPR direction: , 0
2025-04-30 12:41:30,313 [11] INFO  Priority : 18717, User Count : 1, Queue : 3012
2025-04-30 12:41:30,462 [11] INFO  Current Folder : 1351745999890047_135_25_0_1
2025-04-30 12:41:30,643 [11] INFO  ANPR direction: , 0
2025-04-30 12:43:42,216 [9] INFO  Priority : 18718, User Count : 1, Queue : 3014
2025-04-30 12:43:42,380 [9] INFO  Current Folder : 1351745999890047_135_25_0_1
2025-04-30 12:43:42,561 [9] INFO  ANPR direction: , 0
2025-04-30 12:44:23,604 [9] INFO  Priority : 18719, User Count : 2, Queue : 3015
2025-04-30 12:44:23,816 [9] INFO  Current Folder : 1351745999890047_135_25_0_1
2025-04-30 12:44:23,993 [9] INFO  ANPR direction: , 0
2025-04-30 12:44:47,084 [11] INFO  Priority : 18719, User Count : 2, Queue : 3015
2025-04-30 12:44:47,232 [11] INFO  Current Folder : 1351745999890047_135_25_0_1
2025-04-30 12:44:47,413 [11] INFO  ANPR direction: , 0
2025-04-30 12:45:08,475 [10] INFO  Priority : 18719, User Count : 2, Queue : 3015
2025-04-30 12:45:08,628 [10] INFO  Current Folder : 1351745999890047_135_25_0_1
2025-04-30 12:45:08,804 [10] INFO  ANPR direction: , 0
2025-04-30 15:42:50,541 [9] INFO  Priority : 18783, User Count : 2, Queue : 3160
2025-04-30 15:42:50,697 [9] INFO  Current Folder : 7541746003306091_754_130_1_1
2025-04-30 15:42:50,891 [9] INFO  ANPR direction: , 0
2025-04-30 15:44:04,357 [11] INFO  Priority : 18785, User Count : 2, Queue : 3162
2025-04-30 15:44:04,514 [11] INFO  Current Folder : 5221746013384863_522_100_0_1
2025-04-30 15:44:04,689 [11] INFO  ANPR direction: , 0
2025-04-30 15:47:15,282 [8] INFO  Priority : 18788, User Count : 2, Queue : 3163
2025-04-30 15:47:15,460 [8] INFO  Current Folder : 5221746013384863_522_100_0_1
2025-04-30 15:47:15,616 [8] INFO  ANPR direction: , 0
2025-04-30 15:48:15,173 [8] INFO  Error BindGrid : You have an error in your SQL syntax; check the manual that corresponds to your MySQL server version for the right syntax to use near ') 
                GROUP BY accesspoint_id,EventTime
                HAVING CO' at line 6
2025-04-30 15:49:37,995 [10] INFO  Priority : 18789, User Count : 2, Queue : 3157
2025-04-30 15:49:38,162 [10] INFO  Current Folder : 7611745989309378_761_130_0_1
2025-04-30 15:49:38,353 [10] INFO  ANPR direction: , 0
2025-04-30 15:49:39,436 [10] INFO  Error FormatSearchGridColumns : Object reference not set to an instance of an object.
2025-04-30 15:53:37,981 [10] INFO  Priority : 18790, User Count : 2, Queue : 3154
2025-04-30 15:53:38,132 [10] INFO  Current Folder : 7611746002907900_761_130_0_1
2025-04-30 15:53:38,316 [10] INFO  ANPR direction: , 0
2025-04-30 16:04:07,361 [9] INFO  Priority : 18798, User Count : 2, Queue : 3145
2025-04-30 16:04:07,514 [9] INFO  Current Folder : 7711745957146957_771_138_0_1
2025-04-30 16:27:49,316 [9] INFO  Priority : 18806, User Count : 3, Queue : 3140
2025-04-30 16:27:49,466 [9] INFO  Current Folder : 7951746015843283_795_144_1_1
2025-04-30 16:27:49,636 [9] INFO  LPR direction: forward, 1
2025-04-30 16:34:40,826 [10] INFO  Priority : 18809, User Count : 3, Queue : 3128
2025-04-30 16:34:40,971 [10] INFO  Current Folder : 7991745983236933_799_144_1_1
2025-04-30 16:34:41,140 [10] INFO  ANPR direction: , 0
2025-04-30 16:35:41,319 [9] INFO  Priority : 18810, User Count : 3, Queue : 3129
2025-04-30 16:35:41,478 [9] INFO  Current Folder : 7991745997182593_799_144_1_1
2025-04-30 16:35:41,669 [9] INFO  ANPR direction: , 0
2025-04-30 16:37:54,367 [9] INFO  Priority : 18811, User Count : 3, Queue : 3137
2025-04-30 16:37:54,534 [9] INFO  Current Folder : 2221746016616558_222_43_0_1
2025-04-30 16:37:54,731 [9] INFO  ANPR direction: , 0
2025-04-30 16:45:35,768 [10] INFO  Priority : 18816, User Count : 3, Queue : 3088
2025-04-30 16:45:35,988 [10] INFO  Current Folder : 1611745957462443_161_32_0
2025-04-30 16:58:44,556 [9] INFO  Priority : 18818, User Count : 2, Queue : 2961
2025-04-30 16:58:44,706 [9] INFO  Current Folder : 3801746017849854_380_65_0_1
2025-04-30 16:58:44,920 [9] INFO  ANPR direction: , 0
2025-04-30 17:04:24,407 [10] INFO  Priority : 18821, User Count : 2, Queue : 2972
2025-04-30 17:04:24,577 [10] INFO  Current Folder : 7541746017923631_754_130_1_1
2025-04-30 17:04:24,774 [10] INFO  ANPR direction: , 0
2025-04-30 17:06:54,727 [10] INFO  Priority : 18822, User Count : 2, Queue : 2973
2025-04-30 17:06:54,884 [10] INFO  Current Folder : 2221746018360455_222_43_0_1
2025-04-30 17:06:55,062 [10] INFO  ANPR direction: , 0
2025-04-30 17:06:56,132 [10] INFO  Error FormatSearchGridColumns : Object reference not set to an instance of an object.
2025-05-01 17:37:38,027 [10] INFO  Priority : 19065, User Count : 5, Queue : 6
2025-05-01 17:37:38,066 [10] INFO  Current Folder : 2781746106603754_278_50_0
2025-05-01 17:41:50,687 [9] INFO  Priority : 19073, User Count : 7, Queue : 3
2025-05-01 17:41:50,711 [9] INFO  Invalid/Empty Current Folder
2025-05-01 17:41:52,742 [18] INFO  Priority : 19073, User Count : 7, Queue : 5
2025-05-01 17:41:52,754 [16] INFO  Current Folder : 7831746106887097_783_140_0_1
2025-05-01 17:41:52,813 [16] INFO  LPR direction: reverse, 1
2025-05-01 17:41:56,288 [9] INFO  Priority : 19071, User Count : 7, Queue : 6
2025-05-01 17:41:56,289 [9] INFO  Priority is for the loginID : 19071, current user loginID: 19073
2025-05-01 17:41:58,301 [11] INFO  Priority : 19073, User Count : 7, Queue : 7
2025-05-01 17:41:58,317 [17] INFO  Current Folder : 6201746106897253_620_114_0
2025-05-01 17:41:58,946 [16] INFO  BindRecentPlatesGrid Error: Cross-thread operation not valid: Control 'gcRecentPlates' accessed from a thread other than the thread it was created on.
2025-05-02 15:59:43,692 [9] INFO  Priority : 19276, User Count : 10, Queue : 1
2025-05-02 15:59:43,733 [9] INFO  Current Folder : 221746186498530_22_8_0_1
2025-05-02 15:59:43,902 [9] INFO  ANPR direction: , 0
2025-05-02 15:59:44,960 [9] INFO  Error FormatSearchGridColumns : Object reference not set to an instance of an object.
2025-05-02 16:00:37,951 [9] INFO  Priority : 19273, User Count : 8, Queue : 1
2025-05-02 16:00:37,952 [9] INFO  Priority is for the loginID : 19273, current user loginID: 19276
2025-05-02 16:00:39,973 [24] INFO  Priority : 19275, User Count : 8, Queue : 1
2025-05-02 16:00:39,974 [24] INFO  Priority is for the loginID : 19275, current user loginID: 19276
2025-05-02 16:00:41,312 [9] INFO  Priority : 19276, User Count : 8, Queue : 1
2025-05-02 16:00:41,322 [9] INFO  Current Folder : 221746186498530_22_8_0_1
2025-05-02 16:00:41,335 [9] INFO  ANPR direction: , 0
2025-05-02 16:00:41,764 [9] INFO  Error FormatSearchGridColumns : Object reference not set to an instance of an object.
2025-05-02 16:00:42,067 [9] INFO  Priority : 19267, User Count : 8, Queue : 1
2025-05-02 16:00:42,067 [9] INFO  Priority is for the loginID : 19267, current user loginID: 19276
2025-05-02 16:00:42,974 [9] INFO  Priority : 19267, User Count : 8, Queue : 1
2025-05-02 16:00:42,975 [9] INFO  Priority is for the loginID : 19267, current user loginID: 19276
2025-05-02 16:00:43,909 [9] INFO  Priority : 19276, User Count : 8, Queue : 1
2025-05-02 16:00:43,924 [9] INFO  Current Folder : 221746186498530_22_8_0_1
2025-05-02 16:00:43,937 [9] INFO  ANPR direction: , 0
2025-05-02 16:00:44,295 [9] INFO  Error FormatSearchGridColumns : Object reference not set to an instance of an object.
2025-05-02 16:00:44,614 [9] INFO  Priority : 19276, User Count : 8, Queue : 1
2025-05-02 16:00:44,626 [9] INFO  Current Folder : 221746186498530_22_8_0_1
2025-05-02 16:00:44,640 [9] INFO  ANPR direction: , 0
2025-05-02 16:00:45,012 [9] INFO  Error FormatSearchGridColumns : Object reference not set to an instance of an object.
2025-05-02 16:00:47,202 [9] INFO  Priority : 19276, User Count : 8, Queue : 1
2025-05-02 16:00:47,215 [9] INFO  Current Folder : 221746186498530_22_8_0_1
2025-05-02 16:00:47,226 [9] INFO  ANPR direction: , 0
2025-05-02 16:00:47,580 [9] INFO  Error FormatSearchGridColumns : Object reference not set to an instance of an object.
2025-05-02 16:01:16,685 [9] INFO  Priority : 19276, User Count : 7, Queue : 1
2025-05-02 16:01:16,716 [9] INFO  Current Folder : 221746186498530_22_8_0_1
2025-05-02 16:01:16,729 [9] INFO  ANPR direction: , 0
2025-05-02 16:01:17,086 [9] INFO  Error FormatSearchGridColumns : Object reference not set to an instance of an object.
2025-05-02 16:01:17,994 [9] INFO  Priority : 19276, User Count : 7, Queue : 1
2025-05-02 16:01:18,011 [9] INFO  Current Folder : 221746186498530_22_8_0_1
2025-05-02 16:01:18,029 [9] INFO  ANPR direction: , 0
2025-05-02 16:01:18,387 [9] INFO  Error FormatSearchGridColumns : Object reference not set to an instance of an object.
2025-05-02 16:01:19,106 [9] INFO  Priority : 19276, User Count : 7, Queue : 1
2025-05-02 16:01:19,118 [9] INFO  Current Folder : 221746186498530_22_8_0_1
2025-05-02 16:01:19,133 [9] INFO  ANPR direction: , 0
2025-05-02 16:01:19,490 [9] INFO  Error FormatSearchGridColumns : Object reference not set to an instance of an object.
2025-05-02 16:01:20,238 [9] INFO  Priority : 19276, User Count : 7, Queue : 1
2025-05-02 16:01:20,251 [9] INFO  Current Folder : 221746186498530_22_8_0_1
2025-05-02 16:01:20,263 [9] INFO  ANPR direction: , 0
2025-05-02 16:01:20,614 [9] INFO  Error FormatSearchGridColumns : Object reference not set to an instance of an object.
2025-05-02 16:01:22,776 [9] INFO  Priority : 19263, User Count : 7, Queue : 1
2025-05-02 16:01:22,776 [9] INFO  Priority is for the loginID : 19263, current user loginID: 19276
2025-05-02 16:01:24,793 [34] INFO  Priority : 19276, User Count : 7, Queue : 1
2025-05-02 16:01:24,804 [32] INFO  Current Folder : 221746186498530_22_8_0_1
2025-05-02 16:01:24,819 [32] INFO  ANPR direction: , 0
2025-05-02 16:01:24,963 [32] INFO  BindRecentPlatesGrid Error: Cross-thread operation not valid: Control 'gcRecentPlates' accessed from a thread other than the thread it was created on.
2025-05-02 16:01:24,983 [9] INFO  Priority : 19276, User Count : 7, Queue : 1
2025-05-02 16:01:24,995 [9] INFO  Current Folder : 221746186498530_22_8_0_1
2025-05-02 16:01:25,013 [9] INFO  ANPR direction: , 0
2025-05-02 16:01:25,376 [9] INFO  Error FormatSearchGridColumns : Object reference not set to an instance of an object.
2025-05-02 16:01:25,919 [9] INFO  Priority : 19276, User Count : 7, Queue : 1
2025-05-02 16:01:25,933 [9] INFO  Current Folder : 221746186498530_22_8_0_1
2025-05-02 16:01:25,952 [9] INFO  ANPR direction: , 0
2025-05-02 16:01:26,310 [9] INFO  Error FormatSearchGridColumns : Object reference not set to an instance of an object.
2025-05-02 16:01:26,870 [9] INFO  Priority : 19276, User Count : 7, Queue : 1
2025-05-02 16:01:26,884 [9] INFO  Current Folder : 221746186498530_22_8_0_1
2025-05-02 16:01:26,896 [9] INFO  ANPR direction: , 0
2025-05-02 16:01:27,260 [9] INFO  Error FormatSearchGridColumns : Object reference not set to an instance of an object.
2025-05-02 16:01:27,953 [9] INFO  Priority : 19276, User Count : 7, Queue : 1
2025-05-02 16:01:27,961 [9] INFO  Current Folder : 221746186498530_22_8_0_1
2025-05-02 16:01:27,973 [9] INFO  ANPR direction: , 0
2025-05-02 16:01:28,328 [9] INFO  Error FormatSearchGridColumns : Object reference not set to an instance of an object.
2025-05-02 16:01:29,223 [9] INFO  Priority : 19276, User Count : 7, Queue : 1
2025-05-02 16:01:29,235 [9] INFO  Current Folder : 221746186498530_22_8_0_1
2025-05-02 16:01:29,248 [9] INFO  ANPR direction: , 0
2025-05-02 16:01:29,618 [9] INFO  Error FormatSearchGridColumns : Object reference not set to an instance of an object.
2025-05-02 16:01:30,219 [9] INFO  Priority : 19276, User Count : 7, Queue : 1
2025-05-02 16:01:30,234 [9] INFO  Current Folder : 221746186498530_22_8_0_1
2025-05-02 16:01:30,249 [9] INFO  ANPR direction: , 0
2025-05-02 16:01:30,612 [9] INFO  Error FormatSearchGridColumns : Object reference not set to an instance of an object.
2025-05-02 16:01:31,464 [9] INFO  Priority : 19276, User Count : 7, Queue : 1
2025-05-02 16:01:31,474 [9] INFO  Current Folder : 221746186498530_22_8_0_1
2025-05-02 16:01:31,491 [9] INFO  ANPR direction: , 0
2025-05-02 16:01:31,848 [9] INFO  Error FormatSearchGridColumns : Object reference not set to an instance of an object.
2025-05-02 16:01:32,615 [9] INFO  Priority : 19276, User Count : 7, Queue : 1
2025-05-02 16:01:32,629 [9] INFO  Current Folder : 221746186498530_22_8_0_1
2025-05-02 16:01:32,656 [9] INFO  ANPR direction: , 0
2025-05-02 16:01:33,019 [9] INFO  Error FormatSearchGridColumns : Object reference not set to an instance of an object.
2025-05-02 16:01:33,651 [9] INFO  Priority : 19276, User Count : 7, Queue : 1
2025-05-02 16:01:33,671 [9] INFO  Current Folder : 221746186498530_22_8_0_1
2025-05-02 16:01:33,684 [9] INFO  ANPR direction: , 0
2025-05-02 16:01:34,039 [9] INFO  Error FormatSearchGridColumns : Object reference not set to an instance of an object.
2025-05-02 16:01:34,744 [9] INFO  Priority : 19276, User Count : 7, Queue : 1
2025-05-02 16:01:34,752 [9] INFO  Current Folder : 221746186498530_22_8_0_1
2025-05-02 16:01:34,765 [9] INFO  ANPR direction: , 0
2025-05-02 16:01:35,121 [9] INFO  Error FormatSearchGridColumns : Object reference not set to an instance of an object.
2025-05-02 16:01:36,057 [9] INFO  Priority : 19276, User Count : 7, Queue : 1
2025-05-02 16:01:36,066 [9] INFO  Current Folder : 221746186498530_22_8_0_1
2025-05-02 16:01:36,079 [9] INFO  ANPR direction: , 0
2025-05-02 16:01:36,440 [9] INFO  Error FormatSearchGridColumns : Object reference not set to an instance of an object.
2025-05-02 16:01:37,337 [9] INFO  Priority : 19276, User Count : 7, Queue : 1
2025-05-02 16:01:37,351 [9] INFO  Current Folder : 221746186498530_22_8_0_1
2025-05-02 16:01:37,369 [9] INFO  ANPR direction: , 0
2025-05-02 16:01:37,738 [9] INFO  Error FormatSearchGridColumns : Object reference not set to an instance of an object.
2025-05-02 16:01:38,527 [9] INFO  Priority : 19276, User Count : 7, Queue : 1
2025-05-02 16:01:38,536 [9] INFO  Current Folder : 221746186498530_22_8_0_1
2025-05-02 16:01:38,552 [9] INFO  ANPR direction: , 0
2025-05-02 16:01:38,909 [9] INFO  Error FormatSearchGridColumns : Object reference not set to an instance of an object.
2025-05-02 16:01:39,658 [9] INFO  Priority : 19263, User Count : 7, Queue : 1
2025-05-02 16:01:39,660 [9] INFO  Priority is for the loginID : 19263, current user loginID: 19276
2025-05-02 16:01:41,425 [9] INFO  Priority : 19276, User Count : 7, Queue : 1
2025-05-02 16:01:41,437 [9] INFO  Current Folder : 221746186498530_22_8_0_1
2025-05-02 16:01:41,448 [9] INFO  ANPR direction: , 0
2025-05-02 16:01:41,806 [9] INFO  Error FormatSearchGridColumns : Object reference not set to an instance of an object.
2025-05-02 16:01:42,542 [9] INFO  Priority : 19276, User Count : 7, Queue : 1
2025-05-02 16:01:42,551 [9] INFO  Current Folder : 221746186498530_22_8_0_1
2025-05-02 16:01:42,563 [9] INFO  ANPR direction: , 0
2025-05-02 16:01:42,936 [9] INFO  Error FormatSearchGridColumns : Object reference not set to an instance of an object.
2025-05-02 16:01:43,579 [9] INFO  Priority : 19267, User Count : 7, Queue : 1
2025-05-02 16:01:43,580 [9] INFO  Priority is for the loginID : 19267, current user loginID: 19276
2025-05-02 16:01:44,712 [9] INFO  Priority : 19276, User Count : 7, Queue : 1
2025-05-02 16:01:44,720 [9] INFO  Current Folder : 221746186498530_22_8_0_1
2025-05-02 16:01:44,735 [9] INFO  ANPR direction: , 0
2025-05-02 16:01:45,097 [9] INFO  Error FormatSearchGridColumns : Object reference not set to an instance of an object.
2025-05-02 16:01:45,747 [9] INFO  Priority : 19276, User Count : 7, Queue : 1
2025-05-02 16:01:45,760 [9] INFO  Current Folder : 221746186498530_22_8_0_1
2025-05-02 16:01:45,775 [9] INFO  ANPR direction: , 0
2025-05-02 16:01:46,136 [9] INFO  Error FormatSearchGridColumns : Object reference not set to an instance of an object.
2025-05-02 16:01:46,770 [9] INFO  Priority : 19276, User Count : 7, Queue : 1
2025-05-02 16:01:46,784 [9] INFO  Current Folder : 221746186498530_22_8_0_1
2025-05-02 16:01:46,796 [9] INFO  ANPR direction: , 0
2025-05-02 16:01:47,173 [9] INFO  Error FormatSearchGridColumns : Object reference not set to an instance of an object.
2025-05-02 16:01:47,791 [9] INFO  Priority : 19276, User Count : 7, Queue : 1
2025-05-02 16:01:47,799 [9] INFO  Current Folder : 221746186498530_22_8_0_1
2025-05-02 16:01:47,814 [9] INFO  ANPR direction: , 0
2025-05-02 16:01:48,187 [9] INFO  Error FormatSearchGridColumns : Object reference not set to an instance of an object.
2025-05-02 16:01:48,789 [9] INFO  Priority : 19276, User Count : 7, Queue : 1
2025-05-02 16:01:48,800 [9] INFO  Current Folder : 221746186498530_22_8_0_1
2025-05-02 16:01:48,810 [9] INFO  ANPR direction: , 0
2025-05-02 16:01:49,188 [9] INFO  Error FormatSearchGridColumns : Object reference not set to an instance of an object.
2025-05-02 16:01:49,751 [9] INFO  Priority : 19276, User Count : 7, Queue : 1
2025-05-02 16:01:49,766 [9] INFO  Current Folder : 221746186498530_22_8_0_1
2025-05-02 16:01:49,781 [9] INFO  ANPR direction: , 0
2025-05-02 16:01:50,146 [9] INFO  Error FormatSearchGridColumns : Object reference not set to an instance of an object.
2025-05-02 16:01:51,070 [9] INFO  Priority : 19276, User Count : 7, Queue : 1
2025-05-02 16:01:51,080 [9] INFO  Current Folder : 221746186498530_22_8_0_1
2025-05-02 16:01:51,097 [9] INFO  ANPR direction: , 0
2025-05-02 16:01:51,470 [9] INFO  Error FormatSearchGridColumns : Object reference not set to an instance of an object.
2025-05-02 16:01:52,002 [9] INFO  Priority : 19276, User Count : 7, Queue : 1
2025-05-02 16:01:52,012 [9] INFO  Current Folder : 221746186498530_22_8_0_1
2025-05-02 16:01:52,028 [9] INFO  ANPR direction: , 0
2025-05-02 16:01:52,396 [9] INFO  Error FormatSearchGridColumns : Object reference not set to an instance of an object.
2025-05-02 16:01:52,928 [9] INFO  Priority : 19276, User Count : 7, Queue : 1
2025-05-02 16:01:52,939 [9] INFO  Current Folder : 221746186498530_22_8_0_1
2025-05-02 16:01:52,954 [9] INFO  ANPR direction: , 0
2025-05-02 16:01:53,317 [9] INFO  Error FormatSearchGridColumns : Object reference not set to an instance of an object.
2025-05-02 16:01:53,776 [9] INFO  Priority : 19276, User Count : 7, Queue : 1
2025-05-02 16:01:53,785 [9] INFO  Current Folder : 221746186498530_22_8_0_1
2025-05-02 16:01:53,798 [9] INFO  ANPR direction: , 0
2025-05-02 16:01:54,157 [9] INFO  Error FormatSearchGridColumns : Object reference not set to an instance of an object.
2025-05-02 16:01:54,680 [9] INFO  Priority : 19276, User Count : 7, Queue : 1
2025-05-02 16:01:54,688 [9] INFO  Current Folder : 221746186498530_22_8_0_1
2025-05-02 16:01:54,701 [9] INFO  ANPR direction: , 0
2025-05-02 16:01:55,086 [9] INFO  Error FormatSearchGridColumns : Object reference not set to an instance of an object.
2025-05-02 16:01:55,543 [9] INFO  Priority : 19276, User Count : 7, Queue : 1
2025-05-02 16:01:55,553 [9] INFO  Current Folder : 221746186498530_22_8_0_1
2025-05-02 16:01:55,565 [9] INFO  ANPR direction: , 0
2025-05-02 16:01:55,928 [9] INFO  Error FormatSearchGridColumns : Object reference not set to an instance of an object.
2025-05-02 16:01:56,348 [9] INFO  Priority : 19276, User Count : 7, Queue : 1
2025-05-02 16:01:56,371 [9] INFO  Current Folder : 221746186498530_22_8_0_1
2025-05-02 16:01:56,385 [9] INFO  ANPR direction: , 0
2025-05-02 16:01:56,763 [9] INFO  Error FormatSearchGridColumns : Object reference not set to an instance of an object.
2025-05-02 16:01:57,175 [9] INFO  Priority : 19276, User Count : 7, Queue : 1
2025-05-02 16:01:57,187 [9] INFO  Current Folder : 221746186498530_22_8_0_1
2025-05-02 16:01:57,201 [9] INFO  ANPR direction: , 0
2025-05-02 16:01:57,575 [9] INFO  Error FormatSearchGridColumns : Object reference not set to an instance of an object.
2025-05-02 16:01:58,077 [9] INFO  Priority : 19271, User Count : 7, Queue : 1
2025-05-02 16:01:58,078 [9] INFO  Priority is for the loginID : 19271, current user loginID: 19276
2025-05-02 16:01:58,872 [9] INFO  Priority : 19271, User Count : 7, Queue : 1
2025-05-02 16:01:58,873 [9] INFO  Priority is for the loginID : 19271, current user loginID: 19276
2025-05-02 16:01:59,560 [9] INFO  Priority : 19271, User Count : 7, Queue : 1
2025-05-02 16:01:59,564 [9] INFO  Priority is for the loginID : 19271, current user loginID: 19276
2025-05-02 16:02:00,091 [35] INFO  Priority : 19276, User Count : 7, Queue : 1
2025-05-02 16:02:00,101 [36] INFO  Current Folder : 221746186498530_22_8_0_1
2025-05-02 16:02:00,119 [36] INFO  ANPR direction: , 0
2025-05-02 16:02:00,251 [36] INFO  BindRecentPlatesGrid Error: Cross-thread operation not valid: Control 'gcRecentPlates' accessed from a thread other than the thread it was created on.
2025-05-02 16:02:00,816 [9] INFO  Priority : 19276, User Count : 7, Queue : 1
2025-05-02 16:02:00,837 [9] INFO  Current Folder : 221746186498530_22_8_0_1
2025-05-02 16:02:00,862 [9] INFO  ANPR direction: , 0
2025-05-02 16:02:01,256 [9] INFO  Error FormatSearchGridColumns : Object reference not set to an instance of an object.
2025-05-02 16:02:01,914 [9] INFO  Priority : 19276, User Count : 7, Queue : 1
2025-05-02 16:02:01,922 [9] INFO  Current Folder : 221746186498530_22_8_0_1
2025-05-02 16:02:01,940 [9] INFO  ANPR direction: , 0
2025-05-02 16:02:02,315 [9] INFO  Error FormatSearchGridColumns : Object reference not set to an instance of an object.
2025-05-02 16:02:02,995 [9] INFO  Priority : 19271, User Count : 7, Queue : 1
2025-05-02 16:02:02,996 [9] INFO  Priority is for the loginID : 19271, current user loginID: 19276
2025-05-02 16:02:04,145 [9] INFO  Priority : 19276, User Count : 7, Queue : 1
2025-05-02 16:02:04,152 [9] INFO  Current Folder : 221746186498530_22_8_0_1
2025-05-02 16:02:04,163 [9] INFO  ANPR direction: , 0
2025-05-02 16:02:04,535 [9] INFO  Error FormatSearchGridColumns : Object reference not set to an instance of an object.
2025-05-02 16:02:05,282 [9] INFO  Priority : 19276, User Count : 7, Queue : 1
2025-05-02 16:02:05,290 [9] INFO  Current Folder : 221746186498530_22_8_0_1
2025-05-02 16:02:05,303 [9] INFO  ANPR direction: , 0
2025-05-02 16:02:05,675 [9] INFO  Error FormatSearchGridColumns : Object reference not set to an instance of an object.
2025-05-02 16:02:06,988 [9] INFO  Priority : 19276, User Count : 7, Queue : 1
2025-05-02 16:02:06,999 [9] INFO  Current Folder : 221746186498530_22_8_0_1
2025-05-02 16:02:07,010 [9] INFO  ANPR direction: , 0
2025-05-02 16:02:07,386 [9] INFO  Error FormatSearchGridColumns : Object reference not set to an instance of an object.
2025-05-02 16:02:08,119 [9] INFO  Priority : 19276, User Count : 7, Queue : 1
2025-05-02 16:02:08,130 [9] INFO  Current Folder : 221746186498530_22_8_0_1
2025-05-02 16:02:08,143 [9] INFO  ANPR direction: , 0
2025-05-02 16:02:08,515 [9] INFO  Error FormatSearchGridColumns : Object reference not set to an instance of an object.
2025-05-02 16:02:09,153 [9] INFO  Priority : 19276, User Count : 7, Queue : 1
2025-05-02 16:02:09,167 [9] INFO  Current Folder : 221746186498530_22_8_0_1
2025-05-02 16:02:09,183 [9] INFO  ANPR direction: , 0
2025-05-02 16:02:09,563 [9] INFO  Error FormatSearchGridColumns : Object reference not set to an instance of an object.
2025-05-02 16:02:10,218 [9] INFO  Priority : 19276, User Count : 7, Queue : 1
2025-05-02 16:02:10,240 [9] INFO  Current Folder : 221746186498530_22_8_0_1
2025-05-02 16:02:10,254 [9] INFO  ANPR direction: , 0
2025-05-02 16:02:10,635 [9] INFO  Error FormatSearchGridColumns : Object reference not set to an instance of an object.
2025-05-02 16:02:11,313 [9] INFO  Priority : 19276, User Count : 7, Queue : 1
2025-05-02 16:02:11,321 [9] INFO  Current Folder : 221746186498530_22_8_0_1
2025-05-02 16:02:11,333 [9] INFO  ANPR direction: , 0
2025-05-02 16:02:11,709 [9] INFO  Error FormatSearchGridColumns : Object reference not set to an instance of an object.
2025-05-02 16:02:12,530 [9] INFO  Priority : 19276, User Count : 7, Queue : 1
2025-05-02 16:02:12,541 [9] INFO  Current Folder : 221746186498530_22_8_0_1
2025-05-02 16:02:12,554 [9] INFO  ANPR direction: , 0
2025-05-02 16:02:12,949 [9] INFO  Error FormatSearchGridColumns : Object reference not set to an instance of an object.
2025-05-02 16:02:13,625 [9] INFO  Priority : 19276, User Count : 7, Queue : 1
2025-05-02 16:02:13,641 [9] INFO  Current Folder : 221746186498530_22_8_0_1
2025-05-02 16:02:13,654 [9] INFO  ANPR direction: , 0
2025-05-02 16:02:14,032 [9] INFO  Error FormatSearchGridColumns : Object reference not set to an instance of an object.
2025-05-02 16:02:14,826 [9] INFO  Priority : 19276, User Count : 7, Queue : 1
2025-05-02 16:02:14,833 [9] INFO  Current Folder : 221746186498530_22_8_0_1
2025-05-02 16:02:14,854 [9] INFO  ANPR direction: , 0
2025-05-02 16:02:15,236 [9] INFO  Error FormatSearchGridColumns : Object reference not set to an instance of an object.
2025-05-02 16:02:15,881 [9] INFO  Priority : 19276, User Count : 7, Queue : 1
2025-05-02 16:02:15,889 [9] INFO  Current Folder : 221746186498530_22_8_0_1
2025-05-02 16:02:15,906 [9] INFO  ANPR direction: , 0
2025-05-02 16:02:16,278 [9] INFO  Error FormatSearchGridColumns : Object reference not set to an instance of an object.
2025-05-02 16:02:16,838 [9] INFO  Priority : 19276, User Count : 7, Queue : 1
2025-05-02 16:02:16,848 [9] INFO  Current Folder : 221746186498530_22_8_0_1
2025-05-02 16:02:16,861 [9] INFO  ANPR direction: , 0
2025-05-02 16:02:17,261 [9] INFO  Error FormatSearchGridColumns : Object reference not set to an instance of an object.
2025-05-02 16:02:17,911 [9] INFO  Priority : 19276, User Count : 7, Queue : 1
2025-05-02 16:02:17,921 [9] INFO  Current Folder : 221746186498530_22_8_0_1
2025-05-02 16:02:17,934 [9] INFO  ANPR direction: , 0
2025-05-02 16:02:18,310 [9] INFO  Error FormatSearchGridColumns : Object reference not set to an instance of an object.
2025-05-02 16:02:18,980 [9] INFO  Priority : 19276, User Count : 7, Queue : 1
2025-05-02 16:02:18,990 [9] INFO  Current Folder : 221746186498530_22_8_0_1
2025-05-02 16:02:19,005 [9] INFO  ANPR direction: , 0
2025-05-02 16:02:19,370 [9] INFO  Error FormatSearchGridColumns : Object reference not set to an instance of an object.
2025-05-02 16:02:20,012 [9] INFO  Priority : 19276, User Count : 7, Queue : 1
2025-05-02 16:02:20,031 [9] INFO  Current Folder : 221746186498530_22_8_0_1
2025-05-02 16:02:20,058 [9] INFO  ANPR direction: , 0
2025-05-02 16:02:20,425 [9] INFO  Error FormatSearchGridColumns : Object reference not set to an instance of an object.
2025-05-02 16:02:21,212 [9] INFO  Priority : 19276, User Count : 7, Queue : 1
2025-05-02 16:02:21,221 [9] INFO  Current Folder : 221746186498530_22_8_0_1
2025-05-02 16:02:21,236 [9] INFO  ANPR direction: , 0
2025-05-02 16:02:21,604 [9] INFO  Error FormatSearchGridColumns : Object reference not set to an instance of an object.
2025-05-02 16:02:22,356 [9] INFO  Priority : 19276, User Count : 7, Queue : 1
2025-05-02 16:02:22,366 [9] INFO  Current Folder : 221746186498530_22_8_0_1
2025-05-02 16:02:22,400 [9] INFO  ANPR direction: , 0
2025-05-02 16:02:22,770 [9] INFO  Error FormatSearchGridColumns : Object reference not set to an instance of an object.
2025-05-02 16:02:23,899 [9] INFO  Priority : 19276, User Count : 7, Queue : 1
2025-05-02 16:02:23,906 [9] INFO  Current Folder : 221746186498530_22_8_0_1
2025-05-02 16:02:23,921 [9] INFO  ANPR direction: , 0
2025-05-02 16:02:24,290 [9] INFO  Error FormatSearchGridColumns : Object reference not set to an instance of an object.
2025-05-02 16:02:24,913 [9] INFO  Priority : 19276, User Count : 7, Queue : 1
2025-05-02 16:02:24,920 [9] INFO  Current Folder : 221746186498530_22_8_0_1
2025-05-02 16:02:24,932 [9] INFO  ANPR direction: , 0
2025-05-02 16:02:25,305 [9] INFO  Error FormatSearchGridColumns : Object reference not set to an instance of an object.
2025-05-02 16:02:26,089 [9] INFO  Priority : 19276, User Count : 7, Queue : 1
2025-05-02 16:02:26,098 [9] INFO  Current Folder : 221746186498530_22_8_0_1
2025-05-02 16:02:26,112 [9] INFO  ANPR direction: , 0
2025-05-02 16:02:26,479 [9] INFO  Error FormatSearchGridColumns : Object reference not set to an instance of an object.
2025-05-02 16:02:27,152 [9] INFO  Priority : 19276, User Count : 7, Queue : 1
2025-05-02 16:02:27,161 [9] INFO  Current Folder : 221746186498530_22_8_0_1
2025-05-02 16:02:27,179 [9] INFO  ANPR direction: , 0
2025-05-02 16:02:27,548 [9] INFO  Error FormatSearchGridColumns : Object reference not set to an instance of an object.
2025-05-02 16:02:28,373 [9] INFO  Priority : 19276, User Count : 7, Queue : 1
2025-05-02 16:02:28,382 [9] INFO  Current Folder : 221746186498530_22_8_0_1
2025-05-02 16:02:28,399 [9] INFO  ANPR direction: , 0
2025-05-02 16:02:28,760 [9] INFO  Error FormatSearchGridColumns : Object reference not set to an instance of an object.
2025-05-02 16:02:29,499 [9] INFO  Priority : 19276, User Count : 7, Queue : 1
2025-05-02 16:02:29,517 [9] INFO  Current Folder : 221746186498530_22_8_0_1
2025-05-02 16:02:29,534 [9] INFO  ANPR direction: , 0
2025-05-02 16:02:29,893 [9] INFO  Error FormatSearchGridColumns : Object reference not set to an instance of an object.
2025-05-02 16:02:30,531 [9] INFO  Priority : 19276, User Count : 7, Queue : 1
2025-05-02 16:02:30,541 [9] INFO  Current Folder : 221746186498530_22_8_0_1
2025-05-02 16:02:30,554 [9] INFO  ANPR direction: , 0
2025-05-02 16:02:30,925 [9] INFO  Error FormatSearchGridColumns : Object reference not set to an instance of an object.
2025-05-02 16:02:31,715 [9] INFO  Priority : 19276, User Count : 7, Queue : 1
2025-05-02 16:02:31,723 [9] INFO  Current Folder : 221746186498530_22_8_0_1
2025-05-02 16:02:31,735 [9] INFO  ANPR direction: , 0
2025-05-02 16:02:32,103 [9] INFO  Error FormatSearchGridColumns : Object reference not set to an instance of an object.
2025-05-02 16:02:32,805 [9] INFO  Priority : 19276, User Count : 7, Queue : 1
2025-05-02 16:02:32,814 [9] INFO  Current Folder : 221746186498530_22_8_0_1
2025-05-02 16:02:32,828 [9] INFO  ANPR direction: , 0
2025-05-02 16:02:33,211 [9] INFO  Error FormatSearchGridColumns : Object reference not set to an instance of an object.
2025-05-02 16:02:33,934 [9] INFO  Priority : 19276, User Count : 7, Queue : 1
2025-05-02 16:02:33,946 [9] INFO  Current Folder : 221746186498530_22_8_0_1
2025-05-02 16:02:33,961 [9] INFO  ANPR direction: , 0
2025-05-02 16:02:34,332 [9] INFO  Error FormatSearchGridColumns : Object reference not set to an instance of an object.
2025-05-02 16:02:34,948 [9] INFO  Priority : 19276, User Count : 7, Queue : 1
2025-05-02 16:02:34,955 [9] INFO  Current Folder : 221746186498530_22_8_0_1
2025-05-02 16:02:34,973 [9] INFO  ANPR direction: , 0
2025-05-02 16:02:35,345 [9] INFO  Error FormatSearchGridColumns : Object reference not set to an instance of an object.
2025-05-02 16:02:36,061 [9] INFO  Priority : 19276, User Count : 7, Queue : 1
2025-05-02 16:02:36,070 [9] INFO  Current Folder : 221746186498530_22_8_0_1
2025-05-02 16:02:36,083 [9] INFO  ANPR direction: , 0
2025-05-02 16:02:36,461 [9] INFO  Error FormatSearchGridColumns : Object reference not set to an instance of an object.
2025-05-02 16:02:37,156 [9] INFO  Priority : 19276, User Count : 7, Queue : 1
2025-05-02 16:02:37,164 [9] INFO  Current Folder : 221746186498530_22_8_0_1
2025-05-02 16:02:37,178 [9] INFO  ANPR direction: , 0
2025-05-02 16:02:37,541 [9] INFO  Error FormatSearchGridColumns : Object reference not set to an instance of an object.
2025-05-02 16:02:38,344 [9] INFO  Priority : 19276, User Count : 7, Queue : 1
2025-05-02 16:02:38,354 [9] INFO  Current Folder : 221746186498530_22_8_0_1
2025-05-02 16:02:38,368 [9] INFO  ANPR direction: , 0
2025-05-02 16:02:38,722 [9] INFO  Error FormatSearchGridColumns : Object reference not set to an instance of an object.
2025-05-02 16:02:39,501 [9] INFO  Priority : 19276, User Count : 7, Queue : 1
2025-05-02 16:02:39,510 [9] INFO  Current Folder : 221746186498530_22_8_0_1
2025-05-02 16:02:39,523 [9] INFO  ANPR direction: , 0
2025-05-02 16:02:39,887 [9] INFO  Error FormatSearchGridColumns : Object reference not set to an instance of an object.
2025-05-02 16:02:40,864 [9] INFO  Priority : 19276, User Count : 7, Queue : 1
2025-05-02 16:02:40,874 [9] INFO  Current Folder : 221746186498530_22_8_0_1
2025-05-02 16:02:40,891 [9] INFO  ANPR direction: , 0
2025-05-02 16:02:41,257 [9] INFO  Error FormatSearchGridColumns : Object reference not set to an instance of an object.
2025-05-02 16:02:42,061 [9] INFO  Priority : 19276, User Count : 7, Queue : 1
2025-05-02 16:02:42,070 [9] INFO  Current Folder : 221746186498530_22_8_0_1
2025-05-02 16:02:42,087 [9] INFO  ANPR direction: , 0
2025-05-02 16:02:42,446 [9] INFO  Error FormatSearchGridColumns : Object reference not set to an instance of an object.
2025-05-02 16:02:43,337 [9] INFO  Priority : 19276, User Count : 7, Queue : 1
2025-05-02 16:02:43,345 [9] INFO  Current Folder : 221746186498530_22_8_0_1
2025-05-02 16:02:43,357 [9] INFO  ANPR direction: , 0
2025-05-02 16:02:43,723 [9] INFO  Error FormatSearchGridColumns : Object reference not set to an instance of an object.
2025-05-02 16:02:44,414 [9] INFO  Priority : 19276, User Count : 7, Queue : 1
2025-05-02 16:02:44,426 [9] INFO  Current Folder : 221746186498530_22_8_0_1
2025-05-02 16:02:44,439 [9] INFO  ANPR direction: , 0
2025-05-02 16:02:44,805 [9] INFO  Error FormatSearchGridColumns : Object reference not set to an instance of an object.
2025-05-02 16:15:00,235 [10] INFO  Priority : 19282, User Count : 7, Queue : 1
2025-05-02 16:15:00,288 [10] INFO  Current Folder : 221746186498530_22_8_0_1
2025-05-02 16:15:00,609 [10] INFO  ANPR direction: , 0
2025-05-02 16:15:01,551 [10] INFO  Error FormatSearchGridColumns : Object reference not set to an instance of an object.
2025-05-02 16:15:06,941 [10] INFO  Priority : 19282, User Count : 7, Queue : 1
2025-05-02 16:15:06,959 [10] INFO  Current Folder : 221746186498530_22_8_0_1
2025-05-02 16:15:06,975 [10] INFO  ANPR direction: , 0
2025-05-02 16:15:07,347 [10] INFO  Error FormatSearchGridColumns : Object reference not set to an instance of an object.
2025-05-02 16:15:07,963 [10] INFO  Priority : 19283, User Count : 8, Queue : 1
2025-05-02 16:15:07,966 [10] INFO  Priority is for the loginID : 19283, current user loginID: 19282
2025-05-02 16:15:09,510 [10] INFO  Priority : 19283, User Count : 8, Queue : 1
2025-05-02 16:15:09,511 [10] INFO  Priority is for the loginID : 19283, current user loginID: 19282
2025-05-02 16:15:09,983 [21] INFO  Priority : 19283, User Count : 8, Queue : 1
2025-05-02 16:15:09,983 [21] INFO  Priority is for the loginID : 19283, current user loginID: 19282
2025-05-02 16:15:11,454 [10] INFO  Priority : 19283, User Count : 8, Queue : 1
2025-05-02 16:15:11,456 [10] INFO  Priority is for the loginID : 19283, current user loginID: 19282
2025-05-02 16:15:12,001 [20] INFO  Priority : 19283, User Count : 8, Queue : 1
2025-05-02 16:15:12,001 [20] INFO  Priority is for the loginID : 19283, current user loginID: 19282
2025-05-02 16:15:13,362 [10] INFO  Priority : 19283, User Count : 8, Queue : 1
2025-05-02 16:15:13,363 [10] INFO  Priority is for the loginID : 19283, current user loginID: 19282
2025-05-02 16:15:14,014 [20] INFO  Priority : 19283, User Count : 8, Queue : 1
2025-05-02 16:15:14,014 [20] INFO  Priority is for the loginID : 19283, current user loginID: 19282
2025-05-02 16:15:14,639 [10] INFO  Priority : 19283, User Count : 8, Queue : 1
2025-05-02 16:15:14,640 [10] INFO  Priority is for the loginID : 19283, current user loginID: 19282
2025-05-02 16:15:16,041 [17] INFO  Priority : 19283, User Count : 8, Queue : 1
2025-05-02 16:15:16,042 [17] INFO  Priority is for the loginID : 19283, current user loginID: 19282
2025-05-02 16:15:18,058 [21] INFO  Priority : 19283, User Count : 8, Queue : 1
2025-05-02 16:15:18,059 [21] INFO  Priority is for the loginID : 19283, current user loginID: 19282
2025-05-02 16:15:20,087 [11] INFO  Priority : 19283, User Count : 8, Queue : 1
2025-05-02 16:15:20,088 [11] INFO  Priority is for the loginID : 19283, current user loginID: 19282
2025-05-02 16:15:22,002 [10] INFO  Priority : 19283, User Count : 8, Queue : 1
2025-05-02 16:15:22,003 [10] INFO  Priority is for the loginID : 19283, current user loginID: 19282
2025-05-02 16:15:22,096 [20] INFO  Priority : 19283, User Count : 8, Queue : 1
2025-05-02 16:15:22,097 [20] INFO  Priority is for the loginID : 19283, current user loginID: 19282
2025-05-02 16:15:23,015 [10] INFO  Priority : 19283, User Count : 8, Queue : 1
2025-05-02 16:15:23,016 [10] INFO  Priority is for the loginID : 19283, current user loginID: 19282
2025-05-02 16:15:23,435 [10] INFO  Priority : 19283, User Count : 8, Queue : 1
2025-05-02 16:15:23,438 [10] INFO  Priority is for the loginID : 19283, current user loginID: 19282
2025-05-02 16:15:23,630 [10] INFO  Priority : 19283, User Count : 8, Queue : 1
2025-05-02 16:15:23,631 [10] INFO  Priority is for the loginID : 19283, current user loginID: 19282
2025-05-02 16:15:23,863 [10] INFO  Priority : 19283, User Count : 8, Queue : 1
2025-05-02 16:15:23,864 [10] INFO  Priority is for the loginID : 19283, current user loginID: 19282
2025-05-02 16:15:24,056 [10] INFO  Priority : 19283, User Count : 8, Queue : 1
2025-05-02 16:15:24,057 [10] INFO  Priority is for the loginID : 19283, current user loginID: 19282
2025-05-02 16:15:24,119 [20] INFO  Priority : 19283, User Count : 8, Queue : 1
2025-05-02 16:15:24,122 [20] INFO  Priority is for the loginID : 19283, current user loginID: 19282
2025-05-02 16:15:24,335 [10] INFO  Priority : 19283, User Count : 8, Queue : 1
2025-05-02 16:15:24,335 [10] INFO  Priority is for the loginID : 19283, current user loginID: 19282
2025-05-02 16:15:25,129 [10] INFO  Priority : 19283, User Count : 8, Queue : 1
2025-05-02 16:15:25,130 [10] INFO  Priority is for the loginID : 19283, current user loginID: 19282
2025-05-02 16:15:25,439 [10] INFO  Priority : 19283, User Count : 8, Queue : 1
2025-05-02 16:15:25,439 [10] INFO  Priority is for the loginID : 19283, current user loginID: 19282
2025-05-02 16:15:25,632 [10] INFO  Priority : 19283, User Count : 8, Queue : 1
2025-05-02 16:15:25,633 [10] INFO  Priority is for the loginID : 19283, current user loginID: 19282
2025-05-02 16:15:25,826 [10] INFO  Priority : 19283, User Count : 8, Queue : 1
2025-05-02 16:15:25,827 [10] INFO  Priority is for the loginID : 19283, current user loginID: 19282
2025-05-02 16:15:26,134 [21] INFO  Priority : 19283, User Count : 8, Queue : 1
2025-05-02 16:15:26,135 [21] INFO  Priority is for the loginID : 19283, current user loginID: 19282
2025-05-02 16:15:28,150 [21] INFO  Priority : 19283, User Count : 8, Queue : 1
2025-05-02 16:15:28,151 [21] INFO  Priority is for the loginID : 19283, current user loginID: 19282
2025-05-02 16:15:30,159 [21] INFO  Priority : 19282, User Count : 8, Queue : 1
2025-05-02 16:15:30,175 [20] INFO  Current Folder : 221746186498530_22_8_0_1
2025-05-02 16:15:30,199 [20] INFO  ANPR direction: , 0
2025-05-02 16:15:30,341 [20] INFO  BindRecentPlatesGrid Error: Cross-thread operation not valid: Control 'gcRecentPlates' accessed from a thread other than the thread it was created on.
2025-05-02 16:15:31,778 [10] INFO  Priority : 19282, User Count : 8, Queue : 1
2025-05-02 16:15:31,791 [10] INFO  Current Folder : 221746186498530_22_8_0_1
2025-05-02 16:15:31,808 [10] INFO  ANPR direction: , 0
2025-05-02 16:15:32,168 [10] INFO  Error FormatSearchGridColumns : Object reference not set to an instance of an object.
2025-05-02 16:15:38,078 [10] INFO  Priority : 19277, User Count : 8, Queue : 1
2025-05-02 16:15:38,080 [10] INFO  Priority is for the loginID : 19277, current user loginID: 19282
2025-05-02 16:15:40,092 [12] INFO  Priority : 19282, User Count : 8, Queue : 1
2025-05-02 16:15:40,100 [11] INFO  Current Folder : 221746186498530_22_8_0_1
2025-05-02 16:15:40,116 [11] INFO  ANPR direction: , 0
2025-05-02 16:15:40,246 [11] INFO  BindRecentPlatesGrid Error: Cross-thread operation not valid: Control 'gcRecentPlates' accessed from a thread other than the thread it was created on.
2025-05-02 16:15:41,619 [10] INFO  Priority : 19263, User Count : 8, Queue : 1
2025-05-02 16:15:41,620 [10] INFO  Priority is for the loginID : 19263, current user loginID: 19282
2025-05-02 16:15:43,645 [12] INFO  Priority : 19263, User Count : 8, Queue : 1
2025-05-02 16:15:43,647 [12] INFO  Priority is for the loginID : 19263, current user loginID: 19282
2025-05-02 16:15:45,664 [20] INFO  Priority : 19263, User Count : 8, Queue : 1
2025-05-02 16:15:45,665 [20] INFO  Priority is for the loginID : 19263, current user loginID: 19282
2025-05-02 16:15:46,661 [10] INFO  Priority : 19263, User Count : 8, Queue : 1
2025-05-02 16:15:46,664 [10] INFO  Priority is for the loginID : 19263, current user loginID: 19282
2025-05-02 16:15:47,677 [20] INFO  Priority : 19263, User Count : 8, Queue : 1
2025-05-02 16:15:47,678 [20] INFO  Priority is for the loginID : 19263, current user loginID: 19282
2025-05-02 16:15:49,690 [21] INFO  Priority : 19263, User Count : 8, Queue : 1
2025-05-02 16:15:49,691 [21] INFO  Priority is for the loginID : 19263, current user loginID: 19282
2025-05-02 16:16:18,282 [9] INFO  Priority : 19284, User Count : 8, Queue : 1
2025-05-02 16:16:18,312 [9] INFO  Current Folder : 221746186498530_22_8_0_1
2025-05-02 16:16:18,475 [9] INFO  ANPR direction: , 0
2025-05-02 16:16:19,514 [9] INFO  Error FormatSearchGridColumns : Object reference not set to an instance of an object.
2025-05-02 16:16:22,352 [9] INFO  Priority : 19271, User Count : 8, Queue : 1
2025-05-02 16:16:22,353 [9] INFO  Priority is for the loginID : 19271, current user loginID: 19284
2025-05-02 16:16:24,373 [21] INFO  Priority : 19284, User Count : 8, Queue : 1
2025-05-02 16:16:24,381 [10] INFO  Current Folder : 221746186498530_22_8_0_1
2025-05-02 16:16:24,398 [10] INFO  ANPR direction: , 0
2025-05-02 16:16:24,846 [18] INFO  BindRecentPlatesGrid Error: Cross-thread operation not valid: Control 'gcRecentPlates' accessed from a thread other than the thread it was created on.
2025-05-02 16:20:17,127 [17] INFO  Time-Out, System closing application
2025-05-02 16:37:42,838 [9] INFO  Priority : 19293, User Count : 9, Queue : 1
2025-05-02 16:37:42,870 [9] INFO  Current Folder : 221746186498530_22_8_0_1
2025-05-02 16:37:43,031 [9] INFO  ANPR direction: , 0
2025-05-02 16:37:44,064 [9] INFO  Error FormatSearchGridColumns : Object reference not set to an instance of an object.
2025-05-02 16:37:46,594 [9] INFO  Priority : 19293, User Count : 9, Queue : 1
2025-05-02 16:37:46,604 [9] INFO  Current Folder : 221746186498530_22_8_0_1
2025-05-02 16:37:46,619 [9] INFO  ANPR direction: , 0
2025-05-02 16:37:46,971 [9] INFO  Error FormatSearchGridColumns : Object reference not set to an instance of an object.
2025-05-02 16:37:48,166 [9] INFO  Priority : 19293, User Count : 9, Queue : 1
2025-05-02 16:37:48,176 [9] INFO  Current Folder : 221746186498530_22_8_0_1
2025-05-02 16:37:48,204 [9] INFO  ANPR direction: , 0
2025-05-02 16:37:48,562 [9] INFO  Error FormatSearchGridColumns : Object reference not set to an instance of an object.
2025-05-02 16:37:49,245 [9] INFO  Priority : 19293, User Count : 9, Queue : 1
2025-05-02 16:37:49,256 [9] INFO  Current Folder : 221746186498530_22_8_0_1
2025-05-02 16:37:49,268 [9] INFO  ANPR direction: , 0
2025-05-02 16:37:49,653 [9] INFO  Error FormatSearchGridColumns : Object reference not set to an instance of an object.
2025-05-02 16:37:50,386 [9] INFO  Priority : 19293, User Count : 9, Queue : 1
2025-05-02 16:37:50,400 [9] INFO  Current Folder : 221746186498530_22_8_0_1
2025-05-02 16:37:50,414 [9] INFO  ANPR direction: , 0
2025-05-02 16:37:50,817 [9] INFO  Error FormatSearchGridColumns : Object reference not set to an instance of an object.
2025-05-02 16:37:51,732 [9] INFO  Priority : 19293, User Count : 9, Queue : 1
2025-05-02 16:37:51,748 [9] INFO  Current Folder : 221746186498530_22_8_0_1
2025-05-02 16:37:51,761 [9] INFO  ANPR direction: , 0
2025-05-02 16:37:52,141 [9] INFO  Error FormatSearchGridColumns : Object reference not set to an instance of an object.
2025-05-02 16:49:03,165 [9] INFO  Priority : 19303, User Count : 8, Queue : 1
2025-05-02 16:49:03,196 [9] INFO  Current Folder : 221746186498530_22_8_0_1
2025-05-02 16:49:03,359 [9] INFO  ANPR direction: , 0
2025-05-02 16:49:04,201 [9] INFO  Error FormatSearchGridColumns : Object reference not set to an instance of an object.
2025-05-02 16:49:06,518 [9] INFO  Priority : 19296, User Count : 8, Queue : 1
2025-05-02 16:49:06,519 [9] INFO  Priority is for the loginID : 19296, current user loginID: 19303
2025-05-02 16:49:08,538 [21] INFO  Priority : 19295, User Count : 8, Queue : 1
2025-05-02 16:49:08,539 [21] INFO  Priority is for the loginID : 19295, current user loginID: 19303
2025-05-02 16:49:09,275 [9] INFO  Priority : 19297, User Count : 8, Queue : 1
2025-05-02 16:49:09,276 [9] INFO  Priority is for the loginID : 19297, current user loginID: 19303
2025-05-02 16:49:10,579 [16] INFO  Priority : 19297, User Count : 8, Queue : 1
2025-05-02 16:49:10,581 [16] INFO  Priority is for the loginID : 19297, current user loginID: 19303
2025-05-02 16:49:12,114 [9] INFO  Priority : 19295, User Count : 8, Queue : 1
2025-05-02 16:49:12,116 [9] INFO  Priority is for the loginID : 19295, current user loginID: 19303
2025-05-02 16:49:12,605 [17] INFO  Priority : 19295, User Count : 8, Queue : 1
2025-05-02 16:49:12,606 [17] INFO  Priority is for the loginID : 19295, current user loginID: 19303
2025-05-02 16:49:14,100 [9] INFO  Priority : 19295, User Count : 8, Queue : 1
2025-05-02 16:49:14,100 [9] INFO  Priority is for the loginID : 19295, current user loginID: 19303
2025-05-02 16:49:14,620 [11] INFO  Priority : 19303, User Count : 8, Queue : 1
2025-05-02 16:49:14,629 [10] INFO  Current Folder : 221746186498530_22_8_0_1
2025-05-02 16:49:14,648 [10] INFO  ANPR direction: , 0
2025-05-02 16:49:15,086 [18] INFO  BindRecentPlatesGrid Error: Cross-thread operation not valid: Control 'gcRecentPlates' accessed from a thread other than the thread it was created on.
2025-05-02 16:49:56,759 [9] INFO  Priority : 19304, User Count : 8, Queue : 1
2025-05-02 16:49:56,786 [9] INFO  Current Folder : 221746186498530_22_8_0_1
2025-05-02 16:49:56,940 [9] INFO  ANPR direction: , 0
2025-05-02 16:49:57,996 [9] INFO  Error FormatSearchGridColumns : Object reference not set to an instance of an object.
2025-05-02 16:50:00,723 [9] INFO  Priority : 19304, User Count : 8, Queue : 1
2025-05-02 16:50:00,750 [9] INFO  Current Folder : 221746186498530_22_8_0_1
2025-05-02 16:50:00,808 [9] INFO  ANPR direction: , 0
2025-05-02 16:50:01,227 [9] INFO  Error FormatSearchGridColumns : Object reference not set to an instance of an object.
2025-05-02 16:50:02,300 [9] INFO  Priority : 19304, User Count : 8, Queue : 1
2025-05-02 16:50:02,310 [9] INFO  Current Folder : 221746186498530_22_8_0_1
2025-05-02 16:50:02,337 [9] INFO  ANPR direction: , 0
2025-05-02 16:50:02,702 [9] INFO  Error FormatSearchGridColumns : Object reference not set to an instance of an object.
2025-05-02 16:50:03,633 [9] INFO  Priority : 19304, User Count : 8, Queue : 1
2025-05-02 16:50:03,643 [9] INFO  Current Folder : 221746186498530_22_8_0_1
2025-05-02 16:50:03,653 [9] INFO  ANPR direction: , 0
2025-05-02 16:50:04,018 [9] INFO  Error FormatSearchGridColumns : Object reference not set to an instance of an object.
2025-05-02 16:50:05,115 [9] INFO  Priority : 19302, User Count : 8, Queue : 1
2025-05-02 16:50:05,116 [9] INFO  Priority is for the loginID : 19302, current user loginID: 19304
2025-05-02 16:50:07,133 [21] INFO  Priority : 19304, User Count : 8, Queue : 1
2025-05-02 16:50:07,142 [11] INFO  Current Folder : 221746186498530_22_8_0_1
2025-05-02 16:50:07,156 [11] INFO  ANPR direction: , 0
2025-05-02 16:50:07,591 [18] INFO  BindRecentPlatesGrid Error: Cross-thread operation not valid: Control 'gcRecentPlates' accessed from a thread other than the thread it was created on.
2025-05-02 16:50:11,378 [9] INFO  Priority : 19298, User Count : 8, Queue : 1
2025-05-02 16:50:11,383 [9] INFO  Priority is for the loginID : 19298, current user loginID: 19304
2025-05-02 16:50:13,397 [20] INFO  Priority : 19304, User Count : 8, Queue : 1
2025-05-02 16:50:13,405 [10] INFO  Current Folder : 221746186498530_22_8_0_1
2025-05-02 16:50:13,423 [10] INFO  ANPR direction: , 0
2025-05-02 16:50:13,844 [18] INFO  BindRecentPlatesGrid Error: Cross-thread operation not valid: Control 'gcRecentPlates' accessed from a thread other than the thread it was created on.
2025-05-02 16:50:17,508 [9] INFO  Priority : 19295, User Count : 8, Queue : 1
2025-05-02 16:50:17,509 [9] INFO  Priority is for the loginID : 19295, current user loginID: 19304
2025-05-02 16:50:19,519 [20] INFO  Priority : 19304, User Count : 8, Queue : 1
2025-05-02 16:50:19,527 [10] INFO  Current Folder : 221746186498530_22_8_0_1
2025-05-02 16:50:19,543 [10] INFO  ANPR direction: , 0
2025-05-02 16:50:19,962 [18] INFO  BindRecentPlatesGrid Error: Cross-thread operation not valid: Control 'gcRecentPlates' accessed from a thread other than the thread it was created on.
2025-05-02 16:50:32,318 [9] INFO  Priority : 19304, User Count : 8, Queue : 1
2025-05-02 16:50:32,327 [9] INFO  Current Folder : 221746186498530_22_8_0_1
2025-05-02 16:50:32,339 [9] INFO  ANPR direction: , 0
2025-05-02 16:50:32,703 [9] INFO  Error FormatSearchGridColumns : Object reference not set to an instance of an object.
2025-05-06 13:27:01,510 [8] INFO  Priority : 20073, User Count : 2, Queue : 0
2025-05-06 13:27:01,534 [8] INFO  Invalid/Empty Current Folder
2025-05-06 13:27:03,563 [19] INFO  Priority : 20073, User Count : 2, Queue : 0
2025-05-06 13:27:03,570 [9] INFO  Invalid/Empty Current Folder
2025-05-06 13:27:05,597 [20] INFO  Priority : 20073, User Count : 2, Queue : 0
2025-05-06 13:27:05,602 [16] INFO  Invalid/Empty Current Folder
2025-05-06 13:27:37,866 [11] INFO  Error GetCurrentCount : The user name or password is incorrect.

2025-05-06 13:27:37,925 [11] INFO  Priority : 20074, User Count : 2, Queue : 0
2025-05-06 13:27:37,965 [11] INFO  Error GetPendingPlate : The user name or password is incorrect.

2025-05-06 13:27:37,967 [11] INFO  Invalid/Empty Current Folder
2025-05-06 13:27:40,000 [7] INFO  Error GetCurrentCount : The user name or password is incorrect.

2025-05-06 13:27:40,003 [18] INFO  Priority : 20074, User Count : 2, Queue : 0
2025-05-06 13:27:40,025 [7] INFO  Error GetPendingPlate : The user name or password is incorrect.

2025-05-06 13:27:40,026 [7] INFO  Invalid/Empty Current Folder
2025-05-06 13:27:42,053 [12] INFO  Error GetCurrentCount : The user name or password is incorrect.

2025-05-06 13:27:42,058 [7] INFO  Priority : 20074, User Count : 2, Queue : 0
2025-05-06 13:27:42,074 [19] INFO  Error GetPendingPlate : The user name or password is incorrect.

2025-05-06 13:27:42,075 [19] INFO  Invalid/Empty Current Folder
2025-05-06 13:27:44,101 [12] INFO  Error GetCurrentCount : The user name or password is incorrect.

2025-05-06 13:27:44,106 [7] INFO  Priority : 20074, User Count : 2, Queue : 0
2025-05-06 13:27:44,123 [19] INFO  Error GetPendingPlate : The user name or password is incorrect.

2025-05-06 13:27:44,124 [19] INFO  Invalid/Empty Current Folder
2025-05-06 13:27:46,153 [12] INFO  Error GetCurrentCount : The user name or password is incorrect.

2025-05-06 13:27:46,159 [7] INFO  Priority : 20074, User Count : 2, Queue : 0
2025-05-06 13:27:46,181 [19] INFO  Error GetPendingPlate : The user name or password is incorrect.

2025-05-06 13:27:46,182 [19] INFO  Invalid/Empty Current Folder
2025-05-06 13:27:48,213 [12] INFO  Error GetCurrentCount : The user name or password is incorrect.

2025-05-06 13:27:48,224 [7] INFO  Priority : 20074, User Count : 2, Queue : 0
2025-05-06 13:27:48,241 [19] INFO  Error GetPendingPlate : The user name or password is incorrect.

2025-05-06 13:27:48,242 [19] INFO  Invalid/Empty Current Folder
2025-05-06 13:27:50,265 [12] INFO  Error GetCurrentCount : The user name or password is incorrect.

2025-05-06 13:27:50,270 [7] INFO  Priority : 20074, User Count : 2, Queue : 0
2025-05-06 13:27:50,298 [19] INFO  Error GetPendingPlate : The user name or password is incorrect.

2025-05-06 13:27:50,300 [19] INFO  Invalid/Empty Current Folder
2025-05-06 13:27:52,321 [12] INFO  Error GetCurrentCount : The user name or password is incorrect.

2025-05-06 13:27:52,326 [7] INFO  Priority : 20074, User Count : 2, Queue : 0
2025-05-06 13:27:52,343 [19] INFO  Error GetPendingPlate : The user name or password is incorrect.

2025-05-06 13:27:52,344 [19] INFO  Invalid/Empty Current Folder
2025-05-06 13:27:54,379 [12] INFO  Error GetCurrentCount : The user name or password is incorrect.

2025-05-06 13:27:54,387 [7] INFO  Priority : 20074, User Count : 2, Queue : 0
2025-05-06 13:27:54,406 [19] INFO  Error GetPendingPlate : The user name or password is incorrect.

2025-05-06 13:27:54,408 [19] INFO  Invalid/Empty Current Folder
2025-05-06 13:27:56,434 [12] INFO  Error GetCurrentCount : The user name or password is incorrect.

2025-05-06 13:27:56,439 [7] INFO  Priority : 20074, User Count : 2, Queue : 0
2025-05-06 13:27:56,455 [19] INFO  Error GetPendingPlate : The user name or password is incorrect.

2025-05-06 13:27:56,456 [19] INFO  Invalid/Empty Current Folder
2025-05-06 13:27:58,499 [7] INFO  Error GetCurrentCount : The user name or password is incorrect.

2025-05-06 13:27:58,504 [12] INFO  Priority : 20074, User Count : 2, Queue : 0
2025-05-06 13:27:58,520 [19] INFO  Error GetPendingPlate : The user name or password is incorrect.

2025-05-06 13:27:58,521 [19] INFO  Invalid/Empty Current Folder
2025-05-06 13:28:00,554 [12] INFO  Error GetCurrentCount : The user name or password is incorrect.

2025-05-06 13:28:00,563 [7] INFO  Priority : 20074, User Count : 2, Queue : 0
2025-05-06 13:28:00,597 [19] INFO  Error GetPendingPlate : The user name or password is incorrect.

2025-05-06 13:28:00,599 [19] INFO  Invalid/Empty Current Folder
2025-05-06 13:28:02,618 [12] INFO  Error GetCurrentCount : The user name or password is incorrect.

2025-05-06 13:28:02,623 [7] INFO  Priority : 20074, User Count : 2, Queue : 0
2025-05-06 13:28:02,652 [19] INFO  Error GetPendingPlate : The user name or password is incorrect.

2025-05-06 13:28:02,653 [19] INFO  Invalid/Empty Current Folder
2025-05-06 13:28:04,678 [12] INFO  Error GetCurrentCount : The user name or password is incorrect.

2025-05-06 13:28:04,683 [7] INFO  Priority : 20074, User Count : 2, Queue : 0
2025-05-06 13:28:04,702 [19] INFO  Error GetPendingPlate : The user name or password is incorrect.

2025-05-06 13:28:04,703 [19] INFO  Invalid/Empty Current Folder
2025-05-06 13:28:06,733 [12] INFO  Error GetCurrentCount : The user name or password is incorrect.

2025-05-06 13:28:06,738 [7] INFO  Priority : 20074, User Count : 2, Queue : 0
2025-05-06 13:28:06,754 [19] INFO  Error GetPendingPlate : The user name or password is incorrect.

2025-05-06 13:28:06,755 [19] INFO  Invalid/Empty Current Folder
2025-05-06 13:28:08,782 [12] INFO  Error GetCurrentCount : The user name or password is incorrect.

2025-05-06 13:28:08,787 [7] INFO  Priority : 20074, User Count : 2, Queue : 0
2025-05-06 13:28:08,804 [19] INFO  Error GetPendingPlate : The user name or password is incorrect.

2025-05-06 13:28:08,805 [19] INFO  Invalid/Empty Current Folder
2025-05-06 13:28:10,832 [12] INFO  Error GetCurrentCount : The user name or password is incorrect.

2025-05-06 13:28:10,839 [7] INFO  Priority : 20074, User Count : 2, Queue : 0
2025-05-06 13:28:10,855 [19] INFO  Error GetPendingPlate : The user name or password is incorrect.

2025-05-06 13:28:10,856 [19] INFO  Invalid/Empty Current Folder
2025-05-06 13:28:12,882 [12] INFO  Error GetCurrentCount : The user name or password is incorrect.

2025-05-06 13:28:12,886 [7] INFO  Priority : 20074, User Count : 2, Queue : 0
2025-05-06 13:28:12,903 [19] INFO  Error GetPendingPlate : The user name or password is incorrect.

2025-05-06 13:28:12,904 [19] INFO  Invalid/Empty Current Folder
2025-05-06 13:28:14,928 [12] INFO  Error GetCurrentCount : The user name or password is incorrect.

2025-05-06 13:28:14,932 [7] INFO  Priority : 20074, User Count : 2, Queue : 0
2025-05-06 13:28:14,948 [19] INFO  Error GetPendingPlate : The user name or password is incorrect.

2025-05-06 13:28:14,950 [19] INFO  Invalid/Empty Current Folder
2025-05-06 13:28:16,981 [12] INFO  Error GetCurrentCount : The user name or password is incorrect.

2025-05-06 13:28:16,987 [7] INFO  Priority : 20074, User Count : 2, Queue : 0
2025-05-06 13:28:17,003 [19] INFO  Error GetPendingPlate : The user name or password is incorrect.

2025-05-06 13:28:17,004 [19] INFO  Invalid/Empty Current Folder
2025-05-06 13:28:19,035 [12] INFO  Error GetCurrentCount : The user name or password is incorrect.

2025-05-06 13:28:19,039 [7] INFO  Priority : 20074, User Count : 2, Queue : 0
2025-05-06 13:28:19,056 [19] INFO  Error GetPendingPlate : The user name or password is incorrect.

2025-05-06 13:28:19,058 [19] INFO  Invalid/Empty Current Folder
2025-05-06 13:28:21,085 [12] INFO  Error GetCurrentCount : The user name or password is incorrect.

2025-05-06 13:28:21,091 [7] INFO  Priority : 20074, User Count : 2, Queue : 0
2025-05-06 13:28:21,108 [19] INFO  Error GetPendingPlate : The user name or password is incorrect.

2025-05-06 13:28:21,109 [19] INFO  Invalid/Empty Current Folder
2025-05-06 13:28:23,132 [12] INFO  Error GetCurrentCount : The user name or password is incorrect.

2025-05-06 13:28:23,137 [7] INFO  Priority : 20074, User Count : 2, Queue : 0
2025-05-06 13:28:23,154 [19] INFO  Error GetPendingPlate : The user name or password is incorrect.

2025-05-06 13:28:23,154 [19] INFO  Invalid/Empty Current Folder
2025-05-06 13:28:25,183 [12] INFO  Error GetCurrentCount : The user name or password is incorrect.

2025-05-06 13:28:25,188 [7] INFO  Priority : 20074, User Count : 2, Queue : 0
2025-05-06 13:28:25,204 [19] INFO  Error GetPendingPlate : The user name or password is incorrect.

2025-05-06 13:28:25,206 [19] INFO  Invalid/Empty Current Folder
2025-05-06 13:28:27,232 [12] INFO  Error GetCurrentCount : The user name or password is incorrect.

2025-05-06 13:28:27,238 [7] INFO  Priority : 20074, User Count : 2, Queue : 0
2025-05-06 13:28:27,255 [20] INFO  Error GetPendingPlate : The user name or password is incorrect.

2025-05-06 13:28:27,256 [20] INFO  Invalid/Empty Current Folder
2025-05-06 13:28:29,284 [12] INFO  Error GetCurrentCount : The user name or password is incorrect.

2025-05-06 13:28:29,289 [7] INFO  Priority : 20074, User Count : 2, Queue : 0
2025-05-06 13:28:29,306 [19] INFO  Error GetPendingPlate : The user name or password is incorrect.

2025-05-06 13:28:29,308 [19] INFO  Invalid/Empty Current Folder
2025-05-06 13:28:31,327 [12] INFO  Error GetCurrentCount : The user name or password is incorrect.

2025-05-06 13:28:31,332 [7] INFO  Priority : 20074, User Count : 2, Queue : 0
2025-05-06 13:28:31,348 [19] INFO  Error GetPendingPlate : The user name or password is incorrect.

2025-05-06 13:28:31,352 [19] INFO  Invalid/Empty Current Folder
2025-05-06 13:28:33,379 [12] INFO  Error GetCurrentCount : The user name or password is incorrect.

2025-05-06 13:28:33,385 [7] INFO  Priority : 20074, User Count : 2, Queue : 0
2025-05-06 13:28:33,401 [19] INFO  Error GetPendingPlate : The user name or password is incorrect.

2025-05-06 13:28:33,402 [19] INFO  Invalid/Empty Current Folder
2025-05-06 13:28:35,426 [12] INFO  Error GetCurrentCount : The user name or password is incorrect.

2025-05-06 13:28:35,431 [7] INFO  Priority : 20074, User Count : 2, Queue : 0
2025-05-06 13:28:35,447 [19] INFO  Error GetPendingPlate : The user name or password is incorrect.

2025-05-06 13:28:35,448 [19] INFO  Invalid/Empty Current Folder
2025-05-06 13:28:36,666 [17] INFO  Error CreateLogForExitPlates : The user name or password is incorrect.

2025-05-06 13:28:36,682 [17] INFO  Error IgnoreAPPlates : The user name or password is incorrect.

2025-05-06 13:28:37,472 [12] INFO  Error GetCurrentCount : The user name or password is incorrect.

2025-05-06 13:28:37,476 [18] INFO  Priority : 20074, User Count : 2, Queue : 0
2025-05-06 13:28:37,495 [20] INFO  Error GetPendingPlate : The user name or password is incorrect.

2025-05-06 13:28:37,495 [20] INFO  Invalid/Empty Current Folder
2025-05-06 13:28:39,523 [18] INFO  Error GetCurrentCount : The user name or password is incorrect.

2025-05-06 13:28:39,526 [12] INFO  Priority : 20074, User Count : 2, Queue : 0
2025-05-06 13:28:39,542 [20] INFO  Error GetPendingPlate : The user name or password is incorrect.

2025-05-06 13:28:39,543 [20] INFO  Invalid/Empty Current Folder
2025-05-06 13:28:41,571 [12] INFO  Error GetCurrentCount : The user name or password is incorrect.

2025-05-06 13:28:41,585 [7] INFO  Priority : 20074, User Count : 2, Queue : 0
2025-05-06 13:28:41,609 [19] INFO  Error GetPendingPlate : The user name or password is incorrect.

2025-05-06 13:28:41,610 [19] INFO  Invalid/Empty Current Folder
2025-05-06 13:28:43,629 [12] INFO  Error GetCurrentCount : The user name or password is incorrect.

2025-05-06 13:28:43,635 [7] INFO  Priority : 20074, User Count : 2, Queue : 0
2025-05-06 13:28:43,652 [19] INFO  Error GetPendingPlate : The user name or password is incorrect.

2025-05-06 13:28:43,654 [19] INFO  Invalid/Empty Current Folder
2025-05-06 13:28:45,681 [12] INFO  Error GetCurrentCount : The user name or password is incorrect.

2025-05-06 13:28:45,686 [7] INFO  Priority : 20074, User Count : 2, Queue : 0
2025-05-06 13:28:45,703 [19] INFO  Error GetPendingPlate : The user name or password is incorrect.

2025-05-06 13:28:45,705 [19] INFO  Invalid/Empty Current Folder
2025-05-06 13:28:47,734 [12] INFO  Error GetCurrentCount : The user name or password is incorrect.

2025-05-06 13:28:47,755 [7] INFO  Priority : 20074, User Count : 2, Queue : 0
2025-05-06 13:28:47,772 [19] INFO  Error GetPendingPlate : The user name or password is incorrect.

2025-05-06 13:28:47,773 [19] INFO  Invalid/Empty Current Folder
2025-05-06 13:28:49,806 [12] INFO  Error GetCurrentCount : The user name or password is incorrect.

2025-05-06 13:28:49,814 [7] INFO  Priority : 20074, User Count : 2, Queue : 0
2025-05-06 13:28:49,837 [19] INFO  Error GetPendingPlate : The user name or password is incorrect.

2025-05-06 13:28:49,838 [19] INFO  Invalid/Empty Current Folder
2025-05-06 13:28:51,870 [12] INFO  Error GetCurrentCount : The user name or password is incorrect.

2025-05-06 13:28:51,874 [7] INFO  Priority : 20074, User Count : 2, Queue : 0
2025-05-06 13:28:51,891 [19] INFO  Error GetPendingPlate : The user name or password is incorrect.

2025-05-06 13:28:51,892 [19] INFO  Invalid/Empty Current Folder
2025-05-06 13:28:53,923 [12] INFO  Error GetCurrentCount : The user name or password is incorrect.

2025-05-06 13:28:53,928 [7] INFO  Priority : 20074, User Count : 2, Queue : 0
2025-05-06 13:28:53,951 [19] INFO  Error GetPendingPlate : The user name or password is incorrect.

2025-05-06 13:28:53,952 [19] INFO  Invalid/Empty Current Folder
2025-05-06 13:28:55,978 [12] INFO  Error GetCurrentCount : The user name or password is incorrect.

2025-05-06 13:28:55,982 [7] INFO  Priority : 20074, User Count : 2, Queue : 0
2025-05-06 13:28:55,999 [19] INFO  Error GetPendingPlate : The user name or password is incorrect.

2025-05-06 13:28:56,000 [19] INFO  Invalid/Empty Current Folder
2025-05-06 13:28:58,040 [12] INFO  Error GetCurrentCount : The user name or password is incorrect.

2025-05-06 13:28:58,047 [7] INFO  Priority : 20074, User Count : 2, Queue : 0
2025-05-06 13:28:58,063 [19] INFO  Error GetPendingPlate : The user name or password is incorrect.

2025-05-06 13:28:58,064 [19] INFO  Invalid/Empty Current Folder
2025-05-06 13:29:00,088 [12] INFO  Error GetCurrentCount : The user name or password is incorrect.

2025-05-06 13:29:00,103 [7] INFO  Priority : 20074, User Count : 2, Queue : 0
2025-05-06 13:29:00,133 [19] INFO  Error GetPendingPlate : The user name or password is incorrect.

2025-05-06 13:29:00,134 [19] INFO  Invalid/Empty Current Folder
2025-05-06 13:29:02,163 [12] INFO  Error GetCurrentCount : The user name or password is incorrect.

2025-05-06 13:29:02,168 [7] INFO  Priority : 20074, User Count : 2, Queue : 0
2025-05-06 13:29:02,184 [19] INFO  Error GetPendingPlate : The user name or password is incorrect.

2025-05-06 13:29:02,185 [19] INFO  Invalid/Empty Current Folder
2025-05-06 13:29:04,209 [12] INFO  Error GetCurrentCount : The user name or password is incorrect.

2025-05-06 13:29:04,213 [7] INFO  Priority : 20074, User Count : 2, Queue : 0
2025-05-06 13:29:04,229 [19] INFO  Error GetPendingPlate : The user name or password is incorrect.

2025-05-06 13:29:04,230 [19] INFO  Invalid/Empty Current Folder
2025-05-06 13:29:06,276 [12] INFO  Error GetCurrentCount : The user name or password is incorrect.

2025-05-06 13:29:06,282 [7] INFO  Priority : 20074, User Count : 2, Queue : 0
2025-05-06 13:29:06,301 [19] INFO  Error GetPendingPlate : The user name or password is incorrect.

2025-05-06 13:29:06,302 [19] INFO  Invalid/Empty Current Folder
2025-05-06 13:29:08,323 [12] INFO  Error GetCurrentCount : The user name or password is incorrect.

2025-05-06 13:29:08,327 [7] INFO  Priority : 20074, User Count : 2, Queue : 0
2025-05-06 13:29:08,344 [19] INFO  Error GetPendingPlate : The user name or password is incorrect.

2025-05-06 13:29:08,345 [19] INFO  Invalid/Empty Current Folder
2025-05-06 13:29:10,388 [12] INFO  Error GetCurrentCount : The user name or password is incorrect.

2025-05-06 13:29:10,392 [7] INFO  Priority : 20074, User Count : 2, Queue : 0
2025-05-06 13:29:10,410 [19] INFO  Error GetPendingPlate : The user name or password is incorrect.

2025-05-06 13:29:10,411 [19] INFO  Invalid/Empty Current Folder
2025-05-06 13:29:12,439 [12] INFO  Error GetCurrentCount : The user name or password is incorrect.

2025-05-06 13:29:12,443 [7] INFO  Priority : 20074, User Count : 2, Queue : 0
2025-05-06 13:29:12,467 [19] INFO  Error GetPendingPlate : The user name or password is incorrect.

2025-05-06 13:29:12,468 [19] INFO  Invalid/Empty Current Folder
2025-05-06 13:29:14,494 [12] INFO  Error GetCurrentCount : The user name or password is incorrect.

2025-05-06 13:29:14,499 [7] INFO  Priority : 20074, User Count : 2, Queue : 0
2025-05-06 13:29:14,516 [19] INFO  Error GetPendingPlate : The user name or password is incorrect.

2025-05-06 13:29:14,517 [19] INFO  Invalid/Empty Current Folder
2025-05-06 13:29:16,548 [12] INFO  Error GetCurrentCount : The user name or password is incorrect.

2025-05-06 13:29:16,553 [7] INFO  Priority : 20074, User Count : 2, Queue : 0
2025-05-06 13:29:16,568 [19] INFO  Error GetPendingPlate : The user name or password is incorrect.

2025-05-06 13:29:16,569 [19] INFO  Invalid/Empty Current Folder
2025-05-06 13:29:18,608 [12] INFO  Error GetCurrentCount : The user name or password is incorrect.

2025-05-06 13:29:18,612 [7] INFO  Priority : 20074, User Count : 2, Queue : 0
2025-05-06 13:29:18,638 [19] INFO  Error GetPendingPlate : The user name or password is incorrect.

2025-05-06 13:29:18,639 [19] INFO  Invalid/Empty Current Folder
2025-05-06 13:29:20,671 [12] INFO  Error GetCurrentCount : The user name or password is incorrect.

2025-05-06 13:29:20,675 [7] INFO  Priority : 20074, User Count : 2, Queue : 0
2025-05-06 13:29:20,692 [19] INFO  Error GetPendingPlate : The user name or password is incorrect.

2025-05-06 13:29:20,693 [19] INFO  Invalid/Empty Current Folder
2025-05-06 13:29:22,716 [12] INFO  Error GetCurrentCount : The user name or password is incorrect.

2025-05-06 13:29:22,727 [7] INFO  Priority : 20074, User Count : 2, Queue : 0
2025-05-06 13:29:22,743 [19] INFO  Error GetPendingPlate : The user name or password is incorrect.

2025-05-06 13:29:22,744 [19] INFO  Invalid/Empty Current Folder
2025-05-06 13:29:24,774 [12] INFO  Error GetCurrentCount : The user name or password is incorrect.

2025-05-06 13:29:24,779 [7] INFO  Priority : 20074, User Count : 2, Queue : 0
2025-05-06 13:29:24,797 [18] INFO  Error GetPendingPlate : The user name or password is incorrect.

2025-05-06 13:29:24,798 [18] INFO  Invalid/Empty Current Folder
2025-05-06 13:29:26,826 [12] INFO  Error GetCurrentCount : The user name or password is incorrect.

2025-05-06 13:29:26,831 [7] INFO  Priority : 20074, User Count : 2, Queue : 0
2025-05-06 13:29:26,890 [12] INFO  Current Folder : 6351746518070307_635_113_1_1
2025-05-06 13:29:26,936 [12] INFO  ANPR direction: , 0
2025-05-06 13:29:59,083 [11] INFO  Warning Plate Ignored, zohaib-20074 Plate : -  Trans. ID : 6351746518070307 Location : Union Coop - Al Barsha
2025-05-06 13:29:59,135 [11] INFO  Priority : 20074, User Count : 2, Queue : 1251
2025-05-06 13:29:59,147 [11] INFO  Current Folder : 6351746518163817_635_113_1_1
2025-05-06 13:29:59,192 [11] INFO  LPR direction: forward, 1
2025-05-06 13:30:04,791 [11] INFO  Success, Captured Plate : S-67436 Dubai, Corrected Plate : S-67436 Dubai, Trans. ID : 6351746518163817 Location : Union Coop - Al Barsha, Type: Plate Correction
2025-05-06 13:30:04,829 [11] INFO  SaveCorrectedDataToMasterParkonic Error : 
2025-05-06 13:30:04,831 [11] INFO  Priority : 20074, User Count : 2, Queue : 1251
2025-05-06 13:30:04,858 [11] INFO  Current Folder : 2221746523757341_222_43_0_1
2025-05-06 13:30:04,901 [11] INFO  ANPR direction: , 0
2025-05-06 13:30:05,197 [11] INFO  Data has been successfully saved on the portal.
2025-05-06 13:31:29,172 [11] INFO  Priority : 20074, User Count : 2, Queue : 1248
2025-05-06 13:31:29,279 [11] INFO  Current Folder : 2221746523757341_222_43_0_1
2025-05-06 13:31:29,295 [11] INFO  ANPR direction: , 0
2025-05-06 13:31:29,860 [11] INFO  Error FormatSearchGridColumns : Object reference not set to an instance of an object.
2025-05-06 13:31:30,189 [11] INFO  Priority : 20074, User Count : 2, Queue : 1248
2025-05-06 13:31:30,232 [11] INFO  Current Folder : 2221746523757341_222_43_0_1
2025-05-06 13:31:30,247 [11] INFO  ANPR direction: , 0
2025-05-06 13:31:30,591 [11] INFO  Error FormatSearchGridColumns : Object reference not set to an instance of an object.
2025-05-06 13:31:33,101 [11] INFO  Warning Plate Ignored, zohaib-20074 Plate : -  Trans. ID : 2221746523757341 Location : Heera Beach
2025-05-06 13:31:33,147 [11] INFO  Priority : 20074, User Count : 2, Queue : 1246
2025-05-06 13:31:33,160 [11] INFO  Current Folder : 6351746518319527_635_113_1_1
2025-05-06 13:31:33,187 [11] INFO  LPR direction: forward, 1
2025-05-06 13:31:42,325 [11] INFO  Success, Captured Plate : J-8404 Dubai, Corrected Plate : J-8404 Dubai, Trans. ID : 6351746518319527 Location : Union Coop - Al Barsha, Type: Plate Correction
2025-05-06 13:32:26,397 [11] INFO  PlateSavedActions Error : Could not find a part of the path '2025050611553643700TCG1ME1B15O2P.jpg'.
2025-05-06 13:32:30,720 [11] INFO  Data has been successfully saved on the portal.
2025-05-06 13:32:30,721 [11] INFO  SaveCorrectedDataToMasterParkonic Error : 
2025-05-06 13:32:30,723 [11] INFO  Priority : 20074, User Count : 2, Queue : 1239
2025-05-06 13:32:40,024 [11] INFO  Current Folder : 6351746518460137_635_113_1_1
2025-05-06 13:32:40,119 [11] INFO  LPR direction: forward, 1
2025-05-06 13:33:21,102 [11] INFO  Success, Captured Plate : C-30780 Dubai, Corrected Plate : C-30780 Dubai, Trans. ID : 6351746518460137 Location : Union Coop - Al Barsha, Type: Plate Correction
2025-05-06 13:33:30,715 [11] INFO  Data has been successfully saved on the portal.
2025-05-06 13:34:52,207 [9] INFO  Priority : 20078, User Count : 2, Queue : 908
2025-05-06 13:34:52,292 [9] INFO  Current Folder : 6351746518498997_635_113_1_1
2025-05-06 13:34:52,466 [9] INFO  LPR direction: forward, 1
2025-05-06 13:35:00,879 [9] INFO  Success, Captured Plate : W-78169 Dubai, Corrected Plate : W-78169 Dubai, Trans. ID : 6351746518498997 Location : Union Coop - Al Barsha, Type: Plate Correction
2025-05-06 13:38:02,766 [9] INFO  Priority : 20080, User Count : 2, Queue : 905
2025-05-06 13:38:02,854 [9] INFO  Current Folder : 6371746465540714_637_113_1_1
2025-05-06 13:38:03,082 [9] INFO  ANPR direction: , 0
2025-05-06 13:38:10,306 [9] INFO  Priority : 20080, User Count : 2, Queue : 1235
2025-05-06 13:38:10,353 [9] INFO  Current Folder : 6371746465540714_637_113_1_1
2025-05-06 13:38:10,364 [9] INFO  ANPR direction: , 0
2025-05-06 13:38:35,886 [9] INFO  Warning Plate Ignored, zohaib-20080 Plate : -  Trans. ID : 6371746465540714 Location : Union Coop - Al Barsha
2025-05-06 13:38:35,949 [9] INFO  Priority : 20080, User Count : 2, Queue : 1231
2025-05-06 13:38:36,025 [9] INFO  Current Folder : 6371746469204044_637_113_1_1
2025-05-06 13:38:36,046 [9] INFO  ANPR direction: , 0
2025-05-06 13:38:41,035 [9] INFO  Warning Plate Ignored, zohaib-20080 Plate : -  Trans. ID : 6371746469204044 Location : Union Coop - Al Barsha
2025-05-06 13:38:41,070 [9] INFO  Priority : 20080, User Count : 2, Queue : 1229
2025-05-06 13:38:41,095 [9] INFO  Current Folder : 6371746471427954_637_113_1_1
2025-05-06 13:38:41,135 [9] INFO  ANPR direction: , 0
2025-05-06 13:38:46,855 [9] INFO  Warning Plate Ignored, zohaib-20080 Plate : -  Trans. ID : 6371746471427954 Location : Union Coop - Al Barsha
2025-05-06 13:38:46,912 [9] INFO  Priority : 20080, User Count : 2, Queue : 1224
2025-05-06 13:38:46,999 [9] INFO  Current Folder : 6371746501478534_637_113_1_1
2025-05-06 13:38:47,032 [9] INFO  ANPR direction: , 0
2025-05-06 13:38:52,854 [9] INFO  Warning Plate Ignored, zohaib-20080 Plate : -  Trans. ID : 6371746501478534 Location : Union Coop - Al Barsha
2025-05-06 13:38:52,883 [9] INFO  Priority : 20080, User Count : 2, Queue : 1223
2025-05-06 13:38:52,898 [9] INFO  Current Folder : 6371746505159894_637_113_1_1
2025-05-06 13:38:52,950 [9] INFO  ANPR direction: , 0
2025-05-06 13:38:58,391 [9] INFO  Warning Plate Ignored, zohaib-20080 Plate : -  Trans. ID : 6371746505159894 Location : Union Coop - Al Barsha
2025-05-06 13:38:58,444 [9] INFO  Priority : 20080, User Count : 2, Queue : 1222
2025-05-06 13:38:58,490 [9] INFO  Current Folder : 6371746506418904_637_113_1_1
2025-05-06 13:38:58,511 [9] INFO  ANPR direction: , 0
2025-05-06 13:39:02,898 [9] INFO  Warning Plate Ignored, zohaib-20080 Plate : -  Trans. ID : 6371746506418904 Location : Union Coop - Al Barsha
2025-05-06 13:39:02,920 [9] INFO  Priority : 20080, User Count : 2, Queue : 1219
2025-05-06 13:39:02,937 [9] INFO  Current Folder : 6371746511519974_637_113_1_1
2025-05-06 13:39:02,984 [9] INFO  ANPR direction: , 0
2025-05-06 13:39:19,742 [9] INFO  Warning Plate Ignored, zohaib-20080 Plate : -  Trans. ID : 6371746511519974 Location : Union Coop - Al Barsha
2025-05-06 13:39:19,811 [9] INFO  Priority : 20080, User Count : 2, Queue : 1217
2025-05-06 13:39:19,879 [9] INFO  Current Folder : 3661746524307686_366_65_0_1
2025-05-06 13:39:19,908 [9] INFO  LPR direction: reverse, 1
2025-05-06 13:39:32,156 [9] INFO  Success, Captured Plate : 7-4751 Abu Dhabi, Corrected Plate : 7-4751 Abu Dhabi, Trans. ID : 3661746524307686 Location : WAFI Mall, Type: Plate Correction
2025-05-06 13:39:32,277 [9] INFO  Priority : 20080, User Count : 2, Queue : 1216
2025-05-06 13:39:32,323 [9] INFO  Current Folder : 6371746512302074_637_113_1_1
2025-05-06 13:39:32,348 [9] INFO  LPR direction: reverse, 1
2025-05-06 13:39:32,520 [9] INFO  Data has been successfully saved on the portal.
2025-05-06 13:39:44,258 [9] INFO  Data has been successfully saved in Master Parkonic
2025-05-13 11:14:17,742 [8] INFO  Priority : 21644, User Count : 1, Queue : 660
2025-05-13 11:14:17,824 [8] INFO  Current Folder : 1351747115844457_135_25_0_1
2025-05-13 11:14:18,001 [8] INFO  LPR direction: reverse, 1
2025-05-27 15:05:00,754 [9] INFO  Priority : 24757, User Count : 2, Queue : 148
2025-05-27 15:05:00,822 [9] INFO  Current Folder : 6341748343862795_634_113_0_1
2025-05-27 15:05:01,233 [9] INFO  ANPR direction: , 0
2025-05-27 15:08:59,690 [11] INFO  Priority : 24759, User Count : 2, Queue : 106
2025-05-27 15:08:59,723 [11] INFO  Current Folder : 6541748324147717_654_117_0
2025-05-27 15:11:48,131 [9] INFO  Priority : 24762, User Count : 2, Queue : 86
2025-05-27 15:11:48,195 [9] INFO  Current Folder : 6971748315243671_697_125_0
2025-05-28 12:17:37,677 [9] INFO  Priority : 24961, User Count : 1, Queue : 898
2025-05-28 12:17:37,794 [9] INFO  Current Folder : 1231748412738242_123_22_0_1
2025-05-28 12:17:37,967 [9] INFO  LPR direction: reverse, 0
2025-05-28 12:17:39,117 [9] INFO  Error FormatSearchGridColumns : Object reference not set to an instance of an object.
2025-05-28 15:51:01,811 [8] INFO  Priority : 25028, User Count : 2, Queue : 11
2025-05-28 15:51:01,841 [8] INFO  Current Folder : 2221748432744818_222_43_0_1
2025-05-28 15:51:02,033 [8] INFO  ANPR direction: , 0
2025-05-28 15:51:03,079 [8] INFO  Error FormatSearchGridColumns : Object reference not set to an instance of an object.
2025-05-28 15:52:00,164 [8] INFO  Warning Plate Ignored, zohaib-25028 Plate : -  Trans. ID : 2221748432744818 Location : Heera Beach
2025-05-28 15:52:00,259 [8] INFO  Priority : 25028, User Count : 2, Queue : 18
2025-05-28 15:52:00,272 [8] INFO  Current Folder : 1231748433061452_123_22_0_1
2025-05-28 15:52:00,341 [8] INFO  LPR direction: reverse, 0
2025-05-28 15:52:00,747 [8] INFO  Error FormatSearchGridColumns : Object reference not set to an instance of an object.
2025-05-28 15:52:24,001 [11] INFO  Priority : 25029, User Count : 2, Queue : 13
2025-05-28 15:52:24,036 [11] INFO  Current Folder : 1231748433061452_123_22_0_1
2025-05-28 15:52:24,200 [11] INFO  LPR direction: reverse, 0
2025-05-28 15:52:25,289 [11] INFO  Error FormatSearchGridColumns : Object reference not set to an instance of an object.
2025-05-28 15:55:58,076 [11] INFO  Priority : 25029, User Count : 2, Queue : 26
2025-05-28 15:55:58,100 [11] INFO  Current Folder : 2221748432797009_222_43_0_1
2025-05-28 15:55:58,133 [11] INFO  ANPR direction: , 0
2025-05-28 15:55:58,832 [11] INFO  Error FormatSearchGridColumns : Object reference not set to an instance of an object.
2025-05-28 15:56:11,351 [11] INFO  Priority : 25029, User Count : 2, Queue : 26
2025-05-28 15:56:11,371 [11] INFO  Current Folder : 2221748432797009_222_43_0_1
2025-05-28 15:56:11,390 [11] INFO  ANPR direction: , 0
2025-05-28 15:56:11,772 [11] INFO  Error FormatSearchGridColumns : Object reference not set to an instance of an object.
2025-05-28 15:56:17,437 [11] INFO  Warning Plate Ignored, zohaib-25029 Plate : -  Trans. ID : 2221748432797009 Location : Heera Beach
2025-05-28 15:56:17,473 [11] INFO  Priority : 25029, User Count : 2, Queue : 26
2025-05-28 15:56:17,487 [11] INFO  Current Folder : 2221748432804185_222_43_0_1
2025-05-28 15:56:17,508 [11] INFO  ANPR direction: , 0
2025-05-28 15:56:17,878 [11] INFO  Error FormatSearchGridColumns : Object reference not set to an instance of an object.
2025-05-28 15:56:22,197 [11] INFO  Warning Plate Ignored, zohaib-25029 Plate : -  Trans. ID : 2221748432804185 Location : Heera Beach
2025-05-28 15:56:22,227 [11] INFO  Priority : 25029, User Count : 2, Queue : 25
2025-05-28 15:56:22,237 [11] INFO  Current Folder : 2221748433176256_222_43_0_1
2025-05-28 15:56:22,263 [11] INFO  ANPR direction: , 0
2025-05-28 15:56:22,649 [11] INFO  Error FormatSearchGridColumns : Object reference not set to an instance of an object.
2025-05-28 15:56:26,657 [11] INFO  Warning Plate Ignored, zohaib-25029 Plate : -  Trans. ID : 2221748433176256 Location : Heera Beach
2025-05-28 15:56:26,693 [11] INFO  Priority : 25029, User Count : 2, Queue : 24
2025-05-28 15:56:26,704 [11] INFO  Current Folder : 4551748432978767_455_83_1_1
2025-05-28 15:56:26,725 [11] INFO  ANPR direction: , 0
2025-05-28 15:56:32,271 [11] INFO  Warning Plate Ignored, zohaib-25029 Plate : -  Trans. ID : 4551748432978767 Location : Palm View West
2025-05-28 15:56:32,302 [11] INFO  Priority : 25029, User Count : 2, Queue : 23
2025-05-28 15:56:32,315 [11] INFO  Current Folder : 6281748433301508_628_114_0_1
2025-05-28 15:56:32,338 [11] INFO  ANPR direction: , 0
2025-05-28 15:56:47,718 [11] INFO  Warning Plate Ignored, zohaib-25029 Plate : -  Trans. ID : 6281748433301508 Location : Sheikh Shakhbout Medical City
2025-05-28 15:56:47,749 [11] INFO  Priority : 25029, User Count : 2, Queue : 23
2025-05-28 15:56:47,759 [11] INFO  Current Folder : 6351748432807511_635_113_1_1
2025-05-28 15:56:47,781 [11] INFO  ANPR direction: , 0
2025-05-28 15:57:31,232 [11] INFO  Success, Captured Plate : - , Corrected Plate : O-6525 Dubai, Trans. ID : 6351748432807511 Location : Union Coop - Al Barsha, Type: Plate Correction
2025-05-28 15:57:31,284 [11] INFO  Priority : 25029, User Count : 2, Queue : 23
2025-05-28 15:57:31,302 [11] INFO  Current Folder : 6201748433369246_620_114_0_1
2025-05-28 15:57:31,329 [11] INFO  ANPR direction: , 0
2025-05-28 15:57:31,650 [11] INFO  Data has been successfully saved on the portal.
2025-05-28 15:57:32,024 [11] INFO  Error FormatSearchGridColumns : Object reference not set to an instance of an object.
2025-05-28 15:57:38,120 [11] INFO  Warning Plate Ignored, zohaib-25029 Plate : -  Trans. ID : 6201748433369246 Location : Sheikh Shakhbout Medical City
2025-05-28 15:57:38,152 [11] INFO  Priority : 25029, User Count : 2, Queue : 22
2025-05-28 15:57:38,164 [11] INFO  Current Folder : 7541748432985319_754_130_1_1
2025-05-28 15:57:38,191 [11] INFO  ANPR direction: , 0
2025-05-28 15:57:44,015 [11] INFO  Warning Plate Ignored, zohaib-25029 Plate : -  Trans. ID : 7541748432985319 Location : Marina Mall
2025-05-28 15:57:44,049 [11] INFO  Priority : 25029, User Count : 2, Queue : 21
2025-05-28 15:57:44,064 [11] INFO  Current Folder : 1821748433097970_182_36_0_1
2025-05-28 15:57:44,084 [11] INFO  ANPR direction: , 0
2025-05-28 15:57:44,471 [11] INFO  Error FormatSearchGridColumns : Object reference not set to an instance of an object.
2025-05-28 15:58:15,788 [11] INFO  Warning Plate Ignored, zohaib-25029 Plate : -  Trans. ID : 1821748433097970 Location : Dubai Harbour District 2
2025-05-28 15:58:15,815 [11] INFO  Priority : 0, User Count : 2, Queue : 20
2025-05-28 15:58:15,838 [11] INFO  Current Folder : 7541748432989757_754_130_1_1
2025-05-28 15:58:15,867 [11] INFO  ANPR direction: , 0
2025-05-28 15:58:23,307 [11] INFO  Warning Plate Ignored, zohaib-25029 Plate : -  Trans. ID : 7541748432989757 Location : Marina Mall
2025-05-28 15:58:23,338 [11] INFO  Priority : 25029, User Count : 2, Queue : 19
2025-05-28 15:58:23,347 [11] INFO  Current Folder : 7571748432860273_757_130_0_1
2025-05-28 15:58:23,370 [11] INFO  ANPR direction: , 0
2025-05-28 15:58:23,753 [11] INFO  Error FormatSearchGridColumns : Object reference not set to an instance of an object.
2025-05-28 15:58:48,232 [11] INFO  Warning Plate Ignored, zohaib-25029 Plate : -  Trans. ID : 7571748432860273 Location : Marina Mall
2025-05-28 15:58:48,264 [11] INFO  Priority : 25029, User Count : 2, Queue : 18
2025-05-28 15:58:48,277 [11] INFO  Current Folder : 7601748433321304_760_130_1_1
2025-05-28 15:58:48,310 [11] INFO  ANPR direction: , 0
2025-05-28 15:59:07,629 [11] INFO  Priority : 25029, User Count : 2, Queue : 19
2025-05-28 15:59:07,640 [11] INFO  Current Folder : 4071748433501521_407_73_1_1
2025-05-28 15:59:07,662 [11] INFO  ANPR direction: , 0
2025-05-28 15:59:17,670 [11] INFO  Priority : 25029, User Count : 2, Queue : 19
2025-05-28 15:59:17,686 [11] INFO  Current Folder : 4071748433501521_407_73_1_1
2025-05-28 15:59:17,701 [11] INFO  ANPR direction: , 0
2025-05-28 15:59:18,432 [11] INFO  Priority : 25029, User Count : 2, Queue : 19
2025-05-28 15:59:18,448 [11] INFO  Current Folder : 4071748433501521_407_73_1_1
2025-05-28 15:59:18,460 [11] INFO  ANPR direction: , 0
2025-05-28 15:59:19,073 [11] INFO  Priority : 25029, User Count : 1, Queue : 19
2025-05-28 15:59:19,086 [11] INFO  Current Folder : 4071748433501521_407_73_1_1
2025-05-28 15:59:19,096 [11] INFO  ANPR direction: , 0
2025-05-28 15:59:19,616 [11] INFO  Priority : 25029, User Count : 1, Queue : 19
2025-05-28 15:59:19,627 [11] INFO  Current Folder : 4071748433501521_407_73_1_1
2025-05-28 15:59:19,641 [11] INFO  ANPR direction: , 0
2025-05-28 15:59:19,951 [11] INFO  Priority : 25029, User Count : 1, Queue : 19
2025-05-28 15:59:19,962 [11] INFO  Current Folder : 4071748433501521_407_73_1_1
2025-05-28 15:59:19,978 [11] INFO  ANPR direction: , 0
2025-05-28 15:59:20,253 [11] INFO  Priority : 25029, User Count : 1, Queue : 19
2025-05-28 15:59:20,268 [11] INFO  Current Folder : 4071748433501521_407_73_1_1
2025-05-28 15:59:20,282 [11] INFO  ANPR direction: , 0
2025-05-28 15:59:20,540 [11] INFO  Priority : 25029, User Count : 1, Queue : 19
2025-05-28 15:59:20,557 [11] INFO  Current Folder : 4071748433501521_407_73_1_1
2025-05-28 15:59:20,569 [11] INFO  ANPR direction: , 0
2025-05-28 15:59:20,751 [11] INFO  Priority : 25029, User Count : 1, Queue : 19
2025-05-28 15:59:20,763 [11] INFO  Current Folder : 4071748433501521_407_73_1_1
2025-05-28 15:59:20,774 [11] INFO  ANPR direction: , 0
2025-05-28 15:59:41,540 [11] INFO  Priority : 25029, User Count : 1, Queue : 19
2025-05-28 15:59:41,558 [11] INFO  Current Folder : 4071748433501521_407_73_1_1
2025-05-28 15:59:41,572 [11] INFO  ANPR direction: , 0
2025-05-28 16:00:18,063 [9] INFO  Priority : 25033, User Count : 2, Queue : 13
2025-05-28 16:00:18,115 [9] INFO  Current Folder : 4071748433501521_407_73_1_1
2025-05-28 16:00:18,277 [9] INFO  ANPR direction: , 0
2025-05-28 16:01:24,108 [9] INFO  Priority : 25034, User Count : 2, Queue : 14
2025-05-28 16:01:24,187 [9] INFO  Current Folder : 1691748433576953_169_34_1_1
2025-05-28 16:01:24,436 [9] INFO  LPR direction: reverse, 1
2025-05-28 16:01:45,273 [9] INFO  Priority : 25034, User Count : 2, Queue : 24
2025-05-28 16:01:45,288 [9] INFO  Current Folder : 1691748433576953_169_34_1_1
2025-05-28 16:01:45,315 [9] INFO  LPR direction: reverse, 1
2025-05-28 16:02:00,109 [9] INFO  Success, Captured Plate : 14-9528 Abu Dhabi, Corrected Plate : 14-9528 Abu Dhabi, Trans. ID : 1691748433576953 Location : Cedre Villas Community Center, Type: Plate Correction
2025-05-28 16:02:03,193 [9] INFO  Priority : 25034, User Count : 3, Queue : 24
2025-05-28 16:02:03,195 [9] INFO  SaveCorrectedDataToMasterParkonic Error : {"message":"Unauthorized"}
2025-05-28 16:02:03,275 [9] INFO  Current Folder : 6351748433648584_635_113_1_1
2025-05-28 16:02:03,306 [9] INFO  ANPR direction: , 0
2025-05-28 16:04:25,644 [9] INFO  Priority : 25037, User Count : 3, Queue : 17
2025-05-28 16:04:25,675 [9] INFO  Current Folder : 6351748433648584_635_113_1_1
2025-05-28 16:04:25,839 [9] INFO  ANPR direction: , 0
2025-05-28 16:04:47,825 [9] INFO  Priority : 25037, User Count : 3, Queue : 17
2025-05-28 16:04:47,847 [9] INFO  Current Folder : 6351748433648584_635_113_1_1
2025-05-28 16:04:47,869 [9] INFO  ANPR direction: , 0
2025-05-28 16:05:21,863 [9] INFO  Success, Captured Plate : - , Corrected Plate : w-88195 Dubai, Trans. ID : 6351748433648584 Location : Union Coop - Al Barsha, Type: Plate Correction
2025-05-28 16:05:25,589 [9] INFO  Priority : 25037, User Count : 3, Queue : 15
2025-05-28 16:05:25,591 [9] INFO  SaveCorrectedDataToMasterParkonic Error : {"message":"Unauthorized"}
2025-05-28 16:05:25,636 [9] INFO  Current Folder : 9631748432956291_963_150_0_1
2025-05-28 16:09:45,017 [10] INFO  Priority : 25038, User Count : 3, Queue : 6
2025-05-28 16:09:45,050 [10] INFO  Current Folder : 9601748434098232_960_162_1_1
2025-05-28 16:09:45,226 [10] INFO  LPR direction: forward, 1
2025-05-28 16:10:07,290 [10] INFO  Priority : 25038, User Count : 3, Queue : 8
2025-05-28 16:10:07,308 [10] INFO  Current Folder : 9601748434098232_960_162_1_1
2025-05-28 16:10:07,334 [10] INFO  LPR direction: forward, 1
2025-05-28 16:10:19,574 [10] INFO  Success, Captured Plate : -13703 Dubai, Corrected Plate : w-13703 Dubai, Trans. ID : 9601748434098232 Location : DEP Al Yazia, Type: Plate Correction
2025-05-28 16:10:21,146 [10] INFO  Priority : 25038, User Count : 3, Queue : 6
2025-05-28 16:10:21,149 [10] INFO  Data has been successfully saved in Master Parkonic
2025-05-28 16:10:21,166 [10] INFO  Current Folder : 4211748433747039_421_78_0
2025-05-28 16:10:21,820 [10] INFO  Error FormatSearchGridColumns : Object reference not set to an instance of an object.
2025-05-28 16:11:24,020 [10] INFO  Priority : 25038, User Count : 2, Queue : 2
2025-05-28 16:11:24,032 [10] INFO  Current Folder : 9631748434250518_963_150_0_1
2025-05-28 16:11:46,169 [10] INFO  Priority : 25038, User Count : 2, Queue : 1
2025-05-28 16:11:46,182 [10] INFO  Current Folder : 9631748434250518_963_150_0_1
2025-05-28 16:12:07,173 [10] INFO  Success, Captured Plate : - , Corrected Plate : W-13703 Dubai, Trans. ID : 9631748434250518 Location : Union Coop Mankhool, Type: Plate Correction
2025-05-28 16:12:09,215 [10] INFO  Priority : 25038, User Count : 2, Queue : 0
2025-05-28 16:12:09,218 [10] INFO  Data has been successfully saved in Master Parkonic
2025-05-28 16:12:09,225 [10] INFO  Invalid/Empty Current Folder
2025-05-28 16:12:11,248 [12] INFO  Priority : 25038, User Count : 2, Queue : 0
2025-05-28 16:12:11,255 [11] INFO  Invalid/Empty Current Folder
2025-05-28 16:12:13,294 [28] INFO  Priority : 25038, User Count : 2, Queue : 1
2025-05-28 16:12:13,332 [22] INFO  Invalid/Empty Current Folder
2025-05-28 16:12:15,394 [22] INFO  Priority : 25038, User Count : 2, Queue : 1
2025-05-28 16:12:15,400 [11] INFO  Current Folder : 7341748434306714_734_131_0_1
2025-05-28 16:12:15,472 [11] INFO  ANPR direction: , 0
2025-05-29 16:08:58,541 [1] INFO  Priority : 25335, User Count : 1, Queue : 0
2025-05-29 16:08:58,563 [1] INFO  Invalid/Empty Current Folder
2025-05-29 16:09:00,607 [17] INFO  Priority : 25335, User Count : 1, Queue : 0
2025-05-29 16:09:00,631 [17] INFO  Invalid/Empty Current Folder
2025-05-29 16:09:02,659 [3] INFO  Priority : 25335, User Count : 1, Queue : 0
2025-05-29 16:09:02,667 [3] INFO  Invalid/Empty Current Folder
2025-05-29 16:09:04,682 [12] INFO  Priority : 25335, User Count : 1, Queue : 0
2025-05-29 16:09:04,695 [12] INFO  Invalid/Empty Current Folder
2025-05-29 16:09:06,707 [15] INFO  Priority : 25335, User Count : 1, Queue : 0
2025-05-29 16:09:06,714 [15] INFO  Invalid/Empty Current Folder
2025-05-29 16:09:08,737 [18] INFO  Priority : 25335, User Count : 1, Queue : 0
2025-05-29 16:09:08,745 [18] INFO  Invalid/Empty Current Folder
2025-05-29 16:09:10,883 [10] INFO  Priority : 25335, User Count : 1, Queue : 0
2025-05-29 16:09:10,927 [10] INFO  Invalid/Empty Current Folder
2025-05-29 16:09:12,960 [17] INFO  Priority : 25335, User Count : 1, Queue : 0
2025-05-29 16:09:12,974 [17] INFO  Invalid/Empty Current Folder
2025-05-29 16:09:14,992 [4] INFO  Priority : 25335, User Count : 1, Queue : 0
2025-05-29 16:09:15,003 [4] INFO  Invalid/Empty Current Folder
2025-05-29 16:09:17,016 [10] INFO  Priority : 25335, User Count : 1, Queue : 0
2025-05-29 16:09:17,023 [10] INFO  Invalid/Empty Current Folder
2025-05-29 16:09:19,040 [19] INFO  Priority : 25335, User Count : 1, Queue : 0
2025-05-29 16:09:19,047 [19] INFO  Invalid/Empty Current Folder
2025-05-29 16:09:21,062 [4] INFO  Priority : 25335, User Count : 1, Queue : 0
2025-05-29 16:09:21,068 [4] INFO  Invalid/Empty Current Folder
2025-05-29 16:09:23,093 [16] INFO  Priority : 25335, User Count : 1, Queue : 0
2025-05-29 16:09:23,100 [16] INFO  Invalid/Empty Current Folder
2025-05-29 16:09:25,134 [4] INFO  Priority : 25335, User Count : 1, Queue : 0
2025-05-29 16:09:25,146 [4] INFO  Invalid/Empty Current Folder
2025-05-29 16:09:27,159 [10] INFO  Priority : 25335, User Count : 1, Queue : 0
2025-05-29 16:09:27,167 [10] INFO  Invalid/Empty Current Folder
2025-05-29 16:09:29,193 [19] INFO  Priority : 25335, User Count : 1, Queue : 0
2025-05-29 16:09:29,199 [19] INFO  Invalid/Empty Current Folder
2025-05-29 16:09:31,220 [14] INFO  Priority : 25335, User Count : 1, Queue : 0
2025-05-29 16:09:31,226 [14] INFO  Invalid/Empty Current Folder
2025-05-29 16:09:33,236 [3] INFO  Priority : 25335, User Count : 1, Queue : 0
2025-05-29 16:09:33,242 [3] INFO  Invalid/Empty Current Folder
2025-05-29 16:09:35,259 [11] INFO  Priority : 25335, User Count : 1, Queue : 0
2025-05-29 16:09:35,266 [11] INFO  Invalid/Empty Current Folder
2025-05-29 16:09:37,290 [15] INFO  Priority : 25335, User Count : 1, Queue : 0
2025-05-29 16:09:37,299 [15] INFO  Invalid/Empty Current Folder
2025-05-29 16:09:39,319 [12] INFO  Priority : 25335, User Count : 1, Queue : 0
2025-05-29 16:09:39,332 [12] INFO  Invalid/Empty Current Folder
2025-05-29 16:09:41,351 [18] INFO  Priority : 25335, User Count : 1, Queue : 0
2025-05-29 16:09:41,367 [18] INFO  Invalid/Empty Current Folder
2025-05-29 16:09:43,388 [3] INFO  Priority : 25335, User Count : 1, Queue : 0
2025-05-29 16:09:43,394 [3] INFO  Invalid/Empty Current Folder
2025-05-29 16:09:45,418 [11] INFO  Priority : 25335, User Count : 1, Queue : 0
2025-05-29 16:09:45,425 [11] INFO  Invalid/Empty Current Folder
2025-05-29 16:09:47,443 [17] INFO  Priority : 25335, User Count : 1, Queue : 0
2025-05-29 16:09:47,448 [17] INFO  Invalid/Empty Current Folder
2025-05-29 16:09:49,473 [19] INFO  Priority : 25335, User Count : 1, Queue : 0
2025-05-29 16:09:49,480 [19] INFO  Invalid/Empty Current Folder
2025-05-29 16:09:51,495 [12] INFO  Priority : 25335, User Count : 1, Queue : 0
2025-05-29 16:09:51,502 [12] INFO  Invalid/Empty Current Folder
2025-05-29 16:09:53,523 [17] INFO  Priority : 25335, User Count : 1, Queue : 0
2025-05-29 16:09:53,533 [17] INFO  Invalid/Empty Current Folder
2025-05-29 16:09:55,567 [17] INFO  Priority : 25335, User Count : 1, Queue : 0
2025-05-29 16:09:55,579 [17] INFO  Invalid/Empty Current Folder
2025-05-29 16:09:57,603 [16] INFO  Priority : 25335, User Count : 1, Queue : 0
2025-05-29 16:09:57,609 [16] INFO  Invalid/Empty Current Folder
2025-05-29 16:09:59,637 [16] INFO  Priority : 25335, User Count : 1, Queue : 0
2025-05-29 16:09:59,643 [16] INFO  Invalid/Empty Current Folder
2025-05-29 16:10:01,667 [16] INFO  Priority : 25335, User Count : 1, Queue : 0
2025-05-29 16:10:01,674 [16] INFO  Invalid/Empty Current Folder
2025-05-29 16:10:03,688 [11] INFO  Priority : 25335, User Count : 1, Queue : 0
2025-05-29 16:10:03,694 [11] INFO  Invalid/Empty Current Folder
2025-05-29 16:10:05,711 [14] INFO  Priority : 25335, User Count : 1, Queue : 0
2025-05-29 16:10:05,721 [14] INFO  Invalid/Empty Current Folder
2025-05-29 16:10:07,745 [10] INFO  Priority : 25335, User Count : 1, Queue : 0
2025-05-29 16:10:07,752 [10] INFO  Invalid/Empty Current Folder
2025-05-29 16:10:09,765 [19] INFO  Priority : 25335, User Count : 1, Queue : 0
2025-05-29 16:10:09,772 [19] INFO  Invalid/Empty Current Folder
2025-05-29 16:10:11,804 [16] INFO  Priority : 25335, User Count : 1, Queue : 0
2025-05-29 16:10:11,822 [16] INFO  Invalid/Empty Current Folder
2025-05-29 16:10:13,851 [14] INFO  Priority : 25335, User Count : 1, Queue : 0
2025-05-29 16:10:13,858 [14] INFO  Invalid/Empty Current Folder
2025-05-29 16:10:15,878 [12] INFO  Priority : 25335, User Count : 1, Queue : 0
2025-05-29 16:10:15,884 [12] INFO  Invalid/Empty Current Folder
2025-05-29 16:10:17,911 [16] INFO  Priority : 25335, User Count : 1, Queue : 0
2025-05-29 16:10:17,920 [16] INFO  Invalid/Empty Current Folder
2025-05-29 16:10:19,943 [4] INFO  Priority : 25335, User Count : 1, Queue : 0
2025-05-29 16:10:19,953 [4] INFO  Invalid/Empty Current Folder
2025-05-29 16:10:21,981 [14] INFO  Priority : 25335, User Count : 1, Queue : 0
2025-05-29 16:10:21,997 [14] INFO  Invalid/Empty Current Folder
2025-05-29 16:10:24,025 [4] INFO  Priority : 25335, User Count : 1, Queue : 0
2025-05-29 16:10:24,032 [4] INFO  Invalid/Empty Current Folder
2025-05-29 16:10:26,051 [15] INFO  Priority : 25335, User Count : 1, Queue : 0
2025-05-29 16:10:26,059 [15] INFO  Invalid/Empty Current Folder
2025-05-29 16:10:28,079 [18] INFO  Priority : 25335, User Count : 1, Queue : 0
2025-05-29 16:10:28,086 [18] INFO  Invalid/Empty Current Folder
2025-05-29 16:10:30,104 [18] INFO  Priority : 25335, User Count : 1, Queue : 0
2025-05-29 16:10:30,111 [18] INFO  Invalid/Empty Current Folder
2025-05-29 16:10:32,132 [15] INFO  Priority : 25335, User Count : 1, Queue : 0
2025-05-29 16:10:32,138 [15] INFO  Invalid/Empty Current Folder
2025-05-29 16:10:34,153 [17] INFO  Priority : 25335, User Count : 1, Queue : 0
2025-05-29 16:10:34,160 [17] INFO  Invalid/Empty Current Folder
2025-05-29 16:10:36,178 [14] INFO  Priority : 25335, User Count : 1, Queue : 0
2025-05-29 16:10:36,184 [14] INFO  Invalid/Empty Current Folder
2025-05-29 16:10:38,215 [4] INFO  Priority : 25335, User Count : 1, Queue : 0
2025-05-29 16:10:38,229 [4] INFO  Invalid/Empty Current Folder
2025-05-29 16:10:40,252 [11] INFO  Priority : 25335, User Count : 1, Queue : 0
2025-05-29 16:10:40,258 [11] INFO  Invalid/Empty Current Folder
2025-05-29 16:10:42,277 [19] INFO  Priority : 25335, User Count : 1, Queue : 0
2025-05-29 16:10:42,283 [19] INFO  Invalid/Empty Current Folder
2025-05-29 16:10:44,295 [16] INFO  Priority : 25335, User Count : 1, Queue : 0
2025-05-29 16:10:44,302 [16] INFO  Invalid/Empty Current Folder
2025-05-29 16:10:46,312 [19] INFO  Priority : 25335, User Count : 1, Queue : 0
2025-05-29 16:10:46,319 [19] INFO  Invalid/Empty Current Folder
2025-05-29 16:10:48,328 [18] INFO  Priority : 25335, User Count : 1, Queue : 0
2025-05-29 16:10:48,335 [18] INFO  Invalid/Empty Current Folder
2025-05-29 16:10:50,357 [11] INFO  Priority : 25335, User Count : 1, Queue : 0
2025-05-29 16:10:50,363 [11] INFO  Invalid/Empty Current Folder
2025-05-29 16:10:52,387 [11] INFO  Priority : 25335, User Count : 1, Queue : 0
2025-05-29 16:10:52,394 [11] INFO  Invalid/Empty Current Folder
2025-05-29 16:10:54,417 [18] INFO  Priority : 25335, User Count : 1, Queue : 0
2025-05-29 16:10:54,423 [18] INFO  Invalid/Empty Current Folder
2025-05-29 16:10:56,439 [16] INFO  Priority : 25335, User Count : 1, Queue : 0
2025-05-29 16:10:56,451 [16] INFO  Invalid/Empty Current Folder
2025-05-29 16:10:58,473 [19] INFO  Priority : 25335, User Count : 1, Queue : 0
2025-05-29 16:10:58,482 [19] INFO  Invalid/Empty Current Folder
2025-05-29 16:11:00,505 [12] INFO  Priority : 25335, User Count : 1, Queue : 0
2025-05-29 16:11:00,519 [12] INFO  Invalid/Empty Current Folder
2025-05-29 16:11:02,530 [19] INFO  Priority : 25335, User Count : 1, Queue : 0
2025-05-29 16:11:02,537 [19] INFO  Invalid/Empty Current Folder
2025-05-29 16:11:04,550 [10] INFO  Priority : 25335, User Count : 1, Queue : 0
2025-05-29 16:11:04,557 [10] INFO  Invalid/Empty Current Folder
2025-05-29 16:11:06,568 [4] INFO  Priority : 25335, User Count : 1, Queue : 0
2025-05-29 16:11:06,574 [4] INFO  Invalid/Empty Current Folder
2025-05-29 16:11:08,596 [17] INFO  Priority : 25335, User Count : 1, Queue : 0
2025-05-29 16:11:08,602 [17] INFO  Invalid/Empty Current Folder
2025-05-29 16:11:10,626 [4] INFO  Priority : 25335, User Count : 1, Queue : 0
2025-05-29 16:11:10,634 [4] INFO  Invalid/Empty Current Folder
2025-05-29 16:11:12,654 [4] INFO  Priority : 25335, User Count : 1, Queue : 0
2025-05-29 16:11:12,661 [4] INFO  Invalid/Empty Current Folder
2025-05-29 16:11:14,686 [4] INFO  Priority : 25335, User Count : 1, Queue : 0
2025-05-29 16:11:14,695 [4] INFO  Invalid/Empty Current Folder
2025-05-29 16:11:16,719 [16] INFO  Priority : 25335, User Count : 1, Queue : 0
2025-05-29 16:11:16,731 [16] INFO  Invalid/Empty Current Folder
2025-05-29 16:11:18,741 [17] INFO  Priority : 25335, User Count : 1, Queue : 0
2025-05-29 16:11:18,749 [17] INFO  Invalid/Empty Current Folder
2025-05-29 16:11:20,760 [10] INFO  Priority : 25335, User Count : 1, Queue : 0
2025-05-29 16:11:20,767 [10] INFO  Invalid/Empty Current Folder
2025-05-29 16:11:22,788 [16] INFO  Priority : 25335, User Count : 1, Queue : 0
2025-05-29 16:11:22,802 [16] INFO  Invalid/Empty Current Folder
2025-05-29 16:11:24,824 [10] INFO  Priority : 25335, User Count : 1, Queue : 0
2025-05-29 16:11:24,834 [10] INFO  Invalid/Empty Current Folder
2025-05-29 16:11:26,854 [18] INFO  Priority : 25335, User Count : 1, Queue : 0
2025-05-29 16:11:26,859 [19] INFO  Invalid/Empty Current Folder
2025-05-29 16:11:28,886 [19] INFO  Priority : 25335, User Count : 1, Queue : 0
2025-05-29 16:11:28,893 [19] INFO  Invalid/Empty Current Folder
2025-05-29 16:11:30,924 [17] INFO  Priority : 25335, User Count : 1, Queue : 0
2025-05-29 16:11:30,938 [17] INFO  Invalid/Empty Current Folder
2025-05-29 16:11:32,974 [17] INFO  Priority : 25335, User Count : 1, Queue : 0
2025-05-29 16:11:32,981 [17] INFO  Invalid/Empty Current Folder
2025-05-29 16:11:35,007 [4] INFO  Priority : 25335, User Count : 1, Queue : 0
2025-05-29 16:11:35,013 [4] INFO  Invalid/Empty Current Folder
2025-05-29 16:11:37,053 [4] INFO  Priority : 25335, User Count : 1, Queue : 0
2025-05-29 16:11:37,065 [4] INFO  Invalid/Empty Current Folder
2025-05-29 16:11:39,085 [17] INFO  Priority : 25335, User Count : 1, Queue : 0
2025-05-29 16:11:39,097 [17] INFO  Invalid/Empty Current Folder
2025-05-29 16:11:41,123 [4] INFO  Priority : 25335, User Count : 1, Queue : 0
2025-05-29 16:11:41,130 [4] INFO  Invalid/Empty Current Folder
2025-05-29 16:11:43,153 [4] INFO  Priority : 25335, User Count : 1, Queue : 0
2025-05-29 16:11:43,160 [4] INFO  Invalid/Empty Current Folder
2025-05-29 16:11:45,174 [14] INFO  Priority : 25335, User Count : 1, Queue : 0
2025-05-29 16:11:45,182 [14] INFO  Invalid/Empty Current Folder
2025-05-29 16:11:47,206 [16] INFO  Priority : 25335, User Count : 1, Queue : 0
2025-05-29 16:11:47,219 [16] INFO  Invalid/Empty Current Folder
2025-05-29 16:11:49,241 [4] INFO  Priority : 25335, User Count : 1, Queue : 0
2025-05-29 16:11:49,248 [4] INFO  Invalid/Empty Current Folder
2025-05-29 16:11:51,270 [18] INFO  Priority : 25335, User Count : 1, Queue : 0
2025-05-29 16:11:51,278 [18] INFO  Invalid/Empty Current Folder
2025-05-29 16:11:53,288 [15] INFO  Priority : 25335, User Count : 1, Queue : 0
2025-05-29 16:11:53,295 [15] INFO  Invalid/Empty Current Folder
2025-05-29 16:11:55,310 [11] INFO  Priority : 25335, User Count : 1, Queue : 0
2025-05-29 16:11:55,317 [11] INFO  Invalid/Empty Current Folder
2025-05-29 16:11:57,353 [12] INFO  Priority : 25335, User Count : 1, Queue : 0
2025-05-29 16:11:57,360 [12] INFO  Invalid/Empty Current Folder
2025-05-29 16:11:59,388 [11] INFO  Priority : 25335, User Count : 1, Queue : 0
2025-05-29 16:11:59,401 [11] INFO  Invalid/Empty Current Folder
2025-05-29 16:12:01,424 [18] INFO  Priority : 25335, User Count : 1, Queue : 0
2025-05-29 16:12:01,437 [18] INFO  Invalid/Empty Current Folder
2025-05-29 16:12:03,451 [3] INFO  Priority : 25335, User Count : 1, Queue : 0
2025-05-29 16:12:03,459 [3] INFO  Invalid/Empty Current Folder
2025-05-29 16:12:05,478 [10] INFO  Priority : 25335, User Count : 1, Queue : 0
2025-05-29 16:12:05,483 [10] INFO  Invalid/Empty Current Folder
2025-05-29 16:12:07,508 [4] INFO  Priority : 25335, User Count : 1, Queue : 0
2025-05-29 16:12:07,520 [4] INFO  Invalid/Empty Current Folder
2025-05-29 16:12:09,538 [16] INFO  Priority : 25335, User Count : 1, Queue : 0
2025-05-29 16:12:09,548 [16] INFO  Invalid/Empty Current Folder
2025-05-29 16:12:11,576 [17] INFO  Priority : 25335, User Count : 1, Queue : 0
2025-05-29 16:12:11,584 [17] INFO  Invalid/Empty Current Folder
2025-05-29 16:12:13,600 [4] INFO  Priority : 25335, User Count : 1, Queue : 0
2025-05-29 16:12:13,608 [4] INFO  Invalid/Empty Current Folder
2025-05-29 16:12:15,634 [12] INFO  Priority : 25335, User Count : 1, Queue : 0
2025-05-29 16:12:15,644 [12] INFO  Invalid/Empty Current Folder
2025-05-29 16:12:17,655 [19] INFO  Priority : 25335, User Count : 1, Queue : 0
2025-05-29 16:12:17,660 [19] INFO  Invalid/Empty Current Folder
2025-05-29 16:12:19,683 [4] INFO  Priority : 25335, User Count : 1, Queue : 0
2025-05-29 16:12:19,689 [4] INFO  Invalid/Empty Current Folder
2025-05-29 16:12:21,706 [10] INFO  Priority : 25335, User Count : 1, Queue : 0
2025-05-29 16:12:21,715 [10] INFO  Invalid/Empty Current Folder
2025-05-29 16:12:23,743 [17] INFO  Priority : 25335, User Count : 1, Queue : 0
2025-05-29 16:12:23,771 [17] INFO  Invalid/Empty Current Folder
2025-05-29 16:12:25,789 [16] INFO  Priority : 25335, User Count : 1, Queue : 0
2025-05-29 16:12:25,795 [18] INFO  Invalid/Empty Current Folder
2025-05-29 16:12:27,805 [10] INFO  Priority : 25335, User Count : 1, Queue : 0
2025-05-29 16:12:27,812 [10] INFO  Invalid/Empty Current Folder
2025-05-29 16:12:29,845 [14] INFO  Priority : 25335, User Count : 1, Queue : 0
2025-05-29 16:12:29,852 [14] INFO  Invalid/Empty Current Folder
2025-05-29 16:12:31,871 [4] INFO  Priority : 25335, User Count : 1, Queue : 0
2025-05-29 16:12:31,879 [4] INFO  Invalid/Empty Current Folder
2025-05-29 16:12:33,902 [17] INFO  Priority : 25335, User Count : 1, Queue : 0
2025-05-29 16:12:33,913 [17] INFO  Invalid/Empty Current Folder
2025-05-29 16:12:35,933 [11] INFO  Priority : 25335, User Count : 1, Queue : 0
2025-05-29 16:12:35,941 [11] INFO  Invalid/Empty Current Folder
2025-05-29 16:12:37,953 [19] INFO  Priority : 25335, User Count : 1, Queue : 0
2025-05-29 16:12:37,961 [19] INFO  Invalid/Empty Current Folder
2025-05-29 16:12:39,985 [18] INFO  Priority : 25335, User Count : 1, Queue : 0
2025-05-29 16:12:39,995 [18] INFO  Invalid/Empty Current Folder
2025-05-29 16:12:42,009 [3] INFO  Priority : 25335, User Count : 1, Queue : 0
2025-05-29 16:12:42,015 [3] INFO  Invalid/Empty Current Folder
2025-05-29 16:12:44,038 [17] INFO  Priority : 25335, User Count : 1, Queue : 0
2025-05-29 16:12:44,045 [17] INFO  Invalid/Empty Current Folder
2025-05-29 16:12:46,063 [10] INFO  Priority : 25335, User Count : 1, Queue : 0
2025-05-29 16:12:46,069 [10] INFO  Invalid/Empty Current Folder
2025-05-29 16:12:48,087 [3] INFO  Priority : 25335, User Count : 1, Queue : 0
2025-05-29 16:12:48,093 [3] INFO  Invalid/Empty Current Folder
2025-05-29 16:12:50,115 [19] INFO  Priority : 25335, User Count : 1, Queue : 0
2025-05-29 16:12:50,122 [19] INFO  Invalid/Empty Current Folder
2025-05-29 16:12:52,138 [19] INFO  Priority : 25335, User Count : 1, Queue : 0
2025-05-29 16:12:52,145 [19] INFO  Invalid/Empty Current Folder
2025-05-29 16:12:54,188 [18] INFO  Priority : 25335, User Count : 1, Queue : 0
2025-05-29 16:12:54,195 [18] INFO  Invalid/Empty Current Folder
2025-05-29 16:12:56,224 [14] INFO  Priority : 25335, User Count : 1, Queue : 0
2025-05-29 16:12:56,238 [14] INFO  Invalid/Empty Current Folder
2025-05-29 16:12:58,269 [18] INFO  Priority : 25335, User Count : 1, Queue : 0
2025-05-29 16:12:58,284 [18] INFO  Invalid/Empty Current Folder
2025-05-29 16:13:00,311 [10] INFO  Priority : 25335, User Count : 1, Queue : 0
2025-05-29 16:13:00,322 [10] INFO  Invalid/Empty Current Folder
2025-05-29 16:13:02,335 [4] INFO  Priority : 25335, User Count : 1, Queue : 0
2025-05-29 16:13:02,341 [4] INFO  Invalid/Empty Current Folder
2025-05-29 16:13:04,354 [11] INFO  Priority : 25335, User Count : 1, Queue : 0
2025-05-29 16:13:04,362 [11] INFO  Invalid/Empty Current Folder
2025-05-29 16:13:06,381 [17] INFO  Priority : 25335, User Count : 1, Queue : 0
2025-05-29 16:13:06,388 [17] INFO  Invalid/Empty Current Folder
2025-05-29 16:13:08,400 [14] INFO  Priority : 25335, User Count : 1, Queue : 0
2025-05-29 16:13:08,408 [14] INFO  Invalid/Empty Current Folder
2025-05-29 16:13:10,431 [3] INFO  Priority : 25335, User Count : 1, Queue : 0
2025-05-29 16:13:10,437 [3] INFO  Invalid/Empty Current Folder
2025-05-29 16:13:12,453 [17] INFO  Priority : 25335, User Count : 2, Queue : 0
2025-05-29 16:13:12,468 [17] INFO  Invalid/Empty Current Folder
2025-05-29 16:13:14,489 [15] INFO  Priority : 25335, User Count : 2, Queue : 0
2025-05-29 16:13:14,504 [15] INFO  Invalid/Empty Current Folder
2025-05-29 16:13:16,516 [18] INFO  Priority : 25335, User Count : 2, Queue : 0
2025-05-29 16:13:16,526 [18] INFO  Invalid/Empty Current Folder
2025-05-29 16:13:18,555 [17] INFO  Priority : 25335, User Count : 2, Queue : 0
2025-05-29 16:13:18,564 [17] INFO  Invalid/Empty Current Folder
2025-05-29 16:13:20,590 [15] INFO  Priority : 25335, User Count : 2, Queue : 0
2025-05-29 16:13:20,599 [15] INFO  Invalid/Empty Current Folder
2025-05-29 16:13:22,611 [18] INFO  Priority : 25335, User Count : 2, Queue : 0
2025-05-29 16:13:22,617 [18] INFO  Invalid/Empty Current Folder
2025-05-29 16:13:24,631 [18] INFO  Priority : 25335, User Count : 2, Queue : 0
2025-05-29 16:13:24,637 [18] INFO  Invalid/Empty Current Folder
2025-05-29 16:13:26,671 [18] INFO  Priority : 25335, User Count : 2, Queue : 0
2025-05-29 16:13:26,677 [18] INFO  Invalid/Empty Current Folder
2025-05-29 16:13:28,702 [16] INFO  Priority : 25335, User Count : 2, Queue : 0
2025-05-29 16:13:28,709 [16] INFO  Invalid/Empty Current Folder
2025-05-29 16:13:30,728 [11] INFO  Priority : 25335, User Count : 2, Queue : 0
2025-05-29 16:13:30,736 [11] INFO  Invalid/Empty Current Folder
2025-05-29 16:13:32,752 [19] INFO  Priority : 25335, User Count : 2, Queue : 0
2025-05-29 16:13:32,767 [19] INFO  Invalid/Empty Current Folder
2025-05-29 16:13:34,788 [11] INFO  Priority : 25335, User Count : 2, Queue : 0
2025-05-29 16:13:34,795 [11] INFO  Invalid/Empty Current Folder
2025-05-29 16:13:36,817 [3] INFO  Priority : 25335, User Count : 2, Queue : 0
2025-05-29 16:13:36,824 [3] INFO  Invalid/Empty Current Folder
2025-05-29 16:13:38,844 [17] INFO  Priority : 25335, User Count : 2, Queue : 0
2025-05-29 16:13:38,852 [17] INFO  Invalid/Empty Current Folder
2025-05-29 16:13:40,873 [4] INFO  Priority : 25335, User Count : 2, Queue : 0
2025-05-29 16:13:40,880 [4] INFO  Invalid/Empty Current Folder
2025-05-29 16:13:42,903 [3] INFO  Priority : 25335, User Count : 2, Queue : 0
2025-05-29 16:13:42,910 [3] INFO  Invalid/Empty Current Folder
2025-05-29 16:13:44,929 [11] INFO  Priority : 25335, User Count : 2, Queue : 0
2025-05-29 16:13:44,936 [11] INFO  Invalid/Empty Current Folder
2025-05-29 16:13:46,957 [4] INFO  Priority : 25335, User Count : 2, Queue : 0
2025-05-29 16:13:46,964 [4] INFO  Invalid/Empty Current Folder
2025-05-29 16:13:48,980 [15] INFO  Priority : 25335, User Count : 2, Queue : 0
2025-05-29 16:13:48,992 [15] INFO  Invalid/Empty Current Folder
2025-05-29 16:13:51,007 [10] INFO  Priority : 25335, User Count : 2, Queue : 0
2025-05-29 16:13:51,014 [10] INFO  Invalid/Empty Current Folder
2025-05-29 16:13:53,045 [10] INFO  Priority : 25335, User Count : 2, Queue : 0
2025-05-29 16:13:53,066 [10] INFO  Invalid/Empty Current Folder
2025-05-29 16:13:55,083 [16] INFO  Priority : 25335, User Count : 2, Queue : 0
2025-05-29 16:13:55,089 [16] INFO  Invalid/Empty Current Folder
2025-05-29 16:13:57,106 [17] INFO  Priority : 25335, User Count : 2, Queue : 0
2025-05-29 16:13:57,121 [17] INFO  Invalid/Empty Current Folder
2025-05-29 16:13:59,141 [17] INFO  Priority : 25335, User Count : 2, Queue : 0
2025-05-29 16:13:59,147 [17] INFO  Invalid/Empty Current Folder
2025-05-29 16:14:01,168 [16] INFO  Priority : 25335, User Count : 2, Queue : 0
2025-05-29 16:14:01,179 [16] INFO  Invalid/Empty Current Folder
2025-05-29 16:14:03,210 [3] INFO  Priority : 25335, User Count : 2, Queue : 0
2025-05-29 16:14:03,227 [3] INFO  Invalid/Empty Current Folder
2025-05-29 16:14:05,248 [19] INFO  Priority : 25335, User Count : 2, Queue : 0
2025-05-29 16:14:05,256 [19] INFO  Invalid/Empty Current Folder
2025-05-29 16:14:07,266 [11] INFO  Priority : 25335, User Count : 2, Queue : 0
2025-05-29 16:14:07,309 [11] INFO  Invalid/Empty Current Folder
2025-05-29 16:14:09,333 [16] INFO  Priority : 25335, User Count : 2, Queue : 0
2025-05-29 16:14:09,340 [16] INFO  Invalid/Empty Current Folder
2025-05-29 16:14:11,365 [4] INFO  Priority : 25335, User Count : 2, Queue : 0
2025-05-29 16:14:11,372 [4] INFO  Invalid/Empty Current Folder
2025-05-29 16:14:13,390 [12] INFO  Priority : 25335, User Count : 2, Queue : 0
2025-05-29 16:14:13,396 [12] INFO  Invalid/Empty Current Folder
2025-05-29 16:14:15,412 [17] INFO  Priority : 25335, User Count : 3, Queue : 0
2025-05-29 16:14:15,419 [17] INFO  Invalid/Empty Current Folder
2025-05-29 16:14:17,449 [19] INFO  Priority : 25335, User Count : 3, Queue : 0
2025-05-29 16:14:17,465 [19] INFO  Invalid/Empty Current Folder
2025-05-29 16:14:19,484 [15] INFO  Priority : 25335, User Count : 3, Queue : 0
2025-05-29 16:14:19,493 [15] INFO  Invalid/Empty Current Folder
2025-05-29 16:14:21,516 [15] INFO  Priority : 25335, User Count : 3, Queue : 0
2025-05-29 16:14:21,523 [15] INFO  Invalid/Empty Current Folder
2025-05-29 16:14:23,552 [10] INFO  Priority : 25335, User Count : 3, Queue : 0
2025-05-29 16:14:23,559 [10] INFO  Invalid/Empty Current Folder
2025-05-29 16:14:25,591 [18] INFO  Priority : 25335, User Count : 3, Queue : 0
2025-05-29 16:14:25,597 [18] INFO  Invalid/Empty Current Folder
2025-05-29 16:14:27,626 [12] INFO  Priority : 25335, User Count : 3, Queue : 0
2025-05-29 16:14:27,637 [12] INFO  Invalid/Empty Current Folder
2025-05-29 16:14:29,659 [10] INFO  Priority : 25335, User Count : 3, Queue : 0
2025-05-29 16:14:29,671 [10] INFO  Invalid/Empty Current Folder
2025-05-29 16:14:31,690 [3] INFO  Priority : 25335, User Count : 3, Queue : 0
2025-05-29 16:14:31,696 [3] INFO  Invalid/Empty Current Folder
2025-05-29 16:14:33,726 [15] INFO  Priority : 25335, User Count : 3, Queue : 0
2025-05-29 16:14:33,738 [15] INFO  Invalid/Empty Current Folder
2025-05-29 16:14:35,758 [4] INFO  Priority : 25335, User Count : 3, Queue : 0
2025-05-29 16:14:35,772 [4] INFO  Invalid/Empty Current Folder
2025-05-29 16:14:37,793 [15] INFO  Priority : 25335, User Count : 3, Queue : 0
2025-05-29 16:14:37,800 [15] INFO  Invalid/Empty Current Folder
2025-05-29 16:14:39,822 [3] INFO  Priority : 25335, User Count : 3, Queue : 0
2025-05-29 16:14:39,830 [3] INFO  Invalid/Empty Current Folder
2025-05-29 16:14:41,859 [3] INFO  Priority : 25335, User Count : 3, Queue : 0
2025-05-29 16:14:41,872 [3] INFO  Invalid/Empty Current Folder
2025-05-29 16:14:43,893 [18] INFO  Priority : 25335, User Count : 3, Queue : 0
2025-05-29 16:14:43,899 [18] INFO  Invalid/Empty Current Folder
2025-05-29 16:14:45,925 [4] INFO  Priority : 25335, User Count : 3, Queue : 0
2025-05-29 16:14:45,938 [4] INFO  Invalid/Empty Current Folder
2025-05-29 16:14:47,954 [12] INFO  Priority : 25335, User Count : 3, Queue : 0
2025-05-29 16:14:47,961 [12] INFO  Invalid/Empty Current Folder
2025-05-29 16:14:49,986 [19] INFO  Priority : 25335, User Count : 3, Queue : 0
2025-05-29 16:14:49,996 [19] INFO  Invalid/Empty Current Folder
2025-05-29 16:14:52,016 [17] INFO  Priority : 25335, User Count : 3, Queue : 0
2025-05-29 16:14:52,022 [17] INFO  Invalid/Empty Current Folder
2025-05-29 16:14:54,051 [17] INFO  Priority : 25335, User Count : 3, Queue : 0
2025-05-29 16:14:54,065 [17] INFO  Invalid/Empty Current Folder
2025-05-29 16:14:56,078 [4] INFO  Priority : 25335, User Count : 3, Queue : 0
2025-05-29 16:14:56,085 [4] INFO  Invalid/Empty Current Folder
2025-05-29 16:14:58,100 [18] INFO  Priority : 25335, User Count : 3, Queue : 0
2025-05-29 16:14:58,107 [18] INFO  Invalid/Empty Current Folder
2025-05-29 16:15:00,124 [12] INFO  Priority : 25335, User Count : 3, Queue : 0
2025-05-29 16:15:00,132 [12] INFO  Invalid/Empty Current Folder
2025-05-29 16:15:02,143 [4] INFO  Priority : 25335, User Count : 3, Queue : 0
2025-05-29 16:15:02,149 [4] INFO  Invalid/Empty Current Folder
2025-05-29 16:15:04,167 [11] INFO  Priority : 25335, User Count : 3, Queue : 0
2025-05-29 16:15:04,174 [11] INFO  Invalid/Empty Current Folder
2025-05-29 16:15:06,194 [19] INFO  Priority : 25335, User Count : 3, Queue : 0
2025-05-29 16:15:06,199 [19] INFO  Invalid/Empty Current Folder
2025-05-29 16:15:08,209 [12] INFO  Priority : 25335, User Count : 3, Queue : 0
2025-05-29 16:15:08,215 [12] INFO  Invalid/Empty Current Folder
2025-05-29 16:15:10,234 [12] INFO  Priority : 25335, User Count : 3, Queue : 0
2025-05-29 16:15:10,242 [12] INFO  Invalid/Empty Current Folder
2025-05-29 16:15:12,259 [19] INFO  Priority : 25335, User Count : 3, Queue : 0
2025-05-29 16:15:12,267 [19] INFO  Invalid/Empty Current Folder
2025-05-29 16:15:14,292 [19] INFO  Priority : 25335, User Count : 3, Queue : 0
2025-05-29 16:15:14,298 [19] INFO  Invalid/Empty Current Folder
2025-05-29 16:15:16,315 [15] INFO  Priority : 25335, User Count : 3, Queue : 0
2025-05-29 16:15:16,325 [15] INFO  Invalid/Empty Current Folder
2025-05-29 16:15:18,349 [14] INFO  Priority : 25335, User Count : 3, Queue : 0
2025-05-29 16:15:18,356 [14] INFO  Invalid/Empty Current Folder
2025-05-29 16:15:20,383 [18] INFO  Priority : 25335, User Count : 3, Queue : 0
2025-05-29 16:15:20,395 [18] INFO  Invalid/Empty Current Folder
2025-05-29 16:15:22,414 [15] INFO  Priority : 25335, User Count : 3, Queue : 0
2025-05-29 16:15:22,425 [15] INFO  Invalid/Empty Current Folder
2025-05-29 16:15:24,447 [4] INFO  Priority : 25335, User Count : 3, Queue : 0
2025-05-29 16:15:24,458 [4] INFO  Invalid/Empty Current Folder
2025-05-29 16:15:26,473 [19] INFO  Priority : 25335, User Count : 3, Queue : 0
2025-05-29 16:15:26,480 [19] INFO  Invalid/Empty Current Folder
2025-05-29 16:15:28,509 [11] INFO  Priority : 25335, User Count : 3, Queue : 0
2025-05-29 16:15:28,527 [11] INFO  Invalid/Empty Current Folder
2025-05-29 16:15:30,541 [3] INFO  Priority : 25335, User Count : 3, Queue : 0
2025-05-29 16:15:30,548 [3] INFO  Invalid/Empty Current Folder
2025-05-29 16:15:32,570 [17] INFO  Priority : 25335, User Count : 3, Queue : 0
2025-05-29 16:15:32,578 [17] INFO  Invalid/Empty Current Folder
2025-05-29 16:15:34,589 [15] INFO  Priority : 25335, User Count : 3, Queue : 0
2025-05-29 16:15:34,596 [15] INFO  Invalid/Empty Current Folder
2025-05-29 16:15:36,608 [16] INFO  Priority : 25335, User Count : 3, Queue : 0
2025-05-29 16:15:36,616 [16] INFO  Invalid/Empty Current Folder
2025-05-29 16:15:38,632 [4] INFO  Priority : 25335, User Count : 3, Queue : 0
2025-05-29 16:15:38,639 [4] INFO  Invalid/Empty Current Folder
2025-05-29 16:15:40,671 [14] INFO  Priority : 25335, User Count : 3, Queue : 0
2025-05-29 16:15:40,683 [14] INFO  Invalid/Empty Current Folder
2025-05-29 16:15:42,700 [16] INFO  Priority : 25335, User Count : 3, Queue : 0
2025-05-29 16:15:42,707 [16] INFO  Invalid/Empty Current Folder
2025-05-29 16:15:44,730 [16] INFO  Priority : 25335, User Count : 3, Queue : 0
2025-05-29 16:15:44,737 [16] INFO  Invalid/Empty Current Folder
2025-05-29 16:15:46,752 [16] INFO  Priority : 25335, User Count : 3, Queue : 0
2025-05-29 16:15:46,758 [16] INFO  Invalid/Empty Current Folder
2025-05-29 16:15:48,777 [16] INFO  Priority : 25335, User Count : 3, Queue : 0
2025-05-29 16:15:48,784 [16] INFO  Invalid/Empty Current Folder
2025-05-29 16:15:50,809 [10] INFO  Priority : 25335, User Count : 3, Queue : 0
2025-05-29 16:15:50,816 [10] INFO  Invalid/Empty Current Folder
2025-05-29 16:15:52,830 [11] INFO  Priority : 25335, User Count : 3, Queue : 0
2025-05-29 16:15:52,836 [11] INFO  Invalid/Empty Current Folder
2025-05-29 16:15:54,852 [3] INFO  Priority : 25335, User Count : 3, Queue : 0
2025-05-29 16:15:54,859 [3] INFO  Invalid/Empty Current Folder
2025-05-29 16:15:56,891 [15] INFO  Priority : 25335, User Count : 3, Queue : 0
2025-05-29 16:15:56,902 [15] INFO  Invalid/Empty Current Folder
2025-05-29 16:15:58,925 [18] INFO  Priority : 25335, User Count : 3, Queue : 0
2025-05-29 16:15:58,932 [18] INFO  Invalid/Empty Current Folder
2025-05-29 16:16:00,946 [19] INFO  Priority : 25335, User Count : 3, Queue : 0
2025-05-29 16:16:00,953 [19] INFO  Invalid/Empty Current Folder
2025-05-29 16:16:02,979 [17] INFO  Priority : 25335, User Count : 3, Queue : 0
2025-05-29 16:16:02,994 [17] INFO  Invalid/Empty Current Folder
2025-05-29 16:16:05,008 [19] INFO  Priority : 25335, User Count : 3, Queue : 0
2025-05-29 16:16:05,015 [19] INFO  Invalid/Empty Current Folder
2025-05-29 16:16:07,027 [17] INFO  Priority : 25335, User Count : 3, Queue : 0
2025-05-29 16:16:07,034 [17] INFO  Invalid/Empty Current Folder
2025-05-29 16:16:09,054 [11] INFO  Priority : 25335, User Count : 3, Queue : 0
2025-05-29 16:16:09,061 [11] INFO  Invalid/Empty Current Folder
2025-05-29 16:16:11,086 [17] INFO  Priority : 25335, User Count : 3, Queue : 0
2025-05-29 16:16:11,092 [17] INFO  Invalid/Empty Current Folder
2025-05-29 16:16:13,107 [3] INFO  Priority : 25335, User Count : 3, Queue : 0
2025-05-29 16:16:13,116 [3] INFO  Invalid/Empty Current Folder
2025-05-29 16:16:15,129 [19] INFO  Priority : 25335, User Count : 3, Queue : 0
2025-05-29 16:16:15,136 [19] INFO  Invalid/Empty Current Folder
2025-05-29 16:16:17,160 [17] INFO  Priority : 25335, User Count : 3, Queue : 0
2025-05-29 16:16:17,167 [17] INFO  Invalid/Empty Current Folder
2025-05-29 16:16:19,191 [4] INFO  Priority : 25335, User Count : 3, Queue : 0
2025-05-29 16:16:19,198 [4] INFO  Invalid/Empty Current Folder
2025-05-29 16:16:21,228 [14] INFO  Priority : 25335, User Count : 3, Queue : 0
2025-05-29 16:16:21,236 [12] INFO  Invalid/Empty Current Folder
2025-05-29 16:16:23,257 [19] INFO  Priority : 25335, User Count : 3, Queue : 0
2025-05-29 16:16:23,263 [19] INFO  Invalid/Empty Current Folder
2025-05-29 16:16:25,286 [15] INFO  Priority : 25335, User Count : 3, Queue : 0
2025-05-29 16:16:25,292 [15] INFO  Invalid/Empty Current Folder
2025-05-29 16:16:27,312 [12] INFO  Priority : 25335, User Count : 3, Queue : 0
2025-05-29 16:16:27,318 [12] INFO  Invalid/Empty Current Folder
2025-05-29 16:16:29,347 [15] INFO  Priority : 25335, User Count : 3, Queue : 0
2025-05-29 16:16:29,359 [15] INFO  Invalid/Empty Current Folder
2025-05-29 16:16:31,375 [11] INFO  Priority : 25335, User Count : 3, Queue : 0
2025-05-29 16:16:31,381 [11] INFO  Invalid/Empty Current Folder
2025-05-29 16:16:33,406 [3] INFO  Priority : 25335, User Count : 3, Queue : 0
2025-05-29 16:16:33,413 [3] INFO  Invalid/Empty Current Folder
2025-05-29 16:16:35,437 [3] INFO  Priority : 25335, User Count : 3, Queue : 0
2025-05-29 16:16:35,444 [3] INFO  Invalid/Empty Current Folder
2025-05-29 16:16:37,460 [10] INFO  Priority : 25335, User Count : 3, Queue : 0
2025-05-29 16:16:37,472 [10] INFO  Invalid/Empty Current Folder
2025-05-29 16:16:39,488 [15] INFO  Priority : 25335, User Count : 3, Queue : 0
2025-05-29 16:16:39,494 [15] INFO  Invalid/Empty Current Folder
2025-05-29 16:16:41,520 [14] INFO  Priority : 25335, User Count : 3, Queue : 0
2025-05-29 16:16:41,527 [14] INFO  Invalid/Empty Current Folder
2025-05-29 16:16:43,549 [11] INFO  Priority : 25335, User Count : 3, Queue : 0
2025-05-29 16:16:43,555 [11] INFO  Invalid/Empty Current Folder
2025-05-29 16:16:45,567 [18] INFO  Priority : 25335, User Count : 3, Queue : 0
2025-05-29 16:16:45,577 [18] INFO  Invalid/Empty Current Folder
2025-05-29 16:16:47,596 [10] INFO  Priority : 25335, User Count : 3, Queue : 0
2025-05-29 16:16:47,602 [10] INFO  Invalid/Empty Current Folder
2025-05-29 16:16:49,619 [19] INFO  Priority : 25335, User Count : 3, Queue : 0
2025-05-29 16:16:49,625 [19] INFO  Invalid/Empty Current Folder
2025-05-29 16:16:51,649 [17] INFO  Priority : 25335, User Count : 3, Queue : 0
2025-05-29 16:16:51,657 [17] INFO  Invalid/Empty Current Folder
2025-05-29 16:16:53,668 [4] INFO  Priority : 25335, User Count : 3, Queue : 0
2025-05-29 16:16:53,676 [4] INFO  Invalid/Empty Current Folder
2025-05-29 16:16:55,701 [16] INFO  Priority : 25335, User Count : 3, Queue : 0
2025-05-29 16:16:55,708 [16] INFO  Invalid/Empty Current Folder
2025-05-29 16:16:57,729 [10] INFO  Priority : 25335, User Count : 3, Queue : 0
2025-05-29 16:16:57,736 [10] INFO  Invalid/Empty Current Folder
2025-05-29 16:16:59,750 [11] INFO  Priority : 25335, User Count : 3, Queue : 0
2025-05-29 16:16:59,757 [11] INFO  Invalid/Empty Current Folder
2025-05-29 16:17:01,787 [11] INFO  Priority : 25335, User Count : 3, Queue : 0
2025-05-29 16:17:01,804 [12] INFO  Invalid/Empty Current Folder
2025-05-29 16:17:03,836 [15] INFO  Priority : 25335, User Count : 3, Queue : 0
2025-05-29 16:17:03,847 [15] INFO  Invalid/Empty Current Folder
2025-05-29 16:17:05,861 [16] INFO  Priority : 25335, User Count : 3, Queue : 0
2025-05-29 16:17:05,868 [16] INFO  Invalid/Empty Current Folder
2025-05-29 16:17:07,884 [19] INFO  Priority : 25335, User Count : 3, Queue : 0
2025-05-29 16:17:07,890 [19] INFO  Invalid/Empty Current Folder
2025-05-29 16:17:09,910 [12] INFO  Priority : 25335, User Count : 3, Queue : 0
2025-05-29 16:17:09,917 [12] INFO  Invalid/Empty Current Folder
2025-05-29 16:17:11,935 [10] INFO  Priority : 25335, User Count : 3, Queue : 0
2025-05-29 16:17:11,946 [10] INFO  Invalid/Empty Current Folder
2025-05-29 16:17:13,971 [4] INFO  Priority : 25335, User Count : 3, Queue : 0
2025-05-29 16:17:13,977 [4] INFO  Invalid/Empty Current Folder
2025-05-29 16:17:16,000 [18] INFO  Priority : 25335, User Count : 3, Queue : 0
2025-05-29 16:17:16,007 [18] INFO  Invalid/Empty Current Folder
2025-05-29 16:17:18,033 [3] INFO  Priority : 25335, User Count : 3, Queue : 0
2025-05-29 16:17:18,040 [3] INFO  Invalid/Empty Current Folder
2025-05-29 16:17:20,054 [18] INFO  Priority : 25335, User Count : 3, Queue : 0
2025-05-29 16:17:20,061 [18] INFO  Invalid/Empty Current Folder
2025-05-29 16:17:22,075 [16] INFO  Priority : 25335, User Count : 3, Queue : 0
2025-05-29 16:17:22,082 [16] INFO  Invalid/Empty Current Folder
2025-05-29 16:17:24,099 [12] INFO  Priority : 25335, User Count : 3, Queue : 0
2025-05-29 16:17:24,107 [12] INFO  Invalid/Empty Current Folder
2025-05-29 16:17:26,140 [10] INFO  Priority : 25335, User Count : 3, Queue : 0
2025-05-29 16:17:26,148 [10] INFO  Invalid/Empty Current Folder
2025-05-29 16:17:28,169 [15] INFO  Priority : 25335, User Count : 3, Queue : 0
2025-05-29 16:17:28,175 [15] INFO  Invalid/Empty Current Folder
2025-05-29 16:17:30,187 [16] INFO  Priority : 25335, User Count : 3, Queue : 0
2025-05-29 16:17:30,193 [16] INFO  Invalid/Empty Current Folder
2025-05-29 16:17:32,214 [12] INFO  Priority : 25335, User Count : 3, Queue : 0
2025-05-29 16:17:32,221 [12] INFO  Invalid/Empty Current Folder
2025-05-29 16:17:34,233 [19] INFO  Priority : 25335, User Count : 3, Queue : 0
2025-05-29 16:17:34,240 [19] INFO  Invalid/Empty Current Folder
2025-05-29 16:17:36,265 [19] INFO  Priority : 25335, User Count : 3, Queue : 0
2025-05-29 16:17:36,272 [19] INFO  Invalid/Empty Current Folder
2025-05-29 16:17:38,312 [12] INFO  Priority : 25335, User Count : 3, Queue : 0
2025-05-29 16:17:38,319 [12] INFO  Invalid/Empty Current Folder
2025-05-29 16:17:40,330 [14] INFO  Priority : 25335, User Count : 3, Queue : 0
2025-05-29 16:17:40,345 [14] INFO  Invalid/Empty Current Folder
2025-05-29 16:17:42,392 [19] INFO  Priority : 25335, User Count : 3, Queue : 0
2025-05-29 16:17:42,399 [19] INFO  Invalid/Empty Current Folder
2025-05-29 16:17:44,435 [18] INFO  Priority : 25335, User Count : 3, Queue : 0
2025-05-29 16:17:44,441 [18] INFO  Invalid/Empty Current Folder
2025-05-29 16:17:46,465 [16] INFO  Priority : 25335, User Count : 3, Queue : 0
2025-05-29 16:17:46,473 [16] INFO  Invalid/Empty Current Folder
2025-05-29 16:17:48,498 [19] INFO  Priority : 25335, User Count : 3, Queue : 0
2025-05-29 16:17:48,503 [19] INFO  Invalid/Empty Current Folder
2025-05-29 16:17:50,526 [19] INFO  Priority : 25335, User Count : 3, Queue : 0
2025-05-29 16:17:50,533 [19] INFO  Invalid/Empty Current Folder
2025-05-29 16:17:52,542 [18] INFO  Priority : 25335, User Count : 3, Queue : 0
2025-05-29 16:17:52,548 [18] INFO  Invalid/Empty Current Folder
2025-05-29 16:17:54,564 [11] INFO  Priority : 25335, User Count : 3, Queue : 0
2025-05-29 16:17:54,573 [11] INFO  Invalid/Empty Current Folder
2025-05-29 16:17:56,589 [16] INFO  Priority : 25335, User Count : 3, Queue : 0
2025-05-29 16:17:56,597 [16] INFO  Invalid/Empty Current Folder
2025-05-29 16:17:58,608 [18] INFO  Priority : 25335, User Count : 3, Queue : 0
2025-05-29 16:17:58,613 [18] INFO  Invalid/Empty Current Folder
2025-05-29 16:18:00,635 [12] INFO  Priority : 25335, User Count : 3, Queue : 0
2025-05-29 16:18:00,642 [12] INFO  Invalid/Empty Current Folder
2025-05-29 16:18:02,668 [16] INFO  Priority : 25335, User Count : 3, Queue : 0
2025-05-29 16:18:02,675 [16] INFO  Invalid/Empty Current Folder
2025-05-29 16:18:04,694 [18] INFO  Priority : 25335, User Count : 3, Queue : 0
2025-05-29 16:18:04,704 [18] INFO  Invalid/Empty Current Folder
2025-05-29 16:18:06,721 [3] INFO  Priority : 25335, User Count : 3, Queue : 0
2025-05-29 16:18:06,728 [3] INFO  Invalid/Empty Current Folder
2025-05-29 16:18:08,753 [15] INFO  Priority : 25335, User Count : 3, Queue : 0
2025-05-29 16:18:08,760 [15] INFO  Invalid/Empty Current Folder
2025-05-29 16:18:10,790 [11] INFO  Priority : 25335, User Count : 3, Queue : 0
2025-05-29 16:18:10,797 [11] INFO  Invalid/Empty Current Folder
2025-05-29 16:18:12,826 [15] INFO  Priority : 25335, User Count : 3, Queue : 0
2025-05-29 16:18:12,835 [15] INFO  Invalid/Empty Current Folder
2025-05-29 16:18:14,850 [17] INFO  Priority : 25335, User Count : 3, Queue : 0
2025-05-29 16:18:14,856 [18] INFO  Invalid/Empty Current Folder
2025-05-29 16:18:16,895 [15] INFO  Priority : 25335, User Count : 3, Queue : 0
2025-05-29 16:18:16,904 [15] INFO  Invalid/Empty Current Folder
2025-05-29 16:18:18,923 [10] INFO  Priority : 25335, User Count : 3, Queue : 0
2025-05-29 16:18:18,928 [10] INFO  Invalid/Empty Current Folder
2025-05-29 16:18:20,955 [11] INFO  Priority : 25335, User Count : 3, Queue : 0
2025-05-29 16:18:20,963 [11] INFO  Invalid/Empty Current Folder
2025-05-29 16:18:22,999 [14] INFO  Priority : 25335, User Count : 3, Queue : 0
2025-05-29 16:18:23,007 [14] INFO  Invalid/Empty Current Folder
2025-05-29 16:18:25,035 [4] INFO  Priority : 25335, User Count : 3, Queue : 0
2025-05-29 16:18:25,047 [4] INFO  Invalid/Empty Current Folder
2025-05-29 16:18:27,071 [17] INFO  Priority : 25335, User Count : 3, Queue : 0
2025-05-29 16:18:27,088 [17] INFO  Invalid/Empty Current Folder
2025-05-29 16:18:29,100 [18] INFO  Priority : 25335, User Count : 3, Queue : 0
2025-05-29 16:18:29,107 [18] INFO  Invalid/Empty Current Folder
2025-05-29 16:18:31,131 [15] INFO  Priority : 25335, User Count : 3, Queue : 0
2025-05-29 16:18:31,137 [15] INFO  Invalid/Empty Current Folder
2025-05-29 16:18:33,156 [15] INFO  Priority : 25335, User Count : 3, Queue : 0
2025-05-29 16:18:33,162 [15] INFO  Invalid/Empty Current Folder
2025-05-29 16:18:35,190 [11] INFO  Priority : 25335, User Count : 3, Queue : 0
2025-05-29 16:18:35,210 [11] INFO  Invalid/Empty Current Folder
2025-05-29 16:18:37,227 [18] INFO  Priority : 25335, User Count : 3, Queue : 0
2025-05-29 16:18:37,243 [18] INFO  Invalid/Empty Current Folder
2025-05-29 16:18:39,268 [16] INFO  Priority : 25335, User Count : 3, Queue : 0
2025-05-29 16:18:39,274 [16] INFO  Invalid/Empty Current Folder
2025-05-29 16:18:41,298 [18] INFO  Priority : 25335, User Count : 3, Queue : 0
2025-05-29 16:18:41,306 [18] INFO  Invalid/Empty Current Folder
2025-05-29 16:18:43,325 [18] INFO  Priority : 25335, User Count : 3, Queue : 0
2025-05-29 16:18:43,332 [18] INFO  Invalid/Empty Current Folder
2025-05-29 16:18:45,343 [10] INFO  Priority : 25335, User Count : 3, Queue : 0
2025-05-29 16:18:45,351 [10] INFO  Invalid/Empty Current Folder
2025-05-29 16:18:47,369 [17] INFO  Priority : 25335, User Count : 3, Queue : 0
2025-05-29 16:18:47,376 [17] INFO  Invalid/Empty Current Folder
2025-05-29 16:18:49,396 [14] INFO  Priority : 25335, User Count : 3, Queue : 0
2025-05-29 16:18:49,404 [14] INFO  Invalid/Empty Current Folder
2025-05-29 16:18:51,419 [11] INFO  Priority : 25335, User Count : 3, Queue : 0
2025-05-29 16:18:51,427 [11] INFO  Invalid/Empty Current Folder
2025-05-29 16:18:53,437 [12] INFO  Priority : 25335, User Count : 3, Queue : 0
2025-05-29 16:18:53,444 [12] INFO  Invalid/Empty Current Folder
2025-05-29 16:18:55,469 [11] INFO  Priority : 25335, User Count : 3, Queue : 0
2025-05-29 16:18:55,478 [11] INFO  Invalid/Empty Current Folder
2025-05-29 16:18:57,491 [4] INFO  Priority : 25335, User Count : 3, Queue : 0
2025-05-29 16:18:57,497 [4] INFO  Invalid/Empty Current Folder
2025-05-29 16:18:59,518 [11] INFO  Priority : 25335, User Count : 3, Queue : 0
2025-05-29 16:18:59,525 [11] INFO  Invalid/Empty Current Folder
2025-05-29 16:19:01,538 [15] INFO  Priority : 25335, User Count : 3, Queue : 0
2025-05-29 16:19:01,547 [15] INFO  Invalid/Empty Current Folder
2025-05-29 16:19:03,574 [16] INFO  Priority : 25335, User Count : 3, Queue : 0
2025-05-29 16:19:03,580 [16] INFO  Invalid/Empty Current Folder
2025-05-29 16:19:05,598 [12] INFO  Priority : 25335, User Count : 3, Queue : 0
2025-05-29 16:19:05,605 [12] INFO  Invalid/Empty Current Folder
2025-05-29 16:19:07,616 [15] INFO  Priority : 25335, User Count : 3, Queue : 0
2025-05-29 16:19:07,623 [15] INFO  Invalid/Empty Current Folder
2025-05-29 16:19:09,645 [3] INFO  Priority : 25335, User Count : 3, Queue : 0
2025-05-29 16:19:09,654 [3] INFO  Invalid/Empty Current Folder
2025-05-29 16:19:11,665 [15] INFO  Priority : 25335, User Count : 3, Queue : 0
2025-05-29 16:19:11,672 [15] INFO  Invalid/Empty Current Folder
2025-05-29 16:19:13,701 [16] INFO  Priority : 25335, User Count : 3, Queue : 0
2025-05-29 16:19:13,712 [16] INFO  Invalid/Empty Current Folder
2025-05-29 16:19:15,725 [14] INFO  Priority : 25335, User Count : 3, Queue : 0
2025-05-29 16:19:15,733 [14] INFO  Invalid/Empty Current Folder
2025-05-29 16:19:17,756 [10] INFO  Priority : 25335, User Count : 3, Queue : 0
2025-05-29 16:19:17,763 [10] INFO  Invalid/Empty Current Folder
2025-05-29 16:19:19,786 [19] INFO  Priority : 25335, User Count : 3, Queue : 0
2025-05-29 16:19:19,793 [19] INFO  Invalid/Empty Current Folder
2025-05-29 16:19:21,814 [3] INFO  Priority : 25335, User Count : 3, Queue : 0
2025-05-29 16:19:21,821 [3] INFO  Invalid/Empty Current Folder
2025-05-29 16:19:23,848 [18] INFO  Priority : 25335, User Count : 3, Queue : 0
2025-05-29 16:19:23,854 [18] INFO  Invalid/Empty Current Folder
2025-05-29 16:19:25,877 [11] INFO  Priority : 25335, User Count : 3, Queue : 0
2025-05-29 16:19:25,884 [11] INFO  Invalid/Empty Current Folder
2025-05-29 16:19:27,902 [19] INFO  Priority : 25335, User Count : 3, Queue : 0
2025-05-29 16:19:27,908 [19] INFO  Invalid/Empty Current Folder
2025-05-29 16:19:29,928 [12] INFO  Priority : 25335, User Count : 3, Queue : 0
2025-05-29 16:19:29,935 [12] INFO  Invalid/Empty Current Folder
2025-05-29 16:19:31,952 [15] INFO  Priority : 25335, User Count : 3, Queue : 0
2025-05-29 16:19:31,958 [15] INFO  Invalid/Empty Current Folder
2025-05-29 16:19:33,971 [11] INFO  Priority : 25335, User Count : 3, Queue : 0
2025-05-29 16:19:33,977 [11] INFO  Invalid/Empty Current Folder
2025-05-29 16:19:36,000 [18] INFO  Priority : 25335, User Count : 3, Queue : 0
2025-05-29 16:19:36,008 [18] INFO  Invalid/Empty Current Folder
2025-05-29 16:19:38,031 [11] INFO  Priority : 25335, User Count : 3, Queue : 0
2025-05-29 16:19:38,039 [11] INFO  Invalid/Empty Current Folder
2025-05-29 16:19:40,051 [4] INFO  Priority : 25335, User Count : 3, Queue : 0
2025-05-29 16:19:40,058 [4] INFO  Invalid/Empty Current Folder
2025-05-29 16:19:42,080 [19] INFO  Priority : 25335, User Count : 3, Queue : 0
2025-05-29 16:19:42,087 [19] INFO  Invalid/Empty Current Folder
2025-05-29 16:19:44,110 [16] INFO  Priority : 25335, User Count : 3, Queue : 0
2025-05-29 16:19:44,122 [16] INFO  Invalid/Empty Current Folder
2025-05-29 16:19:46,151 [3] INFO  Priority : 25335, User Count : 3, Queue : 0
2025-05-29 16:19:46,166 [3] INFO  Invalid/Empty Current Folder
2025-05-29 16:19:48,192 [16] INFO  Priority : 25335, User Count : 3, Queue : 0
2025-05-29 16:19:48,198 [16] INFO  Invalid/Empty Current Folder
2025-05-29 16:19:50,220 [16] INFO  Priority : 25335, User Count : 3, Queue : 0
2025-05-29 16:19:50,227 [16] INFO  Invalid/Empty Current Folder
2025-05-29 16:19:52,236 [19] INFO  Priority : 25335, User Count : 3, Queue : 0
2025-05-29 16:19:52,243 [19] INFO  Invalid/Empty Current Folder
2025-05-29 16:19:54,266 [4] INFO  Priority : 25335, User Count : 3, Queue : 0
2025-05-29 16:19:54,274 [4] INFO  Invalid/Empty Current Folder
2025-05-29 16:19:56,297 [4] INFO  Priority : 25335, User Count : 3, Queue : 0
2025-05-29 16:19:56,305 [4] INFO  Invalid/Empty Current Folder
2025-05-29 16:19:58,325 [18] INFO  Priority : 25335, User Count : 3, Queue : 0
2025-05-29 16:19:58,333 [18] INFO  Invalid/Empty Current Folder
2025-05-29 16:20:00,352 [3] INFO  Priority : 0, User Count : 2, Queue : 0
2025-05-29 16:20:00,356 [3] INFO  Your session has expired. Please log in again.
2025-06-18 18:20:27,606 [9] INFO  Priority : 29879, User Count : 2, Queue : 15
2025-06-18 18:20:27,660 [9] INFO  Current Folder : 7681750256250915_768_130_1_1
2025-06-18 18:20:27,872 [9] INFO  ANPR direction: , 0
2025-07-03 14:44:01,628 [10] INFO  Error UpdateSalikLocations : Too many connections
2025-07-03 14:44:01,682 [10] INFO  Error UpdateSalikLocations : Too many connections
2025-07-03 14:44:01,683 [10] INFO  Priority : 31884, User Count : 2, Queue : 20
2025-07-03 14:44:01,705 [10] INFO  Current Folder : 5081751465577268_508_95_0_1
2025-07-03 15:37:09,638 [10] INFO  Priority : 31929, User Count : 3, Queue : 0
2025-07-03 15:37:09,668 [10] INFO  Invalid/Empty Current Folder
2025-07-03 15:37:11,695 [11] INFO  Priority : 31929, User Count : 3, Queue : 0
2025-07-03 15:37:11,704 [12] INFO  Invalid/Empty Current Folder
2025-07-03 15:37:13,730 [21] INFO  Priority : 31929, User Count : 3, Queue : 0
2025-07-03 15:37:13,738 [18] INFO  Invalid/Empty Current Folder
2025-07-03 18:08:20,207 [1] INFO  Priority : 31967, User Count : 3, Queue : 0
2025-07-03 18:08:20,234 [1] INFO  Invalid/Empty Current Folder
2025-07-03 18:08:22,868 [12] INFO  Priority : 31967, User Count : 3, Queue : 0
2025-07-03 18:08:22,891 [10] INFO  Invalid/Empty Current Folder
2025-07-03 18:08:24,925 [3] INFO  Priority : 31967, User Count : 3, Queue : 0
2025-07-03 18:08:24,935 [3] INFO  Invalid/Empty Current Folder
2025-07-03 18:08:26,953 [12] INFO  Priority : 31967, User Count : 3, Queue : 0
2025-07-03 18:08:26,966 [12] INFO  Invalid/Empty Current Folder
2025-07-03 18:08:29,205 [10] INFO  Priority : 31967, User Count : 3, Queue : 0
2025-07-03 18:08:29,382 [10] INFO  Invalid/Empty Current Folder
2025-07-03 18:08:31,640 [11] INFO  Priority : 31967, User Count : 3, Queue : 0
2025-07-03 18:08:31,909 [11] INFO  Invalid/Empty Current Folder
2025-07-03 18:08:33,940 [3] INFO  Priority : 31967, User Count : 3, Queue : 0
2025-07-03 18:08:33,950 [3] INFO  Invalid/Empty Current Folder
2025-07-03 18:08:35,978 [4] INFO  Priority : 31967, User Count : 3, Queue : 0
2025-07-03 18:08:35,988 [4] INFO  Invalid/Empty Current Folder
2025-07-03 18:08:38,015 [3] INFO  Priority : 31967, User Count : 3, Queue : 0
2025-07-03 18:08:38,026 [3] INFO  Invalid/Empty Current Folder
2025-07-03 18:08:40,091 [4] INFO  Priority : 31967, User Count : 3, Queue : 0
2025-07-03 18:08:40,100 [11] INFO  Invalid/Empty Current Folder
2025-07-03 18:08:42,116 [4] INFO  Priority : 31967, User Count : 3, Queue : 0
2025-07-03 18:08:42,125 [4] INFO  Invalid/Empty Current Folder
2025-07-03 18:08:44,198 [14] INFO  Priority : 31967, User Count : 3, Queue : 0
2025-07-03 18:08:44,207 [3] INFO  Invalid/Empty Current Folder
2025-07-03 18:08:46,242 [14] INFO  Priority : 31967, User Count : 3, Queue : 0
2025-07-03 18:08:46,253 [14] INFO  Invalid/Empty Current Folder
2025-07-03 18:08:48,312 [12] INFO  Priority : 31967, User Count : 3, Queue : 0
2025-07-03 18:08:48,329 [12] INFO  Invalid/Empty Current Folder
2025-07-03 18:08:50,374 [3] INFO  Priority : 31967, User Count : 3, Queue : 0
2025-07-03 18:08:50,390 [3] INFO  Invalid/Empty Current Folder
2025-07-03 18:08:52,453 [10] INFO  Priority : 31967, User Count : 3, Queue : 0
2025-07-03 18:08:52,462 [10] INFO  Invalid/Empty Current Folder
2025-07-03 18:08:54,514 [12] INFO  Priority : 31967, User Count : 3, Queue : 0
2025-07-03 18:08:54,523 [12] INFO  Invalid/Empty Current Folder
2025-07-03 18:08:56,537 [3] INFO  Priority : 31967, User Count : 3, Queue : 0
2025-07-03 18:08:56,546 [3] INFO  Invalid/Empty Current Folder
2025-07-03 18:08:58,613 [11] INFO  Priority : 31967, User Count : 3, Queue : 0
2025-07-03 18:08:58,628 [11] INFO  Invalid/Empty Current Folder
2025-07-03 18:09:00,697 [14] INFO  Priority : 31967, User Count : 3, Queue : 0
2025-07-03 18:09:00,725 [11] INFO  Invalid/Empty Current Folder
2025-07-03 18:09:02,754 [14] INFO  Priority : 31967, User Count : 3, Queue : 0
2025-07-03 18:09:02,765 [14] INFO  Invalid/Empty Current Folder
2025-07-03 18:09:04,784 [10] INFO  Priority : 31967, User Count : 3, Queue : 0
2025-07-03 18:09:04,794 [10] INFO  Invalid/Empty Current Folder
2025-07-03 18:09:06,863 [14] INFO  Priority : 31967, User Count : 3, Queue : 0
2025-07-03 18:09:06,879 [14] INFO  Invalid/Empty Current Folder
2025-07-03 18:09:08,912 [3] INFO  Priority : 31967, User Count : 3, Queue : 0
2025-07-03 18:09:08,922 [3] INFO  Invalid/Empty Current Folder
2025-07-03 18:09:10,952 [3] INFO  Priority : 31967, User Count : 3, Queue : 0
2025-07-03 18:09:10,961 [3] INFO  Invalid/Empty Current Folder
2025-07-03 18:09:13,011 [10] INFO  Priority : 31967, User Count : 3, Queue : 0
2025-07-03 18:09:13,026 [3] INFO  Invalid/Empty Current Folder
2025-07-03 18:09:15,071 [4] INFO  Priority : 31967, User Count : 3, Queue : 0
2025-07-03 18:09:15,081 [14] INFO  Invalid/Empty Current Folder
2025-07-03 18:09:17,149 [12] INFO  Priority : 31967, User Count : 3, Queue : 0
2025-07-03 18:09:17,159 [12] INFO  Invalid/Empty Current Folder
2025-07-03 18:09:19,183 [10] INFO  Priority : 31967, User Count : 3, Queue : 0
2025-07-03 18:09:19,198 [10] INFO  Invalid/Empty Current Folder
2025-07-03 18:09:21,270 [12] INFO  Priority : 31967, User Count : 3, Queue : 0
2025-07-03 18:09:21,279 [12] INFO  Invalid/Empty Current Folder
2025-07-03 18:09:23,300 [10] INFO  Priority : 31967, User Count : 3, Queue : 0
2025-07-03 18:09:23,315 [10] INFO  Invalid/Empty Current Folder
2025-07-03 18:09:25,342 [3] INFO  Priority : 31967, User Count : 3, Queue : 0
2025-07-03 18:09:25,352 [3] INFO  Invalid/Empty Current Folder
2025-07-03 18:09:27,423 [10] INFO  Priority : 31967, User Count : 3, Queue : 0
2025-07-03 18:09:27,433 [10] INFO  Invalid/Empty Current Folder
2025-07-03 18:09:29,447 [3] INFO  Priority : 31967, User Count : 3, Queue : 0
2025-07-03 18:09:29,457 [3] INFO  Invalid/Empty Current Folder
2025-07-03 18:09:31,505 [11] INFO  Priority : 31967, User Count : 3, Queue : 0
2025-07-03 18:09:31,519 [11] INFO  Invalid/Empty Current Folder
2025-07-03 18:09:33,584 [12] INFO  Priority : 31967, User Count : 3, Queue : 0
2025-07-03 18:09:33,593 [12] INFO  Invalid/Empty Current Folder
2025-07-03 18:09:35,649 [14] INFO  Priority : 31967, User Count : 3, Queue : 0
2025-07-03 18:09:35,660 [14] INFO  Invalid/Empty Current Folder
2025-07-03 18:09:37,723 [11] INFO  Priority : 31967, User Count : 3, Queue : 0
2025-07-03 18:09:37,732 [11] INFO  Invalid/Empty Current Folder
2025-07-03 18:09:39,797 [3] INFO  Priority : 31967, User Count : 3, Queue : 0
2025-07-03 18:09:39,812 [3] INFO  Invalid/Empty Current Folder
2025-07-03 18:09:41,857 [14] INFO  Priority : 31967, User Count : 3, Queue : 0
2025-07-03 18:09:41,868 [14] INFO  Invalid/Empty Current Folder
2025-07-03 18:09:43,906 [3] INFO  Priority : 31967, User Count : 3, Queue : 0
2025-07-03 18:09:43,918 [14] INFO  Invalid/Empty Current Folder
2025-07-03 18:09:45,971 [11] INFO  Priority : 31967, User Count : 3, Queue : 0
2025-07-03 18:09:45,985 [11] INFO  Invalid/Empty Current Folder
2025-07-03 18:09:48,044 [10] INFO  Priority : 31967, User Count : 3, Queue : 0
2025-07-03 18:09:48,054 [10] INFO  Invalid/Empty Current Folder
2025-07-03 18:09:50,123 [3] INFO  Priority : 31967, User Count : 3, Queue : 0
2025-07-03 18:09:50,133 [3] INFO  Invalid/Empty Current Folder
2025-07-03 18:09:52,162 [3] INFO  Priority : 31967, User Count : 3, Queue : 0
2025-07-03 18:09:52,172 [3] INFO  Invalid/Empty Current Folder
2025-07-03 18:09:54,237 [12] INFO  Priority : 31967, User Count : 3, Queue : 0
2025-07-03 18:09:54,255 [12] INFO  Invalid/Empty Current Folder
2025-07-03 18:09:56,326 [14] INFO  Priority : 31967, User Count : 3, Queue : 0
2025-07-03 18:09:56,336 [14] INFO  Invalid/Empty Current Folder
2025-07-03 18:09:58,422 [4] INFO  Priority : 31967, User Count : 3, Queue : 0
2025-07-03 18:09:58,431 [4] INFO  Invalid/Empty Current Folder
2025-07-03 18:10:00,496 [3] INFO  Priority : 31967, User Count : 3, Queue : 0
2025-07-03 18:10:00,506 [3] INFO  Invalid/Empty Current Folder
2025-07-03 18:10:02,561 [12] INFO  Priority : 31967, User Count : 3, Queue : 0
2025-07-03 18:10:02,571 [12] INFO  Invalid/Empty Current Folder
2025-07-03 18:10:04,593 [3] INFO  Priority : 31967, User Count : 3, Queue : 0
2025-07-03 18:10:04,606 [3] INFO  Invalid/Empty Current Folder
2025-07-03 18:10:06,679 [10] INFO  Priority : 31967, User Count : 3, Queue : 0
2025-07-03 18:10:06,690 [10] INFO  Invalid/Empty Current Folder
2025-07-03 18:10:08,712 [11] INFO  Priority : 31967, User Count : 3, Queue : 0
2025-07-03 18:10:08,723 [3] INFO  Invalid/Empty Current Folder
2025-07-03 18:10:10,742 [12] INFO  Priority : 31967, User Count : 3, Queue : 0
2025-07-03 18:10:10,751 [14] INFO  Invalid/Empty Current Folder
2025-07-03 18:10:12,816 [3] INFO  Priority : 31967, User Count : 3, Queue : 0
2025-07-03 18:10:12,831 [3] INFO  Invalid/Empty Current Folder
2025-07-03 18:10:14,887 [4] INFO  Priority : 31967, User Count : 3, Queue : 0
2025-07-03 18:10:14,897 [3] INFO  Invalid/Empty Current Folder
2025-07-03 18:10:16,966 [12] INFO  Priority : 31967, User Count : 3, Queue : 0
2025-07-03 18:10:16,975 [10] INFO  Invalid/Empty Current Folder
2025-07-03 18:10:18,998 [3] INFO  Priority : 31967, User Count : 3, Queue : 0
2025-07-03 18:10:19,007 [3] INFO  Invalid/Empty Current Folder
2025-07-03 18:10:21,060 [11] INFO  Priority : 31967, User Count : 3, Queue : 0
2025-07-03 18:10:21,070 [11] INFO  Invalid/Empty Current Folder
2025-07-03 18:10:23,136 [14] INFO  Priority : 31967, User Count : 3, Queue : 0
2025-07-03 18:10:23,148 [10] INFO  Invalid/Empty Current Folder
2025-07-03 18:10:25,212 [4] INFO  Priority : 31967, User Count : 3, Queue : 0
2025-07-03 18:10:25,221 [4] INFO  Invalid/Empty Current Folder
2025-07-03 18:10:27,279 [10] INFO  Priority : 31967, User Count : 3, Queue : 0
2025-07-03 18:10:27,288 [10] INFO  Invalid/Empty Current Folder
2025-07-03 18:10:29,348 [9] INFO  Priority : 31967, User Count : 3, Queue : 0
2025-07-03 18:10:29,359 [9] INFO  Invalid/Empty Current Folder
2025-07-03 18:10:31,374 [10] INFO  Priority : 31967, User Count : 3, Queue : 0
2025-07-03 18:10:31,383 [10] INFO  Invalid/Empty Current Folder
2025-07-03 18:10:33,458 [4] INFO  Priority : 31967, User Count : 3, Queue : 0
2025-07-03 18:10:33,474 [4] INFO  Invalid/Empty Current Folder
2025-07-03 18:10:35,497 [12] INFO  Priority : 31967, User Count : 3, Queue : 0
2025-07-03 18:10:35,506 [9] INFO  Invalid/Empty Current Folder
2025-07-03 18:10:37,568 [10] INFO  Priority : 31967, User Count : 3, Queue : 0
2025-07-03 18:10:37,577 [10] INFO  Invalid/Empty Current Folder
2025-07-03 18:10:39,642 [9] INFO  Priority : 31967, User Count : 3, Queue : 0
2025-07-03 18:10:39,651 [9] INFO  Invalid/Empty Current Folder
2025-07-03 18:10:41,712 [11] INFO  Priority : 31967, User Count : 3, Queue : 0
2025-07-03 18:10:41,721 [11] INFO  Invalid/Empty Current Folder
2025-07-03 18:10:43,775 [4] INFO  Priority : 31967, User Count : 3, Queue : 0
2025-07-03 18:10:43,785 [4] INFO  Invalid/Empty Current Folder
2025-07-03 18:10:45,846 [11] INFO  Priority : 31967, User Count : 3, Queue : 0
2025-07-03 18:10:45,857 [11] INFO  Invalid/Empty Current Folder
2025-07-03 18:10:47,882 [9] INFO  Priority : 31967, User Count : 3, Queue : 0
2025-07-03 18:10:47,897 [9] INFO  Invalid/Empty Current Folder
2025-07-03 18:10:49,958 [10] INFO  Priority : 31967, User Count : 3, Queue : 0
2025-07-03 18:10:49,967 [10] INFO  Invalid/Empty Current Folder
2025-07-03 18:10:52,033 [3] INFO  Priority : 31967, User Count : 3, Queue : 0
2025-07-03 18:10:52,043 [3] INFO  Invalid/Empty Current Folder
2025-07-03 18:10:54,104 [4] INFO  Priority : 31967, User Count : 3, Queue : 0
2025-07-03 18:10:54,113 [4] INFO  Invalid/Empty Current Folder
2025-07-03 18:10:56,173 [10] INFO  Priority : 31967, User Count : 3, Queue : 0
2025-07-03 18:10:56,182 [10] INFO  Invalid/Empty Current Folder
2025-07-03 18:10:58,239 [11] INFO  Priority : 31967, User Count : 3, Queue : 0
2025-07-03 18:10:58,248 [11] INFO  Invalid/Empty Current Folder
2025-07-03 18:11:00,298 [4] INFO  Priority : 31967, User Count : 3, Queue : 0
2025-07-03 18:11:00,311 [4] INFO  Invalid/Empty Current Folder
2025-07-03 18:11:02,376 [3] INFO  Priority : 31967, User Count : 3, Queue : 0
2025-07-03 18:11:02,384 [3] INFO  Invalid/Empty Current Folder
2025-07-03 18:11:04,437 [3] INFO  Priority : 31967, User Count : 3, Queue : 0
2025-07-03 18:11:04,452 [3] INFO  Invalid/Empty Current Folder
2025-07-03 18:11:06,514 [14] INFO  Priority : 31967, User Count : 3, Queue : 0
2025-07-03 18:11:06,524 [14] INFO  Invalid/Empty Current Folder
2025-07-03 18:11:08,589 [4] INFO  Priority : 31967, User Count : 3, Queue : 0
2025-07-03 18:11:08,604 [4] INFO  Invalid/Empty Current Folder
2025-07-03 18:11:10,667 [3] INFO  Priority : 31967, User Count : 3, Queue : 0
2025-07-03 18:11:10,677 [3] INFO  Invalid/Empty Current Folder
2025-07-03 18:11:12,737 [4] INFO  Priority : 31967, User Count : 3, Queue : 0
2025-07-03 18:11:12,749 [4] INFO  Invalid/Empty Current Folder
2025-07-03 18:11:14,807 [12] INFO  Priority : 31967, User Count : 3, Queue : 0
2025-07-03 18:11:14,816 [12] INFO  Invalid/Empty Current Folder
2025-07-03 18:11:16,881 [4] INFO  Priority : 31967, User Count : 3, Queue : 0
2025-07-03 18:11:16,895 [4] INFO  Invalid/Empty Current Folder
2025-07-03 18:11:18,913 [9] INFO  Priority : 31967, User Count : 3, Queue : 0
2025-07-03 18:11:18,923 [4] INFO  Invalid/Empty Current Folder
2025-07-03 18:11:20,999 [10] INFO  Priority : 31967, User Count : 3, Queue : 0
2025-07-03 18:11:21,009 [10] INFO  Invalid/Empty Current Folder
2025-07-03 18:11:23,025 [9] INFO  Priority : 31967, User Count : 3, Queue : 0
2025-07-03 18:11:23,041 [9] INFO  Invalid/Empty Current Folder
2025-07-03 18:11:25,059 [9] INFO  Priority : 31967, User Count : 3, Queue : 0
2025-07-03 18:11:25,069 [9] INFO  Invalid/Empty Current Folder
2025-07-04 11:04:41,623 [9] INFO  Priority : 32090, User Count : 1, Queue : 302
2025-07-04 11:04:41,726 [9] INFO  Current Folder : 1301751611679735_130_23_1_1
2025-07-04 11:04:41,908 [9] INFO  ANPR direction: , 0
2025-07-04 11:04:50,838 [9] INFO  Warning Plate Ignored, zohaib-32090 Plate : -  Trans. ID : 1301751611679735 Location : Jumeirah Parks Pavilion
2025-07-04 11:04:50,896 [9] INFO  Priority : 32090, User Count : 1, Queue : 509
2025-07-04 11:04:50,979 [9] INFO  Current Folder : 1301751612007420_130_23_1_1
2025-07-04 11:04:51,006 [9] INFO  ANPR direction: , 0
2025-07-04 11:05:02,372 [9] INFO  Warning Plate Ignored, zohaib-32090 Plate : -  Trans. ID : 1301751612007420 Location : Jumeirah Parks Pavilion
2025-07-04 11:05:02,416 [9] INFO  Priority : 32090, User Count : 1, Queue : 508
2025-07-04 11:05:02,455 [9] INFO  Current Folder : 1311751611416088_131_24_0_1
2025-07-04 11:05:11,521 [9] INFO  Warning Plate Ignored, zohaib-32090 Plate : -  Trans. ID : 1311751611416088 Location : Dragon Mart 1 Zone 1
2025-07-04 11:05:11,570 [9] INFO  Priority : 32090, User Count : 1, Queue : 507
2025-07-04 11:05:11,647 [9] INFO  Current Folder : 1351751575839588_135_25_0_1
2025-07-04 11:05:19,632 [9] INFO  Warning Plate Ignored, zohaib-32090 Plate : -  Trans. ID : 1351751575839588 Location : Dragon Mart 1 Zone 2
2025-07-04 11:05:19,671 [9] INFO  Priority : 32090, User Count : 1, Queue : 506
2025-07-04 11:05:19,706 [9] INFO  Current Folder : 1351751610351698_135_25_0_1
2025-07-04 11:05:20,412 [9] INFO  Error FormatSearchGridColumns : Object reference not set to an instance of an object.
2025-07-04 15:54:21,074 [1] INFO  Priority : 33021, User Count : 1, Queue : 0
2025-07-04 15:54:21,153 [1] INFO  Invalid/Empty Current Folder
2025-07-04 15:54:23,196 [3] INFO  Priority : 33021, User Count : 1, Queue : 0
2025-07-04 15:54:23,204 [3] INFO  Invalid/Empty Current Folder
2025-07-04 15:54:25,226 [11] INFO  Priority : 33021, User Count : 1, Queue : 0
2025-07-04 15:54:25,235 [11] INFO  Invalid/Empty Current Folder
2025-07-04 15:54:27,315 [10] INFO  Priority : 33021, User Count : 1, Queue : 0
2025-07-04 15:54:27,328 [10] INFO  Invalid/Empty Current Folder
2025-07-04 15:54:29,351 [3] INFO  Priority : 33021, User Count : 1, Queue : 0
2025-07-04 15:54:29,360 [3] INFO  Invalid/Empty Current Folder
2025-07-04 15:54:31,383 [11] INFO  Priority : 33021, User Count : 1, Queue : 0
2025-07-04 15:54:31,391 [11] INFO  Invalid/Empty Current Folder
2025-07-04 15:54:33,420 [17] INFO  Priority : 33021, User Count : 1, Queue : 0
2025-07-04 15:54:33,429 [17] INFO  Invalid/Empty Current Folder
2025-07-04 15:54:35,445 [4] INFO  Priority : 33021, User Count : 1, Queue : 0
2025-07-04 15:54:35,453 [4] INFO  Invalid/Empty Current Folder
2025-07-04 15:54:37,491 [3] INFO  Priority : 33021, User Count : 1, Queue : 0
2025-07-04 15:54:37,502 [3] INFO  Invalid/Empty Current Folder
2025-07-04 15:54:39,567 [4] INFO  Priority : 33021, User Count : 1, Queue : 0
2025-07-04 15:54:39,575 [4] INFO  Invalid/Empty Current Folder
2025-07-04 15:54:47,803 [16] INFO  Priority : 33021, User Count : 1, Queue : 0
2025-07-04 15:54:47,847 [16] INFO  Invalid/Empty Current Folder
2025-07-04 15:54:49,870 [16] INFO  Priority : 33021, User Count : 1, Queue : 0
2025-07-04 15:54:49,887 [16] INFO  Invalid/Empty Current Folder
2025-07-04 15:54:51,920 [11] INFO  Priority : 33021, User Count : 1, Queue : 0
2025-07-04 15:54:51,929 [11] INFO  Invalid/Empty Current Folder
2025-07-04 15:54:54,009 [16] INFO  Priority : 33021, User Count : 1, Queue : 0
2025-07-04 15:54:54,024 [16] INFO  Invalid/Empty Current Folder
2025-07-04 15:54:56,088 [3] INFO  Priority : 33021, User Count : 1, Queue : 0
2025-07-04 15:54:56,101 [3] INFO  Invalid/Empty Current Folder
2025-07-04 15:54:58,169 [4] INFO  Priority : 33021, User Count : 1, Queue : 0
2025-07-04 15:54:58,178 [4] INFO  Invalid/Empty Current Folder
2025-07-04 15:55:00,237 [12] INFO  Priority : 33021, User Count : 1, Queue : 0
2025-07-04 15:55:00,246 [12] INFO  Invalid/Empty Current Folder
2025-07-04 15:55:02,299 [4] INFO  Priority : 33021, User Count : 1, Queue : 0
2025-07-04 15:55:02,308 [4] INFO  Invalid/Empty Current Folder
2025-07-04 15:55:04,378 [16] INFO  Priority : 33021, User Count : 1, Queue : 0
2025-07-04 15:55:04,387 [16] INFO  Invalid/Empty Current Folder
2025-07-04 15:55:06,448 [11] INFO  Priority : 33021, User Count : 1, Queue : 0
2025-07-04 15:55:06,457 [11] INFO  Invalid/Empty Current Folder
2025-07-04 15:55:08,484 [16] INFO  Priority : 33021, User Count : 1, Queue : 0
2025-07-04 15:55:08,498 [16] INFO  Invalid/Empty Current Folder
2025-07-04 15:55:10,524 [11] INFO  Priority : 33021, User Count : 1, Queue : 0
2025-07-04 15:55:10,531 [11] INFO  Invalid/Empty Current Folder
2025-07-04 15:55:12,555 [4] INFO  Priority : 33021, User Count : 1, Queue : 0
2025-07-04 15:55:12,563 [4] INFO  Invalid/Empty Current Folder
2025-07-04 15:55:14,598 [11] INFO  Priority : 33021, User Count : 1, Queue : 0
2025-07-04 15:55:14,610 [11] INFO  Invalid/Empty Current Folder
2025-07-04 15:55:16,637 [3] INFO  Priority : 33021, User Count : 1, Queue : 0
2025-07-04 15:55:16,645 [3] INFO  Invalid/Empty Current Folder
2025-07-04 15:55:18,720 [4] INFO  Priority : 33021, User Count : 1, Queue : 0
2025-07-04 15:55:18,730 [4] INFO  Invalid/Empty Current Folder
2025-07-04 15:55:20,762 [17] INFO  Priority : 33021, User Count : 1, Queue : 0
2025-07-04 15:55:20,772 [17] INFO  Invalid/Empty Current Folder
2025-07-04 15:55:22,848 [3] INFO  Priority : 33021, User Count : 1, Queue : 0
2025-07-04 15:55:22,860 [3] INFO  Invalid/Empty Current Folder
2025-07-04 15:55:24,924 [12] INFO  Priority : 33021, User Count : 1, Queue : 0
2025-07-04 15:55:24,933 [12] INFO  Invalid/Empty Current Folder
2025-07-04 15:55:27,001 [16] INFO  Priority : 33021, User Count : 1, Queue : 0
2025-07-04 15:55:27,010 [16] INFO  Invalid/Empty Current Folder
2025-07-04 15:55:29,056 [4] INFO  Priority : 33021, User Count : 1, Queue : 0
2025-07-04 15:55:29,065 [4] INFO  Invalid/Empty Current Folder
2025-07-04 15:55:31,096 [10] INFO  Priority : 33021, User Count : 1, Queue : 0
2025-07-04 15:55:31,105 [10] INFO  Invalid/Empty Current Folder
2025-07-04 15:55:38,550 [16] INFO  Priority : 33021, User Count : 1, Queue : 0
2025-07-04 15:55:38,574 [16] INFO  Invalid/Empty Current Folder
2025-07-04 15:55:40,611 [4] INFO  Priority : 33021, User Count : 1, Queue : 0
2025-07-04 15:55:40,644 [4] INFO  Invalid/Empty Current Folder
2025-07-04 15:55:42,662 [10] INFO  Priority : 33021, User Count : 1, Queue : 0
2025-07-04 15:55:42,673 [10] INFO  Invalid/Empty Current Folder
2025-07-04 15:55:44,726 [16] INFO  Priority : 33021, User Count : 1, Queue : 0
2025-07-04 15:55:44,735 [16] INFO  Invalid/Empty Current Folder
2025-07-04 15:55:46,758 [4] INFO  Priority : 33021, User Count : 1, Queue : 0
2025-07-04 15:55:46,767 [4] INFO  Invalid/Empty Current Folder
2025-07-04 15:55:48,782 [17] INFO  Priority : 33021, User Count : 1, Queue : 0
2025-07-04 15:55:48,791 [17] INFO  Invalid/Empty Current Folder
2025-07-04 15:55:50,849 [4] INFO  Priority : 33021, User Count : 1, Queue : 0
2025-07-04 15:55:50,860 [4] INFO  Invalid/Empty Current Folder
2025-07-04 15:55:52,921 [10] INFO  Priority : 33021, User Count : 1, Queue : 0
2025-07-04 15:55:52,929 [10] INFO  Invalid/Empty Current Folder
2025-07-04 15:55:54,954 [12] INFO  Priority : 33021, User Count : 1, Queue : 0
2025-07-04 15:55:54,963 [12] INFO  Invalid/Empty Current Folder
2025-07-04 15:55:56,987 [12] INFO  Priority : 33021, User Count : 1, Queue : 0
2025-07-04 15:55:56,997 [12] INFO  Invalid/Empty Current Folder
2025-07-04 15:55:59,063 [11] INFO  Priority : 33021, User Count : 1, Queue : 0
2025-07-04 15:55:59,072 [11] INFO  Invalid/Empty Current Folder
2025-07-04 15:56:01,137 [16] INFO  Priority : 33021, User Count : 1, Queue : 0
2025-07-04 15:56:01,156 [16] INFO  Invalid/Empty Current Folder
2025-07-04 15:56:03,222 [10] INFO  Priority : 33021, User Count : 1, Queue : 0
2025-07-04 15:56:03,231 [10] INFO  Invalid/Empty Current Folder
2025-07-04 15:56:05,285 [4] INFO  Priority : 33021, User Count : 1, Queue : 0
2025-07-04 15:56:05,295 [4] INFO  Invalid/Empty Current Folder
2025-07-04 15:56:07,360 [16] INFO  Priority : 33021, User Count : 1, Queue : 0
2025-07-04 15:56:07,370 [16] INFO  Invalid/Empty Current Folder
2025-07-04 15:56:09,443 [4] INFO  Priority : 33021, User Count : 1, Queue : 0
2025-07-04 15:56:09,454 [4] INFO  Invalid/Empty Current Folder
2025-07-04 15:56:11,517 [11] INFO  Priority : 33021, User Count : 1, Queue : 0
2025-07-04 15:56:11,527 [11] INFO  Invalid/Empty Current Folder
2025-07-04 15:56:13,548 [4] INFO  Priority : 33021, User Count : 1, Queue : 0
2025-07-04 15:56:13,556 [4] INFO  Invalid/Empty Current Folder
2025-07-04 15:56:15,627 [16] INFO  Priority : 33021, User Count : 1, Queue : 0
2025-07-04 15:56:15,637 [16] INFO  Invalid/Empty Current Folder
2025-07-04 15:56:17,687 [11] INFO  Priority : 33021, User Count : 1, Queue : 0
2025-07-04 15:56:17,697 [11] INFO  Invalid/Empty Current Folder
2025-07-04 15:56:19,715 [16] INFO  Priority : 33021, User Count : 1, Queue : 0
2025-07-04 15:56:19,724 [16] INFO  Invalid/Empty Current Folder
2025-07-04 15:56:21,801 [10] INFO  Priority : 33021, User Count : 1, Queue : 0
2025-07-04 15:56:21,810 [10] INFO  Invalid/Empty Current Folder
2025-07-04 15:56:23,873 [16] INFO  Priority : 33021, User Count : 1, Queue : 0
2025-07-04 15:56:23,878 [16] INFO  Invalid/Empty Current Folder
2025-07-04 15:56:25,899 [4] INFO  Priority : 33021, User Count : 1, Queue : 0
2025-07-04 15:56:25,904 [4] INFO  Invalid/Empty Current Folder
2025-07-04 15:56:27,917 [17] INFO  Priority : 33021, User Count : 1, Queue : 0
2025-07-04 15:56:27,923 [11] INFO  Invalid/Empty Current Folder
2025-07-04 15:56:29,939 [16] INFO  Priority : 33021, User Count : 1, Queue : 0
2025-07-04 15:56:29,952 [16] INFO  Invalid/Empty Current Folder
2025-07-04 15:56:31,981 [12] INFO  Priority : 33021, User Count : 1, Queue : 0
2025-07-04 15:56:31,986 [12] INFO  Invalid/Empty Current Folder
2025-07-04 15:56:34,033 [3] INFO  Priority : 33021, User Count : 1, Queue : 0
2025-07-04 15:56:34,046 [3] INFO  Invalid/Empty Current Folder
2025-07-04 15:56:36,088 [17] INFO  Priority : 33021, User Count : 1, Queue : 0
2025-07-04 15:56:36,099 [17] INFO  Invalid/Empty Current Folder
2025-07-04 15:56:38,153 [11] INFO  Priority : 33021, User Count : 1, Queue : 0
2025-07-04 15:56:38,163 [11] INFO  Invalid/Empty Current Folder
2025-07-04 15:56:40,214 [3] INFO  Priority : 33021, User Count : 1, Queue : 0
2025-07-04 15:56:40,224 [3] INFO  Invalid/Empty Current Folder
2025-07-04 15:56:42,291 [11] INFO  Priority : 33021, User Count : 1, Queue : 0
2025-07-04 15:56:42,299 [11] INFO  Invalid/Empty Current Folder
2025-07-04 15:56:44,317 [16] INFO  Priority : 33021, User Count : 1, Queue : 0
2025-07-04 15:56:44,328 [16] INFO  Invalid/Empty Current Folder
2025-07-04 15:56:46,393 [3] INFO  Priority : 33021, User Count : 1, Queue : 0
2025-07-04 15:56:46,407 [3] INFO  Invalid/Empty Current Folder
2025-07-04 15:56:48,475 [16] INFO  Priority : 33021, User Count : 1, Queue : 0
2025-07-04 15:56:48,483 [16] INFO  Invalid/Empty Current Folder
2025-07-04 15:56:50,507 [4] INFO  Priority : 33021, User Count : 1, Queue : 0
2025-07-04 15:56:50,516 [4] INFO  Invalid/Empty Current Folder
2025-07-04 15:56:52,531 [17] INFO  Priority : 33021, User Count : 1, Queue : 0
2025-07-04 15:56:52,539 [17] INFO  Invalid/Empty Current Folder
2025-07-04 15:56:54,599 [10] INFO  Priority : 33021, User Count : 1, Queue : 0
2025-07-04 15:56:54,608 [10] INFO  Invalid/Empty Current Folder
2025-07-04 15:56:56,681 [4] INFO  Priority : 33021, User Count : 1, Queue : 0
2025-07-04 15:56:56,689 [4] INFO  Invalid/Empty Current Folder
2025-07-04 15:56:58,703 [3] INFO  Priority : 33021, User Count : 1, Queue : 0
2025-07-04 15:56:58,712 [3] INFO  Invalid/Empty Current Folder
2025-07-04 15:57:00,746 [4] INFO  Priority : 33021, User Count : 1, Queue : 0
2025-07-04 15:57:00,761 [4] INFO  Invalid/Empty Current Folder
2025-07-04 15:57:02,799 [11] INFO  Priority : 33021, User Count : 1, Queue : 0
2025-07-04 15:57:02,811 [11] INFO  Invalid/Empty Current Folder
2025-07-04 15:57:04,836 [3] INFO  Priority : 33021, User Count : 1, Queue : 0
2025-07-04 15:57:04,844 [3] INFO  Invalid/Empty Current Folder
2025-07-04 15:57:06,910 [17] INFO  Priority : 33021, User Count : 1, Queue : 0
2025-07-04 15:57:06,920 [17] INFO  Invalid/Empty Current Folder
2025-07-04 15:57:08,972 [3] INFO  Priority : 33021, User Count : 1, Queue : 0
2025-07-04 15:57:08,980 [3] INFO  Invalid/Empty Current Folder
2025-07-04 15:57:11,040 [12] INFO  Priority : 33021, User Count : 1, Queue : 0
2025-07-04 15:57:11,054 [12] INFO  Invalid/Empty Current Folder
2025-07-04 15:57:13,123 [11] INFO  Priority : 33021, User Count : 1, Queue : 0
2025-07-04 15:57:13,131 [11] INFO  Invalid/Empty Current Folder
2025-07-04 15:57:15,188 [16] INFO  Priority : 33021, User Count : 1, Queue : 0
2025-07-04 15:57:15,197 [16] INFO  Invalid/Empty Current Folder
2025-07-04 15:57:17,272 [11] INFO  Priority : 33021, User Count : 1, Queue : 0
2025-07-04 15:57:17,294 [11] INFO  Invalid/Empty Current Folder
2025-07-04 15:57:19,314 [3] INFO  Priority : 33021, User Count : 1, Queue : 0
2025-07-04 15:57:19,326 [3] INFO  Invalid/Empty Current Folder
2025-07-04 15:57:21,347 [4] INFO  Priority : 33021, User Count : 1, Queue : 0
2025-07-04 15:57:21,357 [4] INFO  Invalid/Empty Current Folder
2025-07-04 15:57:23,420 [17] INFO  Priority : 33021, User Count : 1, Queue : 0
2025-07-04 15:57:23,429 [17] INFO  Invalid/Empty Current Folder
2025-07-04 15:57:25,453 [16] INFO  Priority : 33021, User Count : 1, Queue : 0
2025-07-04 15:57:25,460 [16] INFO  Invalid/Empty Current Folder
2025-07-04 15:57:27,491 [11] INFO  Priority : 33021, User Count : 1, Queue : 0
2025-07-04 15:57:27,499 [11] INFO  Invalid/Empty Current Folder
2025-07-04 15:57:29,559 [16] INFO  Priority : 33021, User Count : 1, Queue : 0
2025-07-04 15:57:29,567 [16] INFO  Invalid/Empty Current Folder
2025-07-04 15:57:31,627 [16] INFO  Priority : 33021, User Count : 1, Queue : 0
2025-07-04 15:57:31,644 [16] INFO  Invalid/Empty Current Folder
2025-07-04 15:57:33,724 [3] INFO  Priority : 33021, User Count : 1, Queue : 0
2025-07-04 15:57:33,737 [3] INFO  Invalid/Empty Current Folder
2025-07-04 15:57:35,804 [3] INFO  Priority : 33021, User Count : 1, Queue : 0
2025-07-04 15:57:35,815 [3] INFO  Invalid/Empty Current Folder
2025-07-04 15:57:37,845 [3] INFO  Priority : 33021, User Count : 1, Queue : 0
2025-07-04 15:57:37,854 [3] INFO  Invalid/Empty Current Folder
2025-07-04 15:57:39,925 [3] INFO  Priority : 33021, User Count : 1, Queue : 0
2025-07-04 15:57:39,934 [3] INFO  Invalid/Empty Current Folder
2025-07-04 15:57:42,011 [16] INFO  Priority : 33021, User Count : 1, Queue : 0
2025-07-04 15:57:42,019 [16] INFO  Invalid/Empty Current Folder
2025-07-04 15:57:44,080 [12] INFO  Priority : 33021, User Count : 1, Queue : 0
2025-07-04 15:57:44,088 [12] INFO  Invalid/Empty Current Folder
2025-07-04 15:57:46,161 [16] INFO  Priority : 33021, User Count : 1, Queue : 0
2025-07-04 15:57:46,170 [16] INFO  Invalid/Empty Current Folder
2025-07-04 15:57:48,246 [12] INFO  Priority : 33021, User Count : 1, Queue : 0
2025-07-04 15:57:48,259 [12] INFO  Invalid/Empty Current Folder
2025-07-04 15:57:50,272 [4] INFO  Priority : 33021, User Count : 1, Queue : 0
2025-07-04 15:57:50,281 [4] INFO  Invalid/Empty Current Folder
2025-07-04 15:57:57,192 [17] INFO  Priority : 33021, User Count : 1, Queue : 0
2025-07-04 15:57:57,231 [17] INFO  Invalid/Empty Current Folder
2025-07-04 15:57:59,288 [12] INFO  Priority : 33021, User Count : 1, Queue : 0
2025-07-04 15:57:59,297 [12] INFO  Invalid/Empty Current Folder
2025-07-04 15:58:01,322 [11] INFO  Priority : 33021, User Count : 1, Queue : 0
2025-07-04 15:58:01,333 [3] INFO  Invalid/Empty Current Folder
2025-07-04 15:58:03,354 [3] INFO  Priority : 33021, User Count : 1, Queue : 0
2025-07-04 15:58:03,363 [3] INFO  Invalid/Empty Current Folder
2025-07-04 15:58:05,431 [10] INFO  Priority : 33021, User Count : 1, Queue : 0
2025-07-04 15:58:05,446 [10] INFO  Invalid/Empty Current Folder
2025-07-04 15:58:07,468 [3] INFO  Priority : 33021, User Count : 1, Queue : 0
2025-07-04 15:58:07,477 [3] INFO  Invalid/Empty Current Folder
2025-07-04 15:58:09,498 [16] INFO  Priority : 33021, User Count : 1, Queue : 0
2025-07-04 15:58:09,506 [16] INFO  Invalid/Empty Current Folder
2025-07-04 15:58:11,535 [4] INFO  Priority : 33021, User Count : 1, Queue : 0
2025-07-04 15:58:11,543 [4] INFO  Invalid/Empty Current Folder
2025-07-04 15:58:13,571 [17] INFO  Priority : 33021, User Count : 1, Queue : 0
2025-07-04 15:58:13,580 [17] INFO  Invalid/Empty Current Folder
2025-07-04 15:58:15,651 [12] INFO  Priority : 33021, User Count : 1, Queue : 0
2025-07-04 15:58:15,660 [12] INFO  Invalid/Empty Current Folder
2025-07-04 15:58:17,675 [17] INFO  Priority : 33021, User Count : 1, Queue : 0
2025-07-04 15:58:17,683 [17] INFO  Invalid/Empty Current Folder
2025-07-04 15:58:19,760 [11] INFO  Priority : 33021, User Count : 1, Queue : 0
2025-07-04 15:58:19,774 [11] INFO  Invalid/Empty Current Folder
2025-07-04 15:58:21,841 [3] INFO  Priority : 33021, User Count : 1, Queue : 0
2025-07-04 15:58:21,848 [3] INFO  Invalid/Empty Current Folder
2025-07-04 15:58:23,877 [16] INFO  Priority : 33021, User Count : 1, Queue : 0
2025-07-04 15:58:23,885 [16] INFO  Invalid/Empty Current Folder
2025-07-04 15:58:25,910 [10] INFO  Priority : 33021, User Count : 1, Queue : 0
2025-07-04 15:58:25,918 [10] INFO  Invalid/Empty Current Folder
2025-07-04 15:58:27,940 [16] INFO  Priority : 33021, User Count : 1, Queue : 0
2025-07-04 15:58:27,948 [16] INFO  Invalid/Empty Current Folder
2025-07-04 15:58:30,031 [10] INFO  Priority : 33021, User Count : 1, Queue : 0
2025-07-04 15:58:30,044 [10] INFO  Invalid/Empty Current Folder
2025-07-04 15:58:32,105 [16] INFO  Priority : 33021, User Count : 1, Queue : 0
2025-07-04 15:58:32,116 [16] INFO  Invalid/Empty Current Folder
2025-07-04 15:58:34,144 [10] INFO  Priority : 33021, User Count : 1, Queue : 0
2025-07-04 15:58:34,153 [10] INFO  Invalid/Empty Current Folder
2025-07-04 15:58:36,226 [3] INFO  Priority : 33021, User Count : 1, Queue : 0
2025-07-04 15:58:36,235 [3] INFO  Invalid/Empty Current Folder
2025-07-04 15:58:38,293 [10] INFO  Priority : 33021, User Count : 1, Queue : 0
2025-07-04 15:58:38,305 [10] INFO  Invalid/Empty Current Folder
2025-07-04 15:58:40,382 [11] INFO  Priority : 33021, User Count : 1, Queue : 0
2025-07-04 15:58:40,393 [11] INFO  Invalid/Empty Current Folder
2025-07-04 15:58:42,421 [17] INFO  Priority : 33021, User Count : 1, Queue : 0
2025-07-04 15:58:42,428 [17] INFO  Invalid/Empty Current Folder
2025-07-04 15:58:44,493 [11] INFO  Priority : 33021, User Count : 1, Queue : 0
2025-07-04 15:58:44,503 [3] INFO  Invalid/Empty Current Folder
2025-07-04 15:58:46,566 [17] INFO  Priority : 33021, User Count : 1, Queue : 0
2025-07-04 15:58:46,577 [17] INFO  Invalid/Empty Current Folder
2025-07-04 15:58:48,606 [11] INFO  Priority : 33021, User Count : 1, Queue : 0
2025-07-04 15:58:48,615 [11] INFO  Invalid/Empty Current Folder
2025-07-04 15:58:50,642 [11] INFO  Priority : 33021, User Count : 1, Queue : 0
2025-07-04 15:58:50,651 [11] INFO  Invalid/Empty Current Folder
2025-07-04 15:58:52,725 [10] INFO  Priority : 33021, User Count : 1, Queue : 0
2025-07-04 15:58:52,737 [10] INFO  Invalid/Empty Current Folder
2025-07-04 15:58:54,759 [16] INFO  Priority : 33021, User Count : 1, Queue : 0
2025-07-04 15:58:54,774 [16] INFO  Invalid/Empty Current Folder
2025-07-04 15:58:56,853 [10] INFO  Priority : 33021, User Count : 1, Queue : 0
2025-07-04 15:58:56,863 [10] INFO  Invalid/Empty Current Folder
2025-07-04 15:58:58,930 [11] INFO  Priority : 33021, User Count : 1, Queue : 0
2025-07-04 15:58:58,938 [11] INFO  Invalid/Empty Current Folder
2025-07-04 15:59:01,009 [4] INFO  Priority : 33021, User Count : 1, Queue : 0
2025-07-04 15:59:01,019 [4] INFO  Invalid/Empty Current Folder
2025-07-04 15:59:03,036 [16] INFO  Priority : 33021, User Count : 1, Queue : 0
2025-07-04 15:59:03,049 [16] INFO  Invalid/Empty Current Folder
2025-07-04 15:59:05,071 [17] INFO  Priority : 33021, User Count : 1, Queue : 0
2025-07-04 15:59:05,075 [17] INFO  Invalid/Empty Current Folder
2025-07-04 15:59:07,094 [12] INFO  Priority : 33021, User Count : 1, Queue : 0
2025-07-04 15:59:07,100 [12] INFO  Invalid/Empty Current Folder
2025-07-04 15:59:09,124 [10] INFO  Priority : 33021, User Count : 1, Queue : 0
2025-07-04 15:59:09,127 [10] INFO  Invalid/Empty Current Folder
2025-07-04 15:59:11,147 [9] INFO  Priority : 33021, User Count : 1, Queue : 0
2025-07-04 15:59:11,150 [9] INFO  Invalid/Empty Current Folder
2025-07-04 15:59:13,174 [16] INFO  Priority : 33021, User Count : 1, Queue : 0
2025-07-04 15:59:13,178 [16] INFO  Invalid/Empty Current Folder
2025-07-04 15:59:15,228 [10] INFO  Priority : 33021, User Count : 1, Queue : 0
2025-07-04 15:59:15,251 [10] INFO  Invalid/Empty Current Folder
2025-07-04 15:59:17,323 [17] INFO  Priority : 33021, User Count : 1, Queue : 0
2025-07-04 15:59:17,340 [17] INFO  Invalid/Empty Current Folder
2025-07-04 15:59:19,417 [17] INFO  Priority : 33021, User Count : 1, Queue : 0
2025-07-04 15:59:19,432 [17] INFO  Invalid/Empty Current Folder
2025-07-04 15:59:21,502 [17] INFO  Priority : 33021, User Count : 1, Queue : 0
2025-07-04 15:59:21,524 [17] INFO  Invalid/Empty Current Folder
2025-07-04 15:59:23,585 [17] INFO  Priority : 33021, User Count : 1, Queue : 0
2025-07-04 15:59:23,600 [17] INFO  Invalid/Empty Current Folder
2025-07-04 15:59:25,656 [16] INFO  Priority : 33021, User Count : 1, Queue : 0
2025-07-04 15:59:25,666 [16] INFO  Invalid/Empty Current Folder
2025-07-04 15:59:27,733 [12] INFO  Priority : 33021, User Count : 1, Queue : 0
2025-07-04 15:59:27,744 [12] INFO  Invalid/Empty Current Folder
2025-07-04 15:59:29,800 [12] INFO  Priority : 33021, User Count : 1, Queue : 0
2025-07-04 15:59:29,812 [12] INFO  Invalid/Empty Current Folder
2025-07-04 15:59:31,871 [10] INFO  Priority : 33021, User Count : 1, Queue : 0
2025-07-04 15:59:31,879 [10] INFO  Invalid/Empty Current Folder
2025-07-04 15:59:33,906 [9] INFO  Priority : 33021, User Count : 1, Queue : 0
2025-07-04 15:59:33,916 [9] INFO  Invalid/Empty Current Folder
2025-07-04 15:59:35,937 [11] INFO  Priority : 33021, User Count : 1, Queue : 0
2025-07-04 15:59:35,947 [12] INFO  Invalid/Empty Current Folder
2025-07-04 15:59:38,013 [12] INFO  Priority : 33021, User Count : 1, Queue : 0
2025-07-04 15:59:38,022 [12] INFO  Invalid/Empty Current Folder
2025-07-04 15:59:40,084 [12] INFO  Priority : 33021, User Count : 1, Queue : 0
2025-07-04 15:59:40,094 [12] INFO  Invalid/Empty Current Folder
2025-07-04 15:59:42,118 [10] INFO  Priority : 33021, User Count : 1, Queue : 0
2025-07-04 15:59:42,125 [10] INFO  Invalid/Empty Current Folder
2025-07-04 15:59:44,184 [17] INFO  Priority : 33021, User Count : 1, Queue : 0
2025-07-04 15:59:44,193 [17] INFO  Invalid/Empty Current Folder
2025-07-04 15:59:46,220 [11] INFO  Priority : 33021, User Count : 1, Queue : 0
2025-07-04 15:59:46,228 [11] INFO  Invalid/Empty Current Folder
2025-07-04 15:59:48,253 [4] INFO  Priority : 33021, User Count : 1, Queue : 0
2025-07-04 15:59:48,266 [4] INFO  Invalid/Empty Current Folder
2025-07-04 15:59:50,302 [4] INFO  Priority : 33021, User Count : 1, Queue : 0
2025-07-04 15:59:50,325 [4] INFO  Invalid/Empty Current Folder
2025-07-04 15:59:52,345 [4] INFO  Priority : 33021, User Count : 1, Queue : 0
2025-07-04 15:59:52,354 [4] INFO  Invalid/Empty Current Folder
2025-07-04 15:59:54,421 [3] INFO  Priority : 33021, User Count : 1, Queue : 0
2025-07-04 15:59:54,428 [3] INFO  Invalid/Empty Current Folder
2025-07-04 15:59:56,448 [3] INFO  Priority : 33021, User Count : 1, Queue : 0
2025-07-04 15:59:56,456 [3] INFO  Invalid/Empty Current Folder
2025-07-04 15:59:58,479 [3] INFO  Priority : 33021, User Count : 1, Queue : 0
2025-07-04 15:59:58,487 [3] INFO  Invalid/Empty Current Folder
2025-07-04 16:00:00,558 [10] INFO  Priority : 33021, User Count : 1, Queue : 0
2025-07-04 16:00:00,571 [10] INFO  Invalid/Empty Current Folder
2025-07-04 16:00:02,637 [10] INFO  Priority : 33021, User Count : 1, Queue : 0
2025-07-04 16:00:02,652 [10] INFO  Invalid/Empty Current Folder
2025-07-04 16:00:04,711 [10] INFO  Priority : 33021, User Count : 1, Queue : 0
2025-07-04 16:00:04,719 [10] INFO  Invalid/Empty Current Folder
2025-07-04 16:00:06,789 [10] INFO  Priority : 33021, User Count : 1, Queue : 0
2025-07-04 16:00:06,799 [10] INFO  Invalid/Empty Current Folder
2025-07-04 16:00:08,869 [10] INFO  Priority : 33021, User Count : 1, Queue : 0
2025-07-04 16:00:08,881 [10] INFO  Invalid/Empty Current Folder
2025-07-04 16:00:10,961 [10] INFO  Priority : 33021, User Count : 1, Queue : 0
2025-07-04 16:00:10,981 [3] INFO  Invalid/Empty Current Folder
2025-07-04 16:00:13,009 [3] INFO  Priority : 33021, User Count : 1, Queue : 0
2025-07-04 16:00:13,018 [3] INFO  Invalid/Empty Current Folder
2025-07-04 16:00:15,046 [10] INFO  Priority : 33021, User Count : 1, Queue : 0
2025-07-04 16:00:15,056 [10] INFO  Invalid/Empty Current Folder
2025-07-04 16:00:17,136 [11] INFO  Priority : 33021, User Count : 1, Queue : 0
2025-07-04 16:00:17,146 [11] INFO  Invalid/Empty Current Folder
2025-07-04 16:00:19,213 [11] INFO  Priority : 33021, User Count : 1, Queue : 0
2025-07-04 16:00:19,222 [11] INFO  Invalid/Empty Current Folder
2025-07-04 16:00:21,299 [11] INFO  Priority : 33021, User Count : 1, Queue : 0
2025-07-04 16:00:21,315 [11] INFO  Invalid/Empty Current Folder
2025-07-04 16:00:23,385 [11] INFO  Priority : 33021, User Count : 1, Queue : 0
2025-07-04 16:00:23,400 [11] INFO  Invalid/Empty Current Folder
2025-07-04 16:00:25,454 [11] INFO  Priority : 33021, User Count : 1, Queue : 0
2025-07-04 16:00:25,463 [11] INFO  Invalid/Empty Current Folder
2025-07-04 16:00:27,526 [11] INFO  Priority : 33021, User Count : 1, Queue : 0
2025-07-04 16:00:27,544 [11] INFO  Invalid/Empty Current Folder
2025-07-04 16:00:29,613 [16] INFO  Priority : 33021, User Count : 1, Queue : 0
2025-07-04 16:00:29,621 [16] INFO  Invalid/Empty Current Folder
2025-07-04 16:00:31,645 [9] INFO  Priority : 33021, User Count : 1, Queue : 0
2025-07-04 16:00:31,653 [9] INFO  Invalid/Empty Current Folder
2025-07-04 16:00:33,703 [9] INFO  Priority : 33021, User Count : 1, Queue : 0
2025-07-04 16:00:33,711 [9] INFO  Invalid/Empty Current Folder
2025-07-04 16:00:35,730 [12] INFO  Priority : 33021, User Count : 1, Queue : 0
2025-07-04 16:00:35,738 [12] INFO  Invalid/Empty Current Folder
2025-07-04 16:00:37,768 [12] INFO  Priority : 33021, User Count : 1, Queue : 0
2025-07-04 16:00:37,777 [12] INFO  Invalid/Empty Current Folder
2025-07-04 16:00:39,846 [3] INFO  Priority : 33021, User Count : 1, Queue : 0
2025-07-04 16:00:39,865 [3] INFO  Invalid/Empty Current Folder
2025-07-04 16:00:41,926 [3] INFO  Priority : 33021, User Count : 1, Queue : 0
2025-07-04 16:00:41,936 [3] INFO  Invalid/Empty Current Folder
2025-07-04 16:00:44,017 [3] INFO  Priority : 33021, User Count : 1, Queue : 0
2025-07-04 16:00:44,025 [3] INFO  Invalid/Empty Current Folder
2025-07-04 16:00:46,100 [3] INFO  Priority : 33021, User Count : 1, Queue : 0
2025-07-04 16:00:46,113 [3] INFO  Invalid/Empty Current Folder
2025-07-04 16:00:48,189 [3] INFO  Priority : 33021, User Count : 1, Queue : 0
2025-07-04 16:00:48,204 [3] INFO  Invalid/Empty Current Folder
2025-07-04 16:00:50,261 [3] INFO  Priority : 33021, User Count : 1, Queue : 0
2025-07-04 16:00:50,270 [3] INFO  Invalid/Empty Current Folder
2025-07-04 16:00:52,332 [3] INFO  Priority : 33021, User Count : 1, Queue : 0
2025-07-04 16:00:52,343 [3] INFO  Invalid/Empty Current Folder
2025-07-04 16:00:54,400 [3] INFO  Priority : 33021, User Count : 1, Queue : 0
2025-07-04 16:00:54,404 [3] INFO  Invalid/Empty Current Folder
2025-07-04 16:00:56,438 [4] INFO  Priority : 33021, User Count : 1, Queue : 0
2025-07-04 16:00:56,442 [4] INFO  Invalid/Empty Current Folder
2025-07-04 16:00:58,476 [4] INFO  Priority : 33021, User Count : 1, Queue : 0
2025-07-04 16:00:58,485 [4] INFO  Invalid/Empty Current Folder
2025-07-04 16:01:00,512 [12] INFO  Priority : 33021, User Count : 1, Queue : 0
2025-07-04 16:01:00,522 [12] INFO  Invalid/Empty Current Folder
2025-07-04 16:01:02,555 [9] INFO  Priority : 33021, User Count : 1, Queue : 0
2025-07-04 16:01:02,560 [9] INFO  Invalid/Empty Current Folder
2025-07-04 16:01:04,573 [4] INFO  Priority : 33021, User Count : 1, Queue : 0
2025-07-04 16:01:04,577 [4] INFO  Invalid/Empty Current Folder
2025-07-04 16:01:06,642 [4] INFO  Priority : 33021, User Count : 1, Queue : 0
2025-07-04 16:01:06,653 [4] INFO  Invalid/Empty Current Folder
2025-07-04 16:01:08,677 [11] INFO  Priority : 33021, User Count : 1, Queue : 0
2025-07-04 16:01:08,693 [11] INFO  Invalid/Empty Current Folder
2025-07-04 16:01:10,717 [3] INFO  Priority : 33021, User Count : 1, Queue : 0
2025-07-04 16:01:10,727 [3] INFO  Invalid/Empty Current Folder
2025-07-04 16:01:12,802 [3] INFO  Priority : 33021, User Count : 1, Queue : 0
2025-07-04 16:01:12,811 [3] INFO  Invalid/Empty Current Folder
2025-07-04 16:01:14,833 [3] INFO  Priority : 33021, User Count : 1, Queue : 0
2025-07-04 16:01:14,841 [3] INFO  Invalid/Empty Current Folder
2025-07-04 16:01:16,911 [9] INFO  Priority : 33021, User Count : 1, Queue : 0
2025-07-04 16:01:16,920 [9] INFO  Invalid/Empty Current Folder
2025-07-04 16:01:18,948 [9] INFO  Priority : 33021, User Count : 1, Queue : 0
2025-07-04 16:01:18,956 [9] INFO  Invalid/Empty Current Folder
2025-07-04 16:01:21,023 [9] INFO  Priority : 33021, User Count : 1, Queue : 0
2025-07-04 16:01:21,032 [9] INFO  Invalid/Empty Current Folder
2025-07-04 16:01:23,097 [9] INFO  Priority : 33021, User Count : 1, Queue : 0
2025-07-04 16:01:23,106 [9] INFO  Invalid/Empty Current Folder
2025-07-04 16:01:25,158 [9] INFO  Priority : 33021, User Count : 1, Queue : 0
2025-07-04 16:01:25,169 [9] INFO  Invalid/Empty Current Folder
2025-07-04 16:01:27,203 [11] INFO  Priority : 33021, User Count : 1, Queue : 0
2025-07-04 16:01:27,213 [11] INFO  Invalid/Empty Current Folder
2025-07-04 16:01:29,284 [11] INFO  Priority : 33021, User Count : 1, Queue : 0
2025-07-04 16:01:29,294 [11] INFO  Invalid/Empty Current Folder
2025-07-04 16:01:31,332 [3] INFO  Priority : 33021, User Count : 1, Queue : 0
2025-07-04 16:01:31,340 [3] INFO  Invalid/Empty Current Folder
2025-07-04 16:01:33,363 [3] INFO  Priority : 33021, User Count : 1, Queue : 0
2025-07-04 16:01:33,371 [4] INFO  Invalid/Empty Current Folder
2025-07-04 16:01:35,434 [4] INFO  Priority : 33021, User Count : 1, Queue : 0
2025-07-04 16:01:35,442 [4] INFO  Invalid/Empty Current Folder
2025-07-04 16:01:37,465 [4] INFO  Priority : 33021, User Count : 1, Queue : 0
2025-07-04 16:01:37,475 [3] INFO  Invalid/Empty Current Folder
2025-07-04 16:01:39,549 [3] INFO  Priority : 33021, User Count : 1, Queue : 0
2025-07-04 16:01:39,559 [3] INFO  Invalid/Empty Current Folder
2025-07-04 16:01:41,628 [12] INFO  Priority : 33021, User Count : 1, Queue : 0
2025-07-04 16:01:41,636 [12] INFO  Invalid/Empty Current Folder
2025-07-04 16:01:43,699 [3] INFO  Priority : 33021, User Count : 1, Queue : 0
2025-07-04 16:01:43,709 [4] INFO  Invalid/Empty Current Folder
2025-07-04 16:01:45,733 [4] INFO  Priority : 33021, User Count : 1, Queue : 0
2025-07-04 16:01:45,741 [4] INFO  Invalid/Empty Current Folder
2025-07-04 16:01:47,763 [12] INFO  Priority : 33021, User Count : 1, Queue : 0
2025-07-04 16:01:47,774 [12] INFO  Invalid/Empty Current Folder
2025-07-04 16:01:49,799 [9] INFO  Priority : 33021, User Count : 1, Queue : 0
2025-07-04 16:01:49,809 [9] INFO  Invalid/Empty Current Folder
2025-07-04 16:01:51,835 [9] INFO  Priority : 33021, User Count : 1, Queue : 0
2025-07-04 16:01:51,843 [9] INFO  Invalid/Empty Current Folder
2025-07-04 16:01:53,910 [9] INFO  Priority : 33021, User Count : 1, Queue : 0
2025-07-04 16:01:53,918 [9] INFO  Invalid/Empty Current Folder
2025-07-04 16:01:55,980 [3] INFO  Priority : 33021, User Count : 1, Queue : 0
2025-07-04 16:01:55,990 [3] INFO  Invalid/Empty Current Folder
2025-07-04 16:01:58,024 [12] INFO  Priority : 33021, User Count : 1, Queue : 0
2025-07-04 16:01:58,039 [12] INFO  Invalid/Empty Current Folder
2025-07-04 16:02:00,086 [9] INFO  Priority : 33021, User Count : 1, Queue : 0
2025-07-04 16:02:00,098 [11] INFO  Invalid/Empty Current Folder
2025-07-04 16:02:02,152 [11] INFO  Priority : 33021, User Count : 1, Queue : 0
2025-07-04 16:02:02,162 [11] INFO  Invalid/Empty Current Folder
2025-07-04 16:02:04,234 [12] INFO  Priority : 33021, User Count : 1, Queue : 0
2025-07-04 16:02:04,244 [12] INFO  Invalid/Empty Current Folder
2025-07-04 16:02:06,316 [12] INFO  Priority : 33021, User Count : 1, Queue : 0
2025-07-04 16:02:06,365 [12] INFO  Invalid/Empty Current Folder
2025-07-04 16:02:08,450 [12] INFO  Priority : 33021, User Count : 1, Queue : 0
2025-07-04 16:02:08,469 [12] INFO  Invalid/Empty Current Folder
2025-07-04 16:02:10,497 [3] INFO  Priority : 33021, User Count : 1, Queue : 0
2025-07-04 16:02:10,521 [3] INFO  Invalid/Empty Current Folder
2025-07-04 16:02:12,578 [3] INFO  Priority : 33021, User Count : 1, Queue : 0
2025-07-04 16:02:12,587 [3] INFO  Invalid/Empty Current Folder
2025-07-04 16:02:14,613 [3] INFO  Priority : 33021, User Count : 1, Queue : 0
2025-07-04 16:02:14,627 [3] INFO  Invalid/Empty Current Folder
2025-07-04 16:02:16,680 [3] INFO  Priority : 33021, User Count : 1, Queue : 0
2025-07-04 16:02:16,688 [3] INFO  Invalid/Empty Current Folder
2025-07-04 16:02:18,761 [3] INFO  Priority : 33021, User Count : 1, Queue : 0
2025-07-04 16:02:18,768 [3] INFO  Invalid/Empty Current Folder
2025-07-04 16:02:20,818 [3] INFO  Priority : 33021, User Count : 1, Queue : 0
2025-07-04 16:02:20,826 [3] INFO  Invalid/Empty Current Folder
2025-07-04 16:02:22,887 [3] INFO  Priority : 33021, User Count : 1, Queue : 0
2025-07-04 16:02:22,898 [3] INFO  Invalid/Empty Current Folder
2025-07-04 16:02:24,944 [3] INFO  Priority : 33021, User Count : 1, Queue : 0
2025-07-04 16:02:24,953 [3] INFO  Invalid/Empty Current Folder
2025-07-04 16:02:27,011 [3] INFO  Priority : 33021, User Count : 1, Queue : 0
2025-07-04 16:02:27,020 [3] INFO  Invalid/Empty Current Folder
2025-07-04 16:02:29,083 [3] INFO  Priority : 33021, User Count : 1, Queue : 0
2025-07-04 16:02:29,092 [3] INFO  Invalid/Empty Current Folder
2025-07-04 16:02:31,145 [3] INFO  Priority : 33021, User Count : 1, Queue : 0
2025-07-04 16:02:31,154 [3] INFO  Invalid/Empty Current Folder
2025-07-04 16:02:33,177 [4] INFO  Priority : 33021, User Count : 1, Queue : 0
2025-07-04 16:02:33,190 [4] INFO  Invalid/Empty Current Folder
2025-07-04 16:02:35,253 [4] INFO  Priority : 33021, User Count : 1, Queue : 0
2025-07-04 16:02:35,261 [4] INFO  Invalid/Empty Current Folder
2025-07-04 16:02:37,323 [16] INFO  Priority : 33021, User Count : 1, Queue : 0
2025-07-04 16:02:37,333 [16] INFO  Invalid/Empty Current Folder
2025-07-04 16:02:39,359 [3] INFO  Priority : 33021, User Count : 1, Queue : 0
2025-07-04 16:02:39,368 [3] INFO  Invalid/Empty Current Folder
2025-07-04 16:02:41,434 [11] INFO  Priority : 33021, User Count : 1, Queue : 0
2025-07-04 16:02:41,444 [11] INFO  Invalid/Empty Current Folder
2025-07-04 16:02:43,480 [10] INFO  Priority : 33021, User Count : 1, Queue : 0
2025-07-04 16:02:43,489 [10] INFO  Invalid/Empty Current Folder
2025-07-04 16:02:45,547 [4] INFO  Priority : 33021, User Count : 1, Queue : 0
2025-07-04 16:02:45,556 [4] INFO  Invalid/Empty Current Folder
2025-07-04 16:02:47,618 [3] INFO  Priority : 33021, User Count : 1, Queue : 0
2025-07-04 16:02:47,626 [3] INFO  Invalid/Empty Current Folder
2025-07-04 16:02:49,652 [3] INFO  Priority : 33021, User Count : 1, Queue : 0
2025-07-04 16:02:49,661 [4] INFO  Invalid/Empty Current Folder
2025-07-04 16:02:51,677 [4] INFO  Priority : 33021, User Count : 1, Queue : 0
2025-07-04 16:02:51,687 [4] INFO  Invalid/Empty Current Folder
2025-07-04 16:02:53,717 [12] INFO  Priority : 33021, User Count : 1, Queue : 0
2025-07-04 16:02:53,727 [12] INFO  Invalid/Empty Current Folder
2025-07-04 16:02:55,753 [12] INFO  Priority : 33021, User Count : 1, Queue : 0
2025-07-04 16:02:55,762 [12] INFO  Invalid/Empty Current Folder
2025-07-04 16:02:57,835 [12] INFO  Priority : 33021, User Count : 1, Queue : 0
2025-07-04 16:02:57,844 [12] INFO  Invalid/Empty Current Folder
2025-07-04 16:02:59,914 [9] INFO  Priority : 33021, User Count : 1, Queue : 0
2025-07-04 16:02:59,923 [9] INFO  Invalid/Empty Current Folder
2025-07-04 16:03:01,952 [10] INFO  Priority : 33021, User Count : 1, Queue : 0
2025-07-04 16:03:01,962 [10] INFO  Invalid/Empty Current Folder
2025-07-04 16:03:04,023 [11] INFO  Priority : 33021, User Count : 1, Queue : 0
2025-07-04 16:03:04,032 [11] INFO  Invalid/Empty Current Folder
2025-07-04 16:03:06,102 [10] INFO  Priority : 33021, User Count : 1, Queue : 0
2025-07-04 16:03:06,109 [10] INFO  Invalid/Empty Current Folder
2025-07-04 16:07:38,112 [1] INFO  Priority : 33022, User Count : 1, Queue : 0
2025-07-04 16:07:38,142 [1] INFO  Invalid/Empty Current Folder
2025-07-04 16:07:40,320 [16] INFO  Priority : 33022, User Count : 1, Queue : 0
2025-07-04 16:07:40,335 [16] INFO  Invalid/Empty Current Folder
2025-07-04 16:07:42,361 [4] INFO  Priority : 33022, User Count : 1, Queue : 0
2025-07-04 16:07:42,377 [4] INFO  Invalid/Empty Current Folder
2025-07-04 16:07:44,454 [11] INFO  Priority : 33022, User Count : 1, Queue : 0
2025-07-04 16:07:44,471 [11] INFO  Invalid/Empty Current Folder
2025-07-04 16:07:46,540 [17] INFO  Priority : 33022, User Count : 1, Queue : 0
2025-07-04 16:07:46,549 [17] INFO  Invalid/Empty Current Folder
2025-07-04 16:07:48,617 [16] INFO  Priority : 33022, User Count : 1, Queue : 0
2025-07-04 16:07:48,637 [16] INFO  Invalid/Empty Current Folder
2025-07-04 16:07:50,668 [3] INFO  Priority : 33022, User Count : 1, Queue : 0
2025-07-04 16:07:50,676 [3] INFO  Invalid/Empty Current Folder
2025-07-04 16:07:52,712 [11] INFO  Priority : 33022, User Count : 1, Queue : 0
2025-07-04 16:07:52,727 [11] INFO  Invalid/Empty Current Folder
2025-07-04 16:07:54,808 [12] INFO  Priority : 33022, User Count : 1, Queue : 0
2025-07-04 16:07:54,838 [12] INFO  Invalid/Empty Current Folder
2025-07-04 16:07:56,872 [17] INFO  Priority : 33022, User Count : 1, Queue : 0
2025-07-04 16:07:56,889 [17] INFO  Invalid/Empty Current Folder
2025-07-04 16:07:58,958 [12] INFO  Priority : 33022, User Count : 1, Queue : 0
2025-07-04 16:07:58,967 [12] INFO  Invalid/Empty Current Folder
2025-07-04 16:08:00,984 [17] INFO  Priority : 33022, User Count : 1, Queue : 0
2025-07-04 16:08:01,000 [4] INFO  Invalid/Empty Current Folder
2025-07-04 16:08:03,069 [3] INFO  Priority : 33022, User Count : 1, Queue : 0
2025-07-04 16:08:03,078 [3] INFO  Invalid/Empty Current Folder
2025-07-04 16:08:05,145 [4] INFO  Priority : 33022, User Count : 1, Queue : 0
2025-07-04 16:08:05,163 [4] INFO  Invalid/Empty Current Folder
2025-07-04 16:08:07,187 [4] INFO  Priority : 33022, User Count : 1, Queue : 0
2025-07-04 16:08:07,204 [4] INFO  Invalid/Empty Current Folder
2025-07-04 16:08:09,245 [12] INFO  Priority : 33022, User Count : 1, Queue : 0
2025-07-04 16:08:09,262 [12] INFO  Invalid/Empty Current Folder
2025-07-04 16:08:11,328 [3] INFO  Priority : 33022, User Count : 1, Queue : 0
2025-07-04 16:08:11,346 [3] INFO  Invalid/Empty Current Folder
2025-07-04 16:08:19,837 [16] INFO  Priority : 33022, User Count : 1, Queue : 0
2025-07-04 16:08:19,882 [16] INFO  Invalid/Empty Current Folder
2025-07-04 16:08:21,920 [16] INFO  Priority : 33022, User Count : 1, Queue : 0
2025-07-04 16:08:21,938 [16] INFO  Invalid/Empty Current Folder
2025-07-04 16:08:23,964 [17] INFO  Priority : 33022, User Count : 1, Queue : 0
2025-07-04 16:08:23,979 [17] INFO  Invalid/Empty Current Folder
2025-07-04 16:08:26,118 [10] INFO  Priority : 33022, User Count : 1, Queue : 0
2025-07-04 16:08:26,203 [4] INFO  Invalid/Empty Current Folder
2025-07-04 16:08:28,469 [16] INFO  Priority : 33022, User Count : 1, Queue : 0
2025-07-04 16:08:28,480 [16] INFO  Invalid/Empty Current Folder
2025-07-04 16:08:30,508 [17] INFO  Priority : 33022, User Count : 1, Queue : 0
2025-07-04 16:08:30,515 [17] INFO  Invalid/Empty Current Folder
2025-07-04 16:08:32,539 [10] INFO  Priority : 33022, User Count : 1, Queue : 0
2025-07-04 16:08:32,555 [10] INFO  Invalid/Empty Current Folder
2025-07-04 16:08:34,642 [11] INFO  Priority : 33022, User Count : 1, Queue : 0
2025-07-04 16:08:34,652 [11] INFO  Invalid/Empty Current Folder
2025-07-04 16:08:36,678 [3] INFO  Priority : 33022, User Count : 1, Queue : 0
2025-07-04 16:08:36,694 [3] INFO  Invalid/Empty Current Folder
2025-07-04 16:08:38,771 [4] INFO  Priority : 33022, User Count : 1, Queue : 0
2025-07-04 16:08:38,780 [4] INFO  Invalid/Empty Current Folder
2025-07-04 16:08:40,848 [17] INFO  Priority : 33022, User Count : 1, Queue : 0
2025-07-04 16:08:40,857 [17] INFO  Invalid/Empty Current Folder
2025-07-04 16:08:42,928 [3] INFO  Priority : 33022, User Count : 1, Queue : 0
2025-07-04 16:08:42,942 [3] INFO  Invalid/Empty Current Folder
2025-07-04 16:08:45,020 [3] INFO  Priority : 33022, User Count : 1, Queue : 0
2025-07-04 16:08:45,028 [3] INFO  Invalid/Empty Current Folder
2025-07-04 16:08:47,062 [4] INFO  Priority : 33022, User Count : 1, Queue : 0
2025-07-04 16:08:47,082 [4] INFO  Invalid/Empty Current Folder
2025-07-04 16:08:49,151 [3] INFO  Priority : 33022, User Count : 1, Queue : 0
2025-07-04 16:08:49,163 [3] INFO  Invalid/Empty Current Folder
2025-07-04 16:08:51,187 [16] INFO  Priority : 33022, User Count : 1, Queue : 0
2025-07-04 16:08:51,203 [16] INFO  Invalid/Empty Current Folder
2025-07-04 16:08:53,278 [3] INFO  Priority : 33022, User Count : 1, Queue : 0
2025-07-04 16:08:53,288 [3] INFO  Invalid/Empty Current Folder
2025-07-04 16:08:55,358 [16] INFO  Priority : 33022, User Count : 1, Queue : 0
2025-07-04 16:08:55,367 [16] INFO  Invalid/Empty Current Folder
2025-07-04 16:08:57,438 [17] INFO  Priority : 33022, User Count : 1, Queue : 0
2025-07-04 16:08:57,446 [17] INFO  Invalid/Empty Current Folder
2025-07-04 16:08:59,512 [4] INFO  Priority : 33022, User Count : 1, Queue : 0
2025-07-04 16:08:59,525 [4] INFO  Invalid/Empty Current Folder
2025-07-04 16:09:01,588 [3] INFO  Priority : 33022, User Count : 1, Queue : 0
2025-07-04 16:09:01,604 [3] INFO  Invalid/Empty Current Folder
2025-07-04 16:09:03,670 [12] INFO  Priority : 33022, User Count : 1, Queue : 0
2025-07-04 16:09:03,685 [12] INFO  Invalid/Empty Current Folder
2025-07-04 16:09:05,760 [3] INFO  Priority : 33022, User Count : 1, Queue : 0
2025-07-04 16:09:05,769 [3] INFO  Invalid/Empty Current Folder
2025-07-04 16:09:07,792 [10] INFO  Priority : 33022, User Count : 1, Queue : 0
2025-07-04 16:09:07,803 [10] INFO  Invalid/Empty Current Folder
2025-07-04 16:09:09,869 [16] INFO  Priority : 33022, User Count : 1, Queue : 0
2025-07-04 16:09:09,883 [16] INFO  Invalid/Empty Current Folder
2025-07-04 16:09:11,948 [4] INFO  Priority : 33022, User Count : 1, Queue : 0
2025-07-04 16:09:11,957 [4] INFO  Invalid/Empty Current Folder
2025-07-04 16:09:13,988 [3] INFO  Priority : 33022, User Count : 1, Queue : 0
2025-07-04 16:09:13,999 [3] INFO  Invalid/Empty Current Folder
2025-07-04 16:09:16,069 [4] INFO  Priority : 33022, User Count : 1, Queue : 0
2025-07-04 16:09:16,076 [4] INFO  Invalid/Empty Current Folder
2025-07-04 16:09:18,151 [3] INFO  Priority : 33022, User Count : 1, Queue : 0
2025-07-04 16:09:18,160 [3] INFO  Invalid/Empty Current Folder
2025-07-04 16:09:20,208 [10] INFO  Priority : 33022, User Count : 1, Queue : 0
2025-07-04 16:09:20,217 [10] INFO  Invalid/Empty Current Folder
2025-07-04 16:09:22,287 [11] INFO  Priority : 33022, User Count : 1, Queue : 0
2025-07-04 16:09:22,303 [11] INFO  Invalid/Empty Current Folder
2025-07-04 16:09:24,364 [10] INFO  Priority : 33022, User Count : 1, Queue : 0
2025-07-04 16:09:24,373 [10] INFO  Invalid/Empty Current Folder
2025-07-04 16:09:26,391 [3] INFO  Priority : 33022, User Count : 1, Queue : 0
2025-07-04 16:09:26,406 [3] INFO  Invalid/Empty Current Folder
2025-07-04 16:09:28,441 [4] INFO  Priority : 33022, User Count : 1, Queue : 0
2025-07-04 16:09:28,455 [4] INFO  Invalid/Empty Current Folder
2025-07-04 16:09:30,485 [11] INFO  Priority : 33022, User Count : 1, Queue : 0
2025-07-04 16:09:30,494 [17] INFO  Invalid/Empty Current Folder
2025-07-04 16:09:32,552 [16] INFO  Priority : 33022, User Count : 1, Queue : 0
2025-07-04 16:09:32,568 [16] INFO  Invalid/Empty Current Folder
2025-07-04 16:09:34,629 [12] INFO  Priority : 33022, User Count : 1, Queue : 0
2025-07-04 16:09:34,641 [12] INFO  Invalid/Empty Current Folder
2025-07-04 16:09:36,706 [3] INFO  Priority : 33022, User Count : 1, Queue : 0
2025-07-04 16:09:36,715 [3] INFO  Invalid/Empty Current Folder
2025-07-04 16:09:38,788 [17] INFO  Priority : 33022, User Count : 1, Queue : 0
2025-07-04 16:09:38,805 [17] INFO  Invalid/Empty Current Folder
2025-07-04 16:09:40,831 [3] INFO  Priority : 33022, User Count : 1, Queue : 0
2025-07-04 16:09:40,840 [3] INFO  Invalid/Empty Current Folder
2025-07-04 16:09:42,909 [3] INFO  Priority : 33022, User Count : 1, Queue : 0
2025-07-04 16:09:42,917 [3] INFO  Invalid/Empty Current Folder
2025-07-04 16:09:44,987 [12] INFO  Priority : 33022, User Count : 1, Queue : 0
2025-07-04 16:09:45,003 [12] INFO  Invalid/Empty Current Folder
2025-07-04 16:09:47,081 [3] INFO  Priority : 33022, User Count : 1, Queue : 0
2025-07-04 16:09:47,096 [3] INFO  Invalid/Empty Current Folder
2025-07-04 16:09:49,158 [10] INFO  Priority : 33022, User Count : 1, Queue : 0
2025-07-04 16:09:49,166 [10] INFO  Invalid/Empty Current Folder
2025-07-04 16:09:51,239 [16] INFO  Priority : 33022, User Count : 1, Queue : 0
2025-07-04 16:09:51,253 [16] INFO  Invalid/Empty Current Folder
2025-07-04 16:09:53,332 [16] INFO  Priority : 33022, User Count : 1, Queue : 0
2025-07-04 16:09:53,349 [16] INFO  Invalid/Empty Current Folder
2025-07-04 16:09:55,406 [17] INFO  Priority : 33022, User Count : 1, Queue : 0
2025-07-04 16:09:55,421 [17] INFO  Invalid/Empty Current Folder
2025-07-04 16:09:57,505 [12] INFO  Priority : 33022, User Count : 1, Queue : 0
2025-07-04 16:09:57,521 [12] INFO  Invalid/Empty Current Folder
2025-07-04 16:09:59,615 [11] INFO  Priority : 33022, User Count : 1, Queue : 0
2025-07-04 16:09:59,626 [11] INFO  Invalid/Empty Current Folder
2025-07-04 16:10:01,686 [16] INFO  Priority : 33022, User Count : 1, Queue : 0
2025-07-04 16:10:01,704 [16] INFO  Invalid/Empty Current Folder
2025-07-04 16:10:03,753 [10] INFO  Priority : 33022, User Count : 1, Queue : 0
2025-07-04 16:10:03,768 [10] INFO  Invalid/Empty Current Folder
2025-07-04 16:10:05,796 [4] INFO  Priority : 33022, User Count : 1, Queue : 0
2025-07-04 16:10:05,805 [4] INFO  Invalid/Empty Current Folder
2025-07-04 16:10:07,856 [16] INFO  Priority : 33022, User Count : 1, Queue : 0
2025-07-04 16:10:07,874 [16] INFO  Invalid/Empty Current Folder
2025-07-04 16:10:09,934 [4] INFO  Priority : 33022, User Count : 1, Queue : 0
2025-07-04 16:10:09,951 [4] INFO  Invalid/Empty Current Folder
2025-07-04 16:10:12,013 [11] INFO  Priority : 33022, User Count : 1, Queue : 0
2025-07-04 16:10:12,029 [11] INFO  Invalid/Empty Current Folder
2025-07-04 16:10:14,106 [3] INFO  Priority : 33022, User Count : 1, Queue : 0
2025-07-04 16:10:14,122 [3] INFO  Invalid/Empty Current Folder
2025-07-04 16:10:16,203 [16] INFO  Priority : 33022, User Count : 1, Queue : 0
2025-07-04 16:10:16,215 [16] INFO  Invalid/Empty Current Folder
2025-07-04 16:10:18,261 [17] INFO  Priority : 33022, User Count : 1, Queue : 0
2025-07-04 16:10:18,269 [17] INFO  Invalid/Empty Current Folder
2025-07-04 16:10:20,332 [10] INFO  Priority : 33022, User Count : 1, Queue : 0
2025-07-04 16:10:20,346 [10] INFO  Invalid/Empty Current Folder
2025-07-04 16:10:22,413 [4] INFO  Priority : 33022, User Count : 1, Queue : 0
2025-07-04 16:10:22,422 [4] INFO  Invalid/Empty Current Folder
2025-07-04 16:10:24,463 [10] INFO  Priority : 33022, User Count : 1, Queue : 0
2025-07-04 16:10:24,472 [10] INFO  Invalid/Empty Current Folder
2025-07-04 16:10:26,494 [3] INFO  Priority : 33022, User Count : 1, Queue : 0
2025-07-04 16:10:26,501 [3] INFO  Invalid/Empty Current Folder
2025-07-04 16:10:28,526 [16] INFO  Priority : 33022, User Count : 1, Queue : 0
2025-07-04 16:10:28,543 [16] INFO  Invalid/Empty Current Folder
2025-07-04 16:10:30,574 [11] INFO  Priority : 33022, User Count : 1, Queue : 0
2025-07-04 16:10:30,583 [11] INFO  Invalid/Empty Current Folder
2025-07-04 16:10:32,651 [10] INFO  Priority : 33022, User Count : 1, Queue : 0
2025-07-04 16:10:32,668 [10] INFO  Invalid/Empty Current Folder
2025-07-04 16:10:34,701 [12] INFO  Priority : 33022, User Count : 1, Queue : 0
2025-07-04 16:10:34,710 [12] INFO  Invalid/Empty Current Folder
2025-07-04 16:10:36,773 [17] INFO  Priority : 33022, User Count : 1, Queue : 0
2025-07-04 16:10:36,782 [17] INFO  Invalid/Empty Current Folder
2025-07-04 16:10:38,856 [12] INFO  Priority : 33022, User Count : 1, Queue : 0
2025-07-04 16:10:38,873 [12] INFO  Invalid/Empty Current Folder
2025-07-04 16:10:40,953 [16] INFO  Priority : 33022, User Count : 1, Queue : 0
2025-07-04 16:10:40,963 [16] INFO  Invalid/Empty Current Folder
2025-07-04 16:10:43,026 [10] INFO  Priority : 33022, User Count : 1, Queue : 0
2025-07-04 16:10:43,036 [10] INFO  Invalid/Empty Current Folder
2025-07-04 16:10:45,111 [3] INFO  Priority : 33022, User Count : 1, Queue : 0
2025-07-04 16:10:45,126 [3] INFO  Invalid/Empty Current Folder
2025-07-04 16:10:47,191 [17] INFO  Priority : 33022, User Count : 1, Queue : 0
2025-07-04 16:10:47,207 [17] INFO  Invalid/Empty Current Folder
2025-07-04 16:10:49,286 [4] INFO  Priority : 33022, User Count : 1, Queue : 0
2025-07-04 16:10:49,296 [4] INFO  Invalid/Empty Current Folder
2025-07-04 16:10:51,363 [11] INFO  Priority : 33022, User Count : 1, Queue : 0
2025-07-04 16:10:51,380 [11] INFO  Invalid/Empty Current Folder
2025-07-04 16:10:53,453 [16] INFO  Priority : 33022, User Count : 1, Queue : 0
2025-07-04 16:10:53,461 [16] INFO  Invalid/Empty Current Folder
2025-07-04 16:10:55,486 [10] INFO  Priority : 33022, User Count : 1, Queue : 0
2025-07-04 16:10:55,506 [10] INFO  Invalid/Empty Current Folder
2025-07-04 16:10:57,582 [12] INFO  Priority : 33022, User Count : 1, Queue : 0
2025-07-04 16:10:57,592 [12] INFO  Invalid/Empty Current Folder
2025-07-04 16:10:59,619 [4] INFO  Priority : 33022, User Count : 1, Queue : 0
2025-07-04 16:10:59,633 [4] INFO  Invalid/Empty Current Folder
2025-07-04 16:11:01,666 [16] INFO  Priority : 33022, User Count : 1, Queue : 0
2025-07-04 16:11:01,682 [16] INFO  Invalid/Empty Current Folder
2025-07-04 16:11:03,710 [3] INFO  Priority : 33022, User Count : 1, Queue : 0
2025-07-04 16:11:03,718 [3] INFO  Invalid/Empty Current Folder
2025-07-04 16:11:05,782 [12] INFO  Priority : 33022, User Count : 1, Queue : 0
2025-07-04 16:11:05,798 [12] INFO  Invalid/Empty Current Folder
2025-07-04 16:11:07,873 [3] INFO  Priority : 33022, User Count : 1, Queue : 0
2025-07-04 16:11:07,881 [3] INFO  Invalid/Empty Current Folder
2025-07-04 16:11:09,912 [17] INFO  Priority : 33022, User Count : 1, Queue : 0
2025-07-04 16:11:09,924 [17] INFO  Invalid/Empty Current Folder
2025-07-04 16:11:11,948 [3] INFO  Priority : 33022, User Count : 1, Queue : 0
2025-07-04 16:11:11,963 [3] INFO  Invalid/Empty Current Folder
2025-07-04 16:11:13,987 [3] INFO  Priority : 33022, User Count : 1, Queue : 0
2025-07-04 16:11:13,997 [3] INFO  Invalid/Empty Current Folder
2025-07-04 16:11:16,064 [10] INFO  Priority : 33022, User Count : 1, Queue : 0
2025-07-04 16:11:16,073 [10] INFO  Invalid/Empty Current Folder
2025-07-04 16:11:18,137 [3] INFO  Priority : 33022, User Count : 1, Queue : 0
2025-07-04 16:11:18,146 [3] INFO  Invalid/Empty Current Folder
2025-07-04 16:11:20,203 [17] INFO  Priority : 33022, User Count : 1, Queue : 0
2025-07-04 16:11:20,211 [17] INFO  Invalid/Empty Current Folder
2025-07-04 16:11:22,278 [12] INFO  Priority : 33022, User Count : 1, Queue : 0
2025-07-04 16:11:22,288 [12] INFO  Invalid/Empty Current Folder
2025-07-04 16:11:24,345 [3] INFO  Priority : 33022, User Count : 1, Queue : 0
2025-07-04 16:11:24,362 [3] INFO  Invalid/Empty Current Folder
2025-07-04 16:11:26,431 [4] INFO  Priority : 33022, User Count : 1, Queue : 0
2025-07-04 16:11:26,440 [4] INFO  Invalid/Empty Current Folder
2025-07-04 16:11:28,494 [11] INFO  Priority : 33022, User Count : 1, Queue : 0
2025-07-04 16:11:28,504 [11] INFO  Invalid/Empty Current Folder
2025-07-04 16:11:30,557 [10] INFO  Priority : 33022, User Count : 1, Queue : 0
2025-07-04 16:11:30,565 [10] INFO  Invalid/Empty Current Folder
2025-07-04 16:11:32,595 [11] INFO  Priority : 33022, User Count : 1, Queue : 0
2025-07-04 16:11:32,610 [11] INFO  Invalid/Empty Current Folder
2025-07-04 16:11:34,681 [10] INFO  Priority : 33022, User Count : 1, Queue : 0
2025-07-04 16:11:34,695 [10] INFO  Invalid/Empty Current Folder
2025-07-04 16:11:36,761 [11] INFO  Priority : 33022, User Count : 1, Queue : 0
2025-07-04 16:11:36,781 [11] INFO  Invalid/Empty Current Folder
2025-07-04 16:11:38,853 [4] INFO  Priority : 33022, User Count : 1, Queue : 0
2025-07-04 16:11:38,872 [4] INFO  Invalid/Empty Current Folder
2025-07-04 16:11:40,932 [3] INFO  Priority : 33022, User Count : 1, Queue : 0
2025-07-04 16:11:40,940 [3] INFO  Invalid/Empty Current Folder
2025-07-04 16:11:42,994 [16] INFO  Priority : 33022, User Count : 1, Queue : 0
2025-07-04 16:11:43,009 [16] INFO  Invalid/Empty Current Folder
2025-07-04 16:11:45,071 [4] INFO  Priority : 33022, User Count : 1, Queue : 0
2025-07-04 16:11:45,086 [4] INFO  Invalid/Empty Current Folder
2025-07-04 16:11:47,131 [10] INFO  Priority : 33022, User Count : 1, Queue : 0
2025-07-04 16:11:47,147 [10] INFO  Invalid/Empty Current Folder
2025-07-04 16:11:49,210 [11] INFO  Priority : 33022, User Count : 1, Queue : 0
2025-07-04 16:11:49,220 [11] INFO  Invalid/Empty Current Folder
2025-07-04 16:11:51,284 [12] INFO  Priority : 33022, User Count : 1, Queue : 0
2025-07-04 16:11:51,296 [12] INFO  Invalid/Empty Current Folder
2025-07-04 16:11:53,322 [10] INFO  Priority : 33022, User Count : 1, Queue : 0
2025-07-04 16:11:53,333 [10] INFO  Invalid/Empty Current Folder
2025-07-04 16:11:55,356 [16] INFO  Priority : 33022, User Count : 1, Queue : 0
2025-07-04 16:11:55,372 [16] INFO  Invalid/Empty Current Folder
2025-07-04 16:11:57,463 [11] INFO  Priority : 33022, User Count : 1, Queue : 0
2025-07-04 16:11:57,476 [11] INFO  Invalid/Empty Current Folder
2025-07-04 16:11:59,535 [4] INFO  Priority : 33022, User Count : 1, Queue : 0
2025-07-04 16:11:59,551 [4] INFO  Invalid/Empty Current Folder
2025-07-04 16:12:01,612 [12] INFO  Priority : 33022, User Count : 1, Queue : 0
2025-07-04 16:12:01,622 [12] INFO  Invalid/Empty Current Folder
2025-07-04 16:12:03,689 [16] INFO  Priority : 33022, User Count : 1, Queue : 0
2025-07-04 16:12:03,697 [16] INFO  Invalid/Empty Current Folder
2025-07-04 16:12:05,765 [10] INFO  Priority : 33022, User Count : 1, Queue : 0
2025-07-04 16:12:05,779 [10] INFO  Invalid/Empty Current Folder
2025-07-04 16:12:07,850 [4] INFO  Priority : 33022, User Count : 1, Queue : 0
2025-07-04 16:12:07,867 [4] INFO  Invalid/Empty Current Folder
2025-07-04 16:12:09,943 [17] INFO  Priority : 33022, User Count : 1, Queue : 0
2025-07-04 16:12:09,958 [17] INFO  Invalid/Empty Current Folder
2025-07-04 16:12:12,036 [4] INFO  Priority : 33022, User Count : 1, Queue : 0
2025-07-04 16:12:12,045 [4] INFO  Invalid/Empty Current Folder
2025-07-04 16:12:14,113 [10] INFO  Priority : 33022, User Count : 1, Queue : 0
2025-07-04 16:12:14,122 [10] INFO  Invalid/Empty Current Folder
2025-07-04 16:12:16,191 [4] INFO  Priority : 33022, User Count : 1, Queue : 0
2025-07-04 16:12:16,199 [4] INFO  Invalid/Empty Current Folder
2025-07-04 16:12:18,269 [10] INFO  Priority : 33022, User Count : 1, Queue : 0
2025-07-04 16:12:18,278 [10] INFO  Invalid/Empty Current Folder
2025-07-04 16:12:20,344 [3] INFO  Priority : 33022, User Count : 1, Queue : 0
2025-07-04 16:12:20,360 [3] INFO  Invalid/Empty Current Folder
2025-07-04 16:12:22,431 [10] INFO  Priority : 33022, User Count : 1, Queue : 0
2025-07-04 16:12:22,446 [10] INFO  Invalid/Empty Current Folder
2025-07-04 16:12:24,512 [10] INFO  Priority : 33022, User Count : 1, Queue : 0
2025-07-04 16:12:24,529 [10] INFO  Invalid/Empty Current Folder
2025-07-04 16:12:26,592 [16] INFO  Priority : 33022, User Count : 1, Queue : 0
2025-07-04 16:12:26,608 [17] INFO  Invalid/Empty Current Folder
2025-07-04 16:12:28,668 [10] INFO  Priority : 33022, User Count : 1, Queue : 0
2025-07-04 16:12:28,677 [10] INFO  Invalid/Empty Current Folder
2025-07-04 16:12:30,749 [12] INFO  Priority : 33022, User Count : 1, Queue : 0
2025-07-04 16:12:30,765 [12] INFO  Invalid/Empty Current Folder
2025-07-04 16:12:32,826 [12] INFO  Priority : 33022, User Count : 1, Queue : 0
2025-07-04 16:12:32,843 [12] INFO  Invalid/Empty Current Folder
2025-07-04 16:12:34,928 [12] INFO  Priority : 33022, User Count : 1, Queue : 0
2025-07-04 16:12:34,939 [12] INFO  Invalid/Empty Current Folder
2025-07-04 16:12:36,994 [3] INFO  Priority : 33022, User Count : 1, Queue : 0
2025-07-04 16:12:37,013 [3] INFO  Invalid/Empty Current Folder
2025-07-04 16:12:39,088 [10] INFO  Priority : 33022, User Count : 1, Queue : 0
2025-07-04 16:12:39,116 [10] INFO  Invalid/Empty Current Folder
2025-07-04 16:12:41,135 [16] INFO  Priority : 33022, User Count : 1, Queue : 0
2025-07-04 16:12:41,150 [16] INFO  Invalid/Empty Current Folder
2025-07-04 16:12:43,179 [12] INFO  Priority : 33022, User Count : 1, Queue : 0
2025-07-04 16:12:43,186 [12] INFO  Invalid/Empty Current Folder
2025-07-04 16:12:45,207 [11] INFO  Priority : 33022, User Count : 1, Queue : 0
2025-07-04 16:12:45,222 [11] INFO  Invalid/Empty Current Folder
2025-07-04 16:12:47,250 [3] INFO  Priority : 33022, User Count : 1, Queue : 0
2025-07-04 16:12:47,266 [3] INFO  Invalid/Empty Current Folder
2025-07-04 16:12:49,292 [3] INFO  Priority : 33022, User Count : 1, Queue : 0
2025-07-04 16:12:49,315 [3] INFO  Invalid/Empty Current Folder
2025-07-04 16:12:51,338 [17] INFO  Priority : 33022, User Count : 1, Queue : 0
2025-07-04 16:12:51,356 [17] INFO  Invalid/Empty Current Folder
2025-07-04 16:12:53,449 [15] INFO  Priority : 33022, User Count : 1, Queue : 0
2025-07-04 16:12:53,456 [15] INFO  Invalid/Empty Current Folder
2025-07-04 16:12:55,478 [11] INFO  Priority : 33022, User Count : 1, Queue : 0
2025-07-04 16:12:55,493 [11] INFO  Invalid/Empty Current Folder
2025-07-04 16:12:57,571 [11] INFO  Priority : 33022, User Count : 1, Queue : 0
2025-07-04 16:12:57,585 [11] INFO  Invalid/Empty Current Folder
2025-07-04 16:12:59,661 [4] INFO  Priority : 33022, User Count : 1, Queue : 0
2025-07-04 16:12:59,677 [4] INFO  Invalid/Empty Current Folder
2025-07-04 16:13:01,728 [4] INFO  Priority : 33022, User Count : 1, Queue : 0
2025-07-04 16:13:01,738 [4] INFO  Invalid/Empty Current Folder
2025-07-04 16:13:03,804 [4] INFO  Priority : 33022, User Count : 1, Queue : 0
2025-07-04 16:13:03,812 [4] INFO  Invalid/Empty Current Folder
2025-07-04 16:13:05,863 [15] INFO  Priority : 33022, User Count : 1, Queue : 0
2025-07-04 16:13:05,872 [15] INFO  Invalid/Empty Current Folder
2025-07-04 16:13:07,953 [15] INFO  Priority : 33022, User Count : 1, Queue : 0
2025-07-04 16:13:07,969 [15] INFO  Invalid/Empty Current Folder
2025-07-04 16:13:10,050 [15] INFO  Priority : 33022, User Count : 1, Queue : 0
2025-07-04 16:13:10,065 [15] INFO  Invalid/Empty Current Folder
2025-07-04 16:13:12,127 [16] INFO  Priority : 33022, User Count : 1, Queue : 0
2025-07-04 16:13:12,145 [16] INFO  Invalid/Empty Current Folder
2025-07-04 16:13:14,228 [3] INFO  Priority : 33022, User Count : 1, Queue : 0
2025-07-04 16:13:14,248 [3] INFO  Invalid/Empty Current Folder
2025-07-04 16:13:16,322 [3] INFO  Priority : 33022, User Count : 1, Queue : 0
2025-07-04 16:13:16,335 [3] INFO  Invalid/Empty Current Folder
2025-07-04 16:13:18,399 [10] INFO  Priority : 33022, User Count : 1, Queue : 0
2025-07-04 16:13:18,416 [10] INFO  Invalid/Empty Current Folder
2025-07-04 16:13:20,474 [10] INFO  Priority : 33022, User Count : 1, Queue : 0
2025-07-04 16:13:20,483 [10] INFO  Invalid/Empty Current Folder
2025-07-04 16:13:22,547 [3] INFO  Priority : 33022, User Count : 1, Queue : 0
2025-07-04 16:13:22,556 [3] INFO  Invalid/Empty Current Folder
2025-07-04 16:13:24,631 [3] INFO  Priority : 33022, User Count : 1, Queue : 0
2025-07-04 16:13:24,647 [4] INFO  Invalid/Empty Current Folder
2025-07-04 16:13:26,717 [4] INFO  Priority : 33022, User Count : 1, Queue : 0
2025-07-04 16:13:26,725 [4] INFO  Invalid/Empty Current Folder
2025-07-04 16:13:28,797 [12] INFO  Priority : 33022, User Count : 1, Queue : 0
2025-07-04 16:13:28,804 [12] INFO  Invalid/Empty Current Folder
2025-07-04 16:13:30,873 [15] INFO  Priority : 33022, User Count : 1, Queue : 0
2025-07-04 16:13:30,880 [15] INFO  Invalid/Empty Current Folder
2025-07-04 16:13:32,950 [10] INFO  Priority : 33022, User Count : 1, Queue : 0
2025-07-04 16:13:32,959 [10] INFO  Invalid/Empty Current Folder
2025-07-04 16:13:35,027 [12] INFO  Priority : 33022, User Count : 1, Queue : 0
2025-07-04 16:13:35,036 [3] INFO  Invalid/Empty Current Folder
2025-07-04 16:13:37,099 [3] INFO  Priority : 33022, User Count : 1, Queue : 0
2025-07-04 16:13:37,111 [3] INFO  Invalid/Empty Current Folder
2025-07-04 16:13:39,186 [15] INFO  Priority : 33022, User Count : 1, Queue : 0
2025-07-04 16:13:39,206 [15] INFO  Invalid/Empty Current Folder
2025-07-04 16:13:41,240 [15] INFO  Priority : 33022, User Count : 1, Queue : 0
2025-07-04 16:13:41,253 [15] INFO  Invalid/Empty Current Folder
2025-07-04 16:13:43,291 [3] INFO  Priority : 33022, User Count : 1, Queue : 0
2025-07-04 16:13:43,301 [3] INFO  Invalid/Empty Current Folder
2025-07-04 16:13:45,344 [4] INFO  Priority : 33022, User Count : 1, Queue : 0
2025-07-04 16:13:45,355 [4] INFO  Invalid/Empty Current Folder
2025-07-04 16:13:47,414 [16] INFO  Priority : 33022, User Count : 1, Queue : 0
2025-07-04 16:13:47,429 [16] INFO  Invalid/Empty Current Folder
2025-07-04 16:13:49,497 [10] INFO  Priority : 33022, User Count : 1, Queue : 0
2025-07-04 16:13:49,512 [10] INFO  Invalid/Empty Current Folder
2025-07-04 16:13:51,586 [10] INFO  Priority : 33022, User Count : 1, Queue : 0
2025-07-04 16:13:51,601 [10] INFO  Invalid/Empty Current Folder
2025-07-04 16:13:53,679 [16] INFO  Priority : 33022, User Count : 1, Queue : 0
2025-07-04 16:13:53,694 [16] INFO  Invalid/Empty Current Folder
2025-07-04 16:13:55,772 [4] INFO  Priority : 33022, User Count : 1, Queue : 0
2025-07-04 16:13:55,781 [4] INFO  Invalid/Empty Current Folder
2025-07-04 16:13:57,847 [10] INFO  Priority : 33022, User Count : 1, Queue : 0
2025-07-04 16:13:57,856 [10] INFO  Invalid/Empty Current Folder
2025-07-04 16:13:59,898 [10] INFO  Priority : 33022, User Count : 1, Queue : 0
2025-07-04 16:13:59,910 [10] INFO  Invalid/Empty Current Folder
2025-07-04 16:14:01,986 [4] INFO  Priority : 33022, User Count : 1, Queue : 0
2025-07-04 16:14:01,997 [4] INFO  Invalid/Empty Current Folder
2025-07-04 16:14:04,035 [4] INFO  Priority : 33022, User Count : 1, Queue : 0
2025-07-04 16:14:04,050 [4] INFO  Invalid/Empty Current Folder
2025-07-04 16:14:06,073 [15] INFO  Priority : 33022, User Count : 1, Queue : 0
2025-07-04 16:14:06,082 [15] INFO  Invalid/Empty Current Folder
2025-07-04 16:14:08,151 [16] INFO  Priority : 33022, User Count : 1, Queue : 0
2025-07-04 16:14:08,169 [16] INFO  Invalid/Empty Current Folder
2025-07-04 16:14:10,239 [16] INFO  Priority : 33022, User Count : 1, Queue : 0
2025-07-04 16:14:10,256 [16] INFO  Invalid/Empty Current Folder
2025-07-04 16:14:12,331 [15] INFO  Priority : 33022, User Count : 1, Queue : 0
2025-07-04 16:14:12,349 [15] INFO  Invalid/Empty Current Folder
2025-07-04 16:14:14,432 [12] INFO  Priority : 33022, User Count : 1, Queue : 0
2025-07-04 16:14:14,443 [12] INFO  Invalid/Empty Current Folder
2025-07-04 16:14:16,523 [4] INFO  Priority : 33022, User Count : 1, Queue : 0
2025-07-04 16:14:16,532 [4] INFO  Invalid/Empty Current Folder
2025-07-04 16:14:18,601 [3] INFO  Priority : 33022, User Count : 1, Queue : 0
2025-07-04 16:14:18,610 [3] INFO  Invalid/Empty Current Folder
2025-07-04 16:14:20,683 [3] INFO  Priority : 33022, User Count : 1, Queue : 0
2025-07-04 16:14:20,695 [3] INFO  Invalid/Empty Current Folder
2025-07-04 16:14:22,733 [15] INFO  Priority : 33022, User Count : 1, Queue : 0
2025-07-04 16:14:22,749 [15] INFO  Invalid/Empty Current Folder
2025-07-04 16:14:24,832 [3] INFO  Priority : 33022, User Count : 1, Queue : 0
2025-07-04 16:14:24,847 [3] INFO  Invalid/Empty Current Folder
2025-07-04 16:14:26,921 [10] INFO  Priority : 33022, User Count : 1, Queue : 0
2025-07-04 16:14:26,934 [10] INFO  Invalid/Empty Current Folder
2025-07-04 16:14:29,004 [10] INFO  Priority : 33022, User Count : 1, Queue : 0
2025-07-04 16:14:29,019 [10] INFO  Invalid/Empty Current Folder
2025-07-04 16:14:31,092 [10] INFO  Priority : 33022, User Count : 1, Queue : 0
2025-07-04 16:14:31,102 [10] INFO  Invalid/Empty Current Folder
2025-07-04 16:14:33,169 [11] INFO  Priority : 33022, User Count : 1, Queue : 0
2025-07-04 16:14:33,178 [11] INFO  Invalid/Empty Current Folder
2025-07-04 16:14:35,246 [11] INFO  Priority : 33022, User Count : 1, Queue : 0
2025-07-04 16:14:35,254 [11] INFO  Invalid/Empty Current Folder
2025-07-04 16:14:37,284 [11] INFO  Priority : 33022, User Count : 1, Queue : 0
2025-07-04 16:14:37,292 [11] INFO  Invalid/Empty Current Folder
2025-07-04 16:14:39,356 [17] INFO  Priority : 33022, User Count : 1, Queue : 0
2025-07-04 16:14:39,364 [17] INFO  Invalid/Empty Current Folder
2025-07-04 16:14:41,445 [17] INFO  Priority : 33022, User Count : 1, Queue : 0
2025-07-04 16:14:41,454 [17] INFO  Invalid/Empty Current Folder
2025-07-04 16:14:43,483 [4] INFO  Priority : 33022, User Count : 1, Queue : 0
2025-07-04 16:14:43,491 [4] INFO  Invalid/Empty Current Folder
2025-07-04 16:14:45,512 [4] INFO  Priority : 33022, User Count : 1, Queue : 0
2025-07-04 16:14:45,520 [4] INFO  Invalid/Empty Current Folder
2025-07-04 16:14:47,539 [4] INFO  Priority : 33022, User Count : 1, Queue : 0
2025-07-04 16:14:47,549 [4] INFO  Invalid/Empty Current Folder
2025-07-04 16:14:49,572 [11] INFO  Priority : 33022, User Count : 1, Queue : 0
2025-07-04 16:14:49,580 [11] INFO  Invalid/Empty Current Folder
2025-07-04 16:14:51,646 [11] INFO  Priority : 33022, User Count : 1, Queue : 0
2025-07-04 16:14:51,656 [11] INFO  Invalid/Empty Current Folder
2025-07-04 16:14:53,674 [10] INFO  Priority : 33022, User Count : 1, Queue : 0
2025-07-04 16:14:53,683 [10] INFO  Invalid/Empty Current Folder
2025-07-04 16:14:55,774 [10] INFO  Priority : 33022, User Count : 1, Queue : 0
2025-07-04 16:14:55,787 [10] INFO  Invalid/Empty Current Folder
2025-07-04 16:14:57,805 [17] INFO  Priority : 33022, User Count : 1, Queue : 0
2025-07-04 16:14:57,813 [17] INFO  Invalid/Empty Current Folder
2025-07-04 16:14:59,847 [4] INFO  Priority : 33022, User Count : 1, Queue : 0
2025-07-04 16:14:59,859 [4] INFO  Invalid/Empty Current Folder
2025-07-04 16:15:01,929 [4] INFO  Priority : 33022, User Count : 1, Queue : 0
2025-07-04 16:15:01,940 [4] INFO  Invalid/Empty Current Folder
2025-07-04 16:15:03,969 [3] INFO  Priority : 33022, User Count : 1, Queue : 0
2025-07-04 16:15:03,977 [3] INFO  Invalid/Empty Current Folder
2025-07-04 16:15:06,000 [3] INFO  Priority : 33022, User Count : 1, Queue : 0
2025-07-04 16:15:06,010 [3] INFO  Invalid/Empty Current Folder
2025-07-04 16:15:08,030 [3] INFO  Priority : 33022, User Count : 1, Queue : 0
2025-07-04 16:15:08,038 [3] INFO  Invalid/Empty Current Folder
2025-07-04 16:15:10,065 [4] INFO  Priority : 33022, User Count : 1, Queue : 0
2025-07-04 16:15:10,073 [4] INFO  Invalid/Empty Current Folder
2025-07-04 16:15:12,159 [4] INFO  Priority : 33022, User Count : 1, Queue : 0
2025-07-04 16:15:12,171 [4] INFO  Invalid/Empty Current Folder
2025-07-04 16:15:14,199 [4] INFO  Priority : 33022, User Count : 1, Queue : 0
2025-07-04 16:15:14,207 [4] INFO  Invalid/Empty Current Folder
2025-07-04 16:15:16,267 [4] INFO  Priority : 33022, User Count : 1, Queue : 0
2025-07-04 16:15:16,276 [4] INFO  Invalid/Empty Current Folder
2025-07-04 16:15:18,335 [4] INFO  Priority : 33022, User Count : 1, Queue : 0
2025-07-04 16:15:18,343 [4] INFO  Invalid/Empty Current Folder
2025-07-04 16:15:20,414 [10] INFO  Priority : 33022, User Count : 1, Queue : 0
2025-07-04 16:15:20,427 [10] INFO  Invalid/Empty Current Folder
2025-07-04 16:15:22,497 [17] INFO  Priority : 33022, User Count : 1, Queue : 0
2025-07-04 16:15:22,507 [17] INFO  Invalid/Empty Current Folder
2025-07-04 16:15:24,574 [12] INFO  Priority : 33022, User Count : 1, Queue : 0
2025-07-04 16:15:24,586 [12] INFO  Invalid/Empty Current Folder
2025-07-04 16:15:26,659 [10] INFO  Priority : 33022, User Count : 1, Queue : 0
2025-07-04 16:15:26,671 [10] INFO  Invalid/Empty Current Folder
2025-07-04 16:15:28,742 [10] INFO  Priority : 33022, User Count : 1, Queue : 0
2025-07-04 16:15:28,755 [10] INFO  Invalid/Empty Current Folder
2025-07-04 16:15:30,818 [10] INFO  Priority : 33022, User Count : 1, Queue : 0
2025-07-04 16:15:30,829 [10] INFO  Invalid/Empty Current Folder
2025-07-04 16:15:32,875 [10] INFO  Priority : 33022, User Count : 1, Queue : 0
2025-07-04 16:15:32,883 [10] INFO  Invalid/Empty Current Folder
2025-07-04 16:15:34,898 [10] INFO  Priority : 33022, User Count : 1, Queue : 0
2025-07-04 16:15:34,909 [10] INFO  Invalid/Empty Current Folder
2025-07-04 16:15:36,923 [11] INFO  Priority : 33022, User Count : 1, Queue : 0
2025-07-04 16:15:36,932 [11] INFO  Invalid/Empty Current Folder
2025-07-04 16:15:38,960 [15] INFO  Priority : 33022, User Count : 1, Queue : 0
2025-07-04 16:15:38,969 [15] INFO  Invalid/Empty Current Folder
2025-07-04 16:15:41,044 [15] INFO  Priority : 33022, User Count : 1, Queue : 0
2025-07-04 16:15:41,054 [15] INFO  Invalid/Empty Current Folder
2025-07-04 16:15:43,083 [10] INFO  Priority : 33022, User Count : 1, Queue : 0
2025-07-04 16:15:43,092 [10] INFO  Invalid/Empty Current Folder
2025-07-04 16:15:45,126 [3] INFO  Priority : 33022, User Count : 1, Queue : 0
2025-07-04 16:15:45,134 [3] INFO  Invalid/Empty Current Folder
2025-07-04 16:15:47,199 [4] INFO  Priority : 33022, User Count : 1, Queue : 0
2025-07-04 16:15:47,216 [4] INFO  Invalid/Empty Current Folder
2025-07-04 16:15:49,286 [4] INFO  Priority : 33022, User Count : 1, Queue : 0
2025-07-04 16:15:49,299 [4] INFO  Invalid/Empty Current Folder
2025-07-04 16:15:51,353 [4] INFO  Priority : 33022, User Count : 1, Queue : 0
2025-07-04 16:15:51,369 [15] INFO  Invalid/Empty Current Folder
2025-07-04 16:15:53,430 [3] INFO  Priority : 33022, User Count : 1, Queue : 0
2025-07-04 16:15:53,438 [3] INFO  Invalid/Empty Current Folder
2025-07-04 16:15:55,463 [15] INFO  Priority : 33022, User Count : 1, Queue : 0
2025-07-04 16:15:55,480 [4] INFO  Invalid/Empty Current Folder
2025-07-04 16:15:57,554 [4] INFO  Priority : 33022, User Count : 1, Queue : 0
2025-07-04 16:15:57,568 [4] INFO  Invalid/Empty Current Folder
2025-07-04 16:15:59,596 [17] INFO  Priority : 33022, User Count : 1, Queue : 0
2025-07-04 16:15:59,606 [17] INFO  Invalid/Empty Current Folder
2025-07-04 16:16:01,663 [10] INFO  Priority : 33022, User Count : 1, Queue : 0
2025-07-04 16:16:01,674 [10] INFO  Invalid/Empty Current Folder
2025-07-04 16:16:03,703 [12] INFO  Priority : 33022, User Count : 1, Queue : 0
2025-07-04 16:16:03,724 [12] INFO  Invalid/Empty Current Folder
2025-07-04 16:16:05,747 [17] INFO  Priority : 33022, User Count : 1, Queue : 0
2025-07-04 16:16:05,756 [15] INFO  Invalid/Empty Current Folder
2025-07-04 16:16:07,775 [11] INFO  Priority : 33022, User Count : 1, Queue : 0
2025-07-04 16:16:07,783 [11] INFO  Invalid/Empty Current Folder
2025-07-04 16:16:09,863 [11] INFO  Priority : 33022, User Count : 1, Queue : 0
2025-07-04 16:16:09,871 [11] INFO  Invalid/Empty Current Folder
2025-07-04 16:16:11,935 [15] INFO  Priority : 33022, User Count : 1, Queue : 0
2025-07-04 16:16:11,996 [15] INFO  Invalid/Empty Current Folder
2025-07-04 16:16:14,020 [12] INFO  Priority : 33022, User Count : 1, Queue : 0
2025-07-04 16:16:14,029 [12] INFO  Invalid/Empty Current Folder
2025-07-04 16:16:16,061 [16] INFO  Priority : 33022, User Count : 1, Queue : 0
2025-07-04 16:16:16,068 [16] INFO  Invalid/Empty Current Folder
2025-07-04 16:16:18,090 [12] INFO  Priority : 33022, User Count : 1, Queue : 0
2025-07-04 16:16:18,100 [12] INFO  Invalid/Empty Current Folder
2025-07-04 16:16:20,176 [17] INFO  Priority : 33022, User Count : 1, Queue : 0
2025-07-04 16:16:20,195 [17] INFO  Invalid/Empty Current Folder
2025-07-04 16:16:22,212 [17] INFO  Priority : 33022, User Count : 1, Queue : 0
2025-07-04 16:16:22,221 [17] INFO  Invalid/Empty Current Folder
2025-07-04 16:16:24,285 [10] INFO  Priority : 33022, User Count : 1, Queue : 0
2025-07-04 16:16:24,295 [10] INFO  Invalid/Empty Current Folder
2025-07-04 16:16:26,367 [10] INFO  Priority : 33022, User Count : 1, Queue : 0
2025-07-04 16:16:26,379 [10] INFO  Invalid/Empty Current Folder
2025-07-04 16:16:28,438 [12] INFO  Priority : 33022, User Count : 1, Queue : 0
2025-07-04 16:16:28,451 [12] INFO  Invalid/Empty Current Folder
2025-07-04 16:16:30,482 [10] INFO  Priority : 33022, User Count : 1, Queue : 0
2025-07-04 16:16:30,491 [10] INFO  Invalid/Empty Current Folder
2025-07-04 16:16:32,508 [16] INFO  Priority : 33022, User Count : 1, Queue : 0
2025-07-04 16:16:32,528 [16] INFO  Invalid/Empty Current Folder
2025-07-04 16:16:34,593 [16] INFO  Priority : 33022, User Count : 1, Queue : 0
2025-07-04 16:16:34,611 [16] INFO  Invalid/Empty Current Folder
2025-07-04 16:16:36,655 [10] INFO  Priority : 33022, User Count : 1, Queue : 0
2025-07-04 16:16:36,665 [10] INFO  Invalid/Empty Current Folder
2025-07-04 16:21:00,171 [9] INFO  Priority : 33023, User Count : 1, Queue : 0
2025-07-04 16:21:00,204 [9] INFO  Invalid/Empty Current Folder
2025-07-04 16:21:02,227 [23] INFO  Priority : 33023, User Count : 1, Queue : 0
2025-07-04 16:21:02,236 [10] INFO  Invalid/Empty Current Folder
2025-07-04 16:21:43,240 [11] INFO  Priority : 33024, User Count : 1, Queue : 75
2025-07-04 16:21:43,284 [11] INFO  Current Folder : 201751631484431_20_8_0_1
2025-07-04 16:21:43,458 [11] INFO  ANPR direction: , 0
2025-07-04 16:23:28,402 [11] INFO  Success, Captured Plate : - , Corrected Plate : 4-13504 Dubai, Trans. ID : 201751631484431 Location : Bay Square, Type: Plate Correction
2025-07-04 16:23:28,442 [11] INFO  Priority : 33024, User Count : 1, Queue : 195
2025-07-04 16:23:28,464 [11] INFO  Current Folder : 201751631484431_20_8_0_1
2025-07-04 16:23:28,465 [11] INFO  Invalid Folder Data :  201751631484431_20_8_0_1
2025-07-04 16:23:31,862 [11] INFO  Error lstPendingPlates : Could not find a part of the path 'U:\201751631484431_20_8_0_1'.
2025-07-04 16:23:31,881 [11] INFO  Priority : 33024, User Count : 1, Queue : 200
2025-07-04 16:23:31,902 [11] INFO  Current Folder : 4741751631479633_474_87_1_1
2025-07-04 16:23:31,929 [11] INFO  LPR direction: reverse, 1
2025-07-04 16:23:32,410 [11] INFO  Data has been successfully saved on the portal.
2025-07-04 16:24:48,180 [10] INFO  Priority : 33025, User Count : 1, Queue : 191
2025-07-04 16:24:48,218 [10] INFO  Current Folder : 4741751631479633_474_87_1_1
2025-07-04 16:24:48,387 [10] INFO  LPR direction: reverse, 1
2025-07-04 16:24:53,519 [10] INFO  Warning Plate Ignored, user1-33025 Plate : -  Trans. ID : 4741751631479633 Location : Marina Walk
2025-07-04 16:24:57,250 [10] INFO  Priority : 33025, User Count : 1, Queue : 266
2025-07-04 16:24:59,200 [10] INFO  Current Folder : 4741751631479633_474_87_1_1
2025-07-04 16:24:59,866 [10] INFO  LPR direction: reverse, 1
2025-07-04 16:25:01,506 [6] INFO  Error Inner List Exception : The process cannot access the file 'U:\4741751631479633_474_87_1_1\2025070416084039400BBBGoiklXDrPF.jpg' because it is being used by another process.
2025-07-04 16:25:18,408 [10] INFO  Priority : 33025, User Count : 1, Queue : 281
2025-07-04 16:25:18,438 [10] INFO  Current Folder : 201751631509657_20_8_0_1
2025-07-04 16:25:18,469 [10] INFO  LPR direction: reverse, 1
2025-07-04 16:25:19,055 [10] INFO  Error FormatSearchGridColumns : Object reference not set to an instance of an object.
2025-07-04 16:25:38,965 [10] INFO  Success, Captured Plate : 4-43504 Sharjah, Corrected Plate : 4-13504 Sharjah, Trans. ID : 201751631509657 Location : Bay Square, Type: Plate Correction
2025-07-04 16:25:39,024 [10] INFO  Priority : 33025, User Count : 1, Queue : 295
2025-07-04 16:25:39,060 [10] INFO  Current Folder : 6351751631507942_635_113_1_1
2025-07-04 16:25:39,103 [10] INFO  LPR direction: reverse, 1
2025-07-04 16:25:39,351 [10] INFO  Data has been successfully saved on the portal.
2025-07-04 16:27:06,545 [10] INFO  Priority : 33026, User Count : 1, Queue : 284
2025-07-04 16:27:06,633 [10] INFO  Current Folder : 6351751631507942_635_113_1_1
2025-07-04 16:27:06,822 [10] INFO  LPR direction: reverse, 1
2025-07-04 16:27:17,437 [10] INFO  Success, Captured Plate : W-76320 Dubai, Corrected Plate : W-76320 Dubai, Trans. ID : 6351751631507942 Location : Union Coop - Al Barsha, Type: Plate Correction
2025-07-04 16:27:17,483 [10] INFO  Priority : 33026, User Count : 1, Queue : 370
2025-07-04 16:27:17,504 [10] INFO  Current Folder : 6351751631507942_635_113_1_1
2025-07-04 16:27:17,505 [10] INFO  Invalid Folder Data :  6351751631507942_635_113_1_1
2025-07-04 16:27:17,518 [10] INFO  Priority : 0, User Count : 1, Queue : 369
2025-07-04 16:27:17,531 [10] INFO  Current Folder : 201751631511592_20_8_0_1
2025-07-04 16:27:17,568 [10] INFO  LPR direction: reverse, 1
2025-07-04 16:27:17,774 [10] INFO  Data has been successfully saved on the portal.
2025-07-04 16:27:18,155 [10] INFO  Error FormatSearchGridColumns : Object reference not set to an instance of an object.
2025-07-04 16:28:11,535 [10] INFO  Priority : 33027, User Count : 1, Queue : 320
2025-07-04 16:28:11,623 [10] INFO  Current Folder : 201751631511592_20_8_0_1
2025-07-04 16:28:11,797 [10] INFO  LPR direction: reverse, 1
2025-07-04 16:28:12,856 [10] INFO  Error FormatSearchGridColumns : Object reference not set to an instance of an object.
2025-07-04 16:28:20,303 [10] INFO  Warning Plate Forwarded, user1-33027 Plate : I-29147 Dubai Trans. ID : 201751631511592 Location : Bay Square
2025-07-04 16:28:20,370 [10] INFO  Priority : 33027, User Count : 1, Queue : 414
2025-07-04 16:28:20,408 [10] INFO  Current Folder : 201751631511592_20_8_0_1
2025-07-04 16:28:20,410 [10] INFO  Invalid Folder Data :  201751631511592_20_8_0_1
2025-07-04 16:28:20,436 [11] INFO  ForwardFolderToAdmin Error : Access to the path 'U:\201751631511592_20_8_0_1' is denied.
2025-07-04 16:28:20,449 [10] INFO  Priority : 0, User Count : 1, Queue : 413
2025-07-04 16:28:20,469 [10] INFO  Current Folder : 6541751631496564_654_117_0
2025-07-04 16:30:13,763 [10] INFO  Priority : 33027, User Count : 1, Queue : 487
2025-07-04 16:30:13,789 [10] INFO  Current Folder : 6541751631496564_654_117_0
2025-07-04 16:30:20,376 [10] INFO  Warning Plate Forwarded, user1-33027 Plate : -  Trans. ID : 6541751631496564 Location : Sheikh Shakhbout Medical City (M1)
2025-07-04 16:30:20,404 [10] INFO  Priority : 33027, User Count : 1, Queue : 491
2025-07-04 16:30:20,441 [10] INFO  Current Folder : 6541751631496564_654_117_0
2025-07-04 16:30:23,698 [16] INFO  Error Inner List Exception : The process cannot access the file 'U:\6541751631496564_654_117_0\28787_1751630941269_269.jpg' because it is being used by another process.
2025-07-04 16:30:26,669 [10] INFO  Priority : 33027, User Count : 1, Queue : 493
2025-07-04 16:30:26,687 [10] INFO  Current Folder : 3371751631505677_337_60_1_1
2025-07-04 16:30:26,736 [10] INFO  ANPR direction: , 0
2025-07-04 16:30:40,846 [10] INFO  Success, Captured Plate : - , Corrected Plate : -90148 Sharjah, Trans. ID : 3371751631505677 Location : Majaz Park P1, Type: Plate Correction
2025-07-04 16:30:40,893 [10] INFO  Priority : 33027, User Count : 1, Queue : 503
2025-07-04 16:30:40,914 [10] INFO  Current Folder : 3371751631505677_337_60_1_1
2025-07-04 16:30:40,935 [10] INFO  ANPR direction: , 0
2025-07-04 16:30:42,854 [7] INFO  Error Inner List Exception : The process cannot access the file 'U:\3371751631505677_337_60_1_1\3371751631505677_14_bak.jpg' because it is being used by another process.
2025-07-04 16:30:42,856 [10] INFO  Data has been successfully saved on the portal.
2025-07-04 16:30:46,511 [10] INFO  Priority : 33027, User Count : 1, Queue : 513
2025-07-04 16:30:46,531 [10] INFO  Current Folder : 231751631513498_23_8_1_1
2025-07-04 16:30:46,565 [10] INFO  LPR direction: reverse, 1
2025-07-04 16:30:51,051 [10] INFO  Success, Captured Plate : Y-85232 Dubai, Corrected Plate : Y-85232 Dubai, Trans. ID : 231751631513498 Location : Bay Square, Type: Plate Correction
2025-07-04 16:30:51,099 [10] INFO  Priority : 33027, User Count : 1, Queue : 514
2025-07-04 16:30:51,135 [10] INFO  Current Folder : 231751631513498_23_8_1_1
2025-07-04 16:30:51,174 [10] INFO  Error lstPendingPlates : The process cannot access the file 'U:\231751631513498_23_8_1_1\231751631513498_23.json' because it is being used by another process.
2025-07-04 16:30:51,197 [10] INFO  Priority : 33027, User Count : 1, Queue : 513
2025-07-04 16:30:51,220 [10] INFO  Current Folder : 9011751631512727_901_165_0_1
2025-07-04 16:30:51,255 [10] INFO  LPR direction: reverse, 1
2025-07-04 16:30:51,403 [10] INFO  Data has been successfully saved on the portal.
2025-07-04 16:31:57,183 [10] INFO  Priority : 33028, User Count : 1, Queue : 458
2025-07-04 16:31:57,224 [10] INFO  Current Folder : 9011751631512727_901_165_0_1
2025-07-04 16:31:57,415 [10] INFO  LPR direction: reverse, 1
2025-07-04 16:32:05,368 [10] INFO  Warning Plate Forwarded, user1-33028 Plate : P-2814 Dubai Trans. ID : 9011751631512727 Location : DEP Maitha Plaza
2025-07-04 16:32:05,416 [10] INFO  Priority : 33028, User Count : 1, Queue : 585
2025-07-04 16:32:05,450 [10] INFO  Current Folder : 9011751631512727_901_165_0_1
2025-07-04 16:32:05,494 [10] INFO  Error lstPendingPlates : Could not find a part of the path 'U:\9011751631512727_901_165_0_1'.
2025-07-04 16:32:05,518 [10] INFO  Priority : 33028, User Count : 1, Queue : 584
2025-07-04 16:32:05,542 [10] INFO  Current Folder : 6201751631518577_620_114_0_1
2025-07-04 16:32:10,402 [10] INFO  Success, Captured Plate : 16-19540 Abu Dhabi, Corrected Plate : 16-19540 Abu Dhabi, Trans. ID : 6201751631518577 Location : Sheikh Shakhbout Medical City, Type: Plate Correction
2025-07-04 16:32:10,462 [10] INFO  Priority : 33028, User Count : 1, Queue : 587
2025-07-04 16:32:10,508 [10] INFO  Current Folder : 6201751631518577_620_114_0_1
2025-07-04 16:32:10,764 [10] INFO  Data has been successfully saved on the portal.
2025-07-04 16:36:00,073 [9] INFO  Priority : 33029, User Count : 1, Queue : 605
2025-07-04 16:36:00,121 [9] INFO  Current Folder : 1371751631517047_137_25_0_1
2025-07-04 16:36:04,034 [9] INFO  Success, Captured Plate : AA-49574 Dubai, Corrected Plate : AA-49574 Dubai, Trans. ID : 1371751631517047 Location : Dragon Mart 1 Zone 2, Type: Plate Correction
2025-07-04 16:36:04,090 [9] INFO  Priority : 33029, User Count : 1, Queue : 774
2025-07-04 16:36:04,126 [9] INFO  Current Folder : 1371751631517047_137_25_0_1
2025-07-04 16:36:04,403 [9] INFO  Data has been successfully saved on the portal.
2025-07-04 16:36:37,249 [9] INFO  Priority : 33029, User Count : 1, Queue : 792
2025-07-04 16:36:37,270 [9] INFO  Current Folder : 1371751631519779_137_25_0_1
2025-07-04 16:37:03,746 [9] INFO  Success, Captured Plate : AA-49574 Dubai, Corrected Plate : AA-49574 Dubai, Trans. ID : 1371751631519779 Location : Dragon Mart 1 Zone 2, Type: Plate Correction
2025-07-04 16:37:03,826 [9] INFO  Priority : 33029, User Count : 1, Queue : 818
2025-07-04 16:37:03,877 [9] INFO  Current Folder : 1371751631519779_137_25_0_1
2025-07-04 16:37:04,129 [9] INFO  Data has been successfully saved on the portal.
2025-07-04 16:37:26,616 [9] INFO  Priority : 33029, User Count : 1, Queue : 838
2025-07-04 16:37:30,706 [9] INFO  Current Folder : 1611751631046233_161_32_0
2025-07-04 16:37:35,405 [9] INFO  Warning Plate Ignored, user1-33029 Plate : -  Trans. ID : 1611751631046233 Location : Souq Extra
2025-07-04 16:37:35,438 [9] INFO  Priority : 33029, User Count : 1, Queue : 849
2025-07-04 16:37:39,576 [9] INFO  Current Folder : 1611751631046233_161_32_0
2025-07-04 16:45:51,554 [10] INFO  Priority : 33030, User Count : 1, Queue : 996
2025-07-04 16:45:51,692 [10] INFO  Current Folder : 8021751631519331_802_145_0
2025-07-04 16:45:52,735 [10] INFO  Error FormatSearchGridColumns : Object reference not set to an instance of an object.
2025-07-04 16:46:01,743 [10] INFO  Success, Captured Plate : - , Corrected Plate : 9-76247 Abu Dhabi, Trans. ID : 8021751631519331 Location : Mayan (AUH), Type: Plate Correction
2025-07-04 16:46:01,850 [10] INFO  Priority : 33030, User Count : 1, Queue : 1281
2025-07-04 16:46:01,904 [10] INFO  Current Folder : 3371751631530357_337_60_1_1
2025-07-04 16:46:01,964 [10] INFO  LPR direction: reverse, 1
2025-07-04 16:46:02,110 [10] INFO  Data has been successfully saved on the portal.
2025-07-04 16:48:50,108 [11] INFO  Time-Out, System closing application
2025-07-04 17:03:41,709 [9] INFO  Priority : 33031, User Count : 1, Queue : 1076
2025-07-04 17:03:41,770 [9] INFO  Loading Current Folder : 1681751632527842_168_34_0_1
2025-07-04 17:03:42,005 [9] INFO  ANPR direction: , 0
2025-07-04 17:03:42,022 [9] INFO  Loaded Current Folder : 1681751632527842_168_34_0_1
2025-07-08 11:05:29,923 [8] INFO  Priority : 32938, User Count : 17, Queue : 13
2025-07-08 11:05:29,959 [8] INFO  Loading Current Folder : 1371751958293998_137_25_0_1
2025-07-08 11:05:30,150 [8] INFO  Loaded Current Folder : 1371751958293998_137_25_0_1
2025-07-08 11:05:43,842 [10] INFO  Priority : 32939, User Count : 2, Queue : 271
2025-07-08 11:05:43,892 [10] INFO  Loading Current Folder : 2281751913083784_228_44_0_1
2025-07-08 11:05:44,090 [10] INFO  ANPR direction: , 0
2025-07-08 11:05:44,108 [10] INFO  Loaded Current Folder : 2281751913083784_228_44_0_1
2025-07-08 11:05:45,197 [10] INFO  Error FormatSearchGridColumns : Object reference not set to an instance of an object.
2025-07-08 11:33:45,143 [9] INFO  Priority : 32945, User Count : 3, Queue : 295
2025-07-08 11:33:45,194 [9] INFO  Loading Current Folder : 2281751913083784_228_44_0_1
2025-07-08 11:33:45,375 [9] INFO  ANPR direction: , 0
2025-07-08 11:33:45,390 [9] INFO  Loaded Current Folder : 2281751913083784_228_44_0_1
2025-07-08 11:33:46,424 [9] INFO  Error FormatSearchGridColumns : Object reference not set to an instance of an object.
2025-07-08 11:38:26,626 [10] INFO  Priority : 32947, User Count : 3, Queue : 301
2025-07-08 11:38:26,664 [10] INFO  Loading Current Folder : 2281751913083784_228_44_0_1
2025-07-08 11:38:26,856 [10] INFO  ANPR direction: , 0
2025-07-08 11:38:26,875 [10] INFO  Loaded Current Folder : 2281751913083784_228_44_0_1
2025-07-08 11:38:27,929 [10] INFO  Error FormatSearchGridColumns : Object reference not set to an instance of an object.
2025-07-08 11:39:59,918 [10] INFO  Priority : 32949, User Count : 3, Queue : 297
2025-07-08 11:39:59,975 [10] INFO  Loading Current Folder : 2281751913083784_228_44_0_1
2025-07-08 11:40:00,201 [10] INFO  ANPR direction: , 0
2025-07-08 11:40:00,219 [10] INFO  Loaded Current Folder : 2281751913083784_228_44_0_1
2025-07-08 11:40:01,555 [10] INFO  Error FormatSearchGridColumns : Object reference not set to an instance of an object.
2025-07-08 11:41:48,205 [9] INFO  Priority : 32950, User Count : 3, Queue : 298
2025-07-08 11:41:48,258 [9] INFO  Loading Current Folder : 2281751913083784_228_44_0_1
2025-07-08 11:41:48,451 [9] INFO  ANPR direction: , 0
2025-07-08 11:41:48,468 [9] INFO  Loaded Current Folder : 2281751913083784_228_44_0_1
2025-07-08 11:41:49,508 [9] INFO  Error FormatSearchGridColumns : Object reference not set to an instance of an object.
2025-07-08 11:44:33,135 [9] INFO  Priority : 32951, User Count : 3, Queue : 304
2025-07-08 11:44:33,189 [9] INFO  Loading Current Folder : 2281751913083784_228_44_0_1
2025-07-08 11:44:33,416 [9] INFO  ANPR direction: , 0
2025-07-08 11:44:33,437 [9] INFO  Loaded Current Folder : 2281751913083784_228_44_0_1
2025-07-08 11:44:34,516 [9] INFO  Error FormatSearchGridColumns : Object reference not set to an instance of an object.
2025-07-08 17:28:39,853 [9] INFO  Priority : 33026, User Count : 3, Queue : 1
2025-07-08 17:28:39,882 [9] INFO  Invalid/Empty Current Folder
2025-07-08 17:28:43,031 [10] INFO  Priority : 33026, User Count : 3, Queue : 2
2025-07-08 17:28:43,048 [11] INFO  Loading Current Folder : 9231751981251179_923_136_0_1
2025-07-08 17:28:43,154 [11] INFO  LPR direction: reverse, 1
2025-07-08 17:28:43,306 [11] INFO  Loaded Current Folder : 9231751981251179_923_136_0_1
2025-07-08 17:28:43,725 [22] INFO  BindRecentPlatesGrid Error: Cross-thread operation not valid: Control 'gcRecentPlates' accessed from a thread other than the thread it was created on.
2025-07-08 17:34:38,162 [10] INFO  Time-Out, System closing application
2025-07-16 11:12:51,233 [9] INFO  Priority : 34438, User Count : 2, Queue : 279
2025-07-16 11:12:51,350 [9] INFO  Loading Current Folder : 1831752603929081_183_36_1_1
2025-07-16 11:12:51,607 [9] INFO  ANPR direction: , 0
2025-07-16 11:12:51,626 [9] INFO  Loaded Current Folder : 1831752603929081_183_36_1_1
2025-07-31 14:34:49,128 [9] INFO  Priority : 37440, User Count : 1, Queue : 1
2025-07-31 14:34:49,169 [9] INFO  Loading Current Folder : 6241753952765280_624_114_0_1
2025-07-31 14:34:49,355 [9] INFO  Loaded Current Folder : 6241753952765280_624_114_0_1
2025-07-31 14:35:29,556 [9] INFO  Priority : 37440, User Count : 1, Queue : 1
2025-07-31 14:35:29,570 [9] INFO  Loading Current Folder : 6241753952765280_624_114_0_1
2025-07-31 14:35:29,588 [9] INFO  Loaded Current Folder : 6241753952765280_624_114_0_1
2025-07-31 14:35:30,458 [9] INFO  Priority : 37440, User Count : 1, Queue : 1
2025-07-31 14:35:30,476 [9] INFO  Loading Current Folder : 6241753952765280_624_114_0_1
2025-07-31 14:35:30,494 [9] INFO  Loaded Current Folder : 6241753952765280_624_114_0_1
2025-07-31 14:35:31,309 [9] INFO  Priority : 37440, User Count : 1, Queue : 1
2025-07-31 14:35:31,318 [9] INFO  Loading Current Folder : 6241753952765280_624_114_0_1
2025-07-31 14:35:31,335 [9] INFO  Loaded Current Folder : 6241753952765280_624_114_0_1
2025-07-31 14:35:32,548 [9] INFO  Priority : 37440, User Count : 1, Queue : 1
2025-07-31 14:35:32,561 [9] INFO  Loading Current Folder : 6241753952765280_624_114_0_1
2025-07-31 14:35:32,586 [9] INFO  Loaded Current Folder : 6241753952765280_624_114_0_1
2025-07-31 14:35:33,561 [9] INFO  Priority : 37440, User Count : 1, Queue : 1
2025-07-31 14:35:33,571 [9] INFO  Loading Current Folder : 6241753952765280_624_114_0_1
2025-07-31 14:35:33,589 [9] INFO  Loaded Current Folder : 6241753952765280_624_114_0_1
2025-07-31 15:08:12,411 [8] INFO  ZOHAIB - Priority : 37451, User Count : 2, Queue : 1
2025-07-31 15:08:12,440 [8] INFO  ZOHAIB - Loading Current Folder : 6241753952765280_624_114_0_1
2025-07-31 15:08:12,621 [8] INFO  ZOHAIB - Loaded Current Folder : 6241753952765280_624_114_0_1
2025-07-31 15:08:52,550 [9] INFO  ZOHAIB - Priority : 37452, User Count : 2, Queue : 1
2025-07-31 15:08:52,579 [9] INFO  ZOHAIB - Loading Current Folder : 6241753952765280_624_114_0_1
2025-07-31 15:08:52,750 [9] INFO  ZOHAIB - Loaded Current Folder : 6241753952765280_624_114_0_1
2025-07-31 15:09:24,274 [8] INFO  ZOHAIB - Priority : 37453, User Count : 2, Queue : 1
2025-07-31 15:09:24,304 [8] INFO  ZOHAIB - Loading Current Folder : 6241753952765280_624_114_0_1
2025-07-31 15:09:24,482 [8] INFO  ZOHAIB - Loaded Current Folder : 6241753952765280_624_114_0_1
2025-07-31 15:09:57,085 [8] INFO  ZOHAIB - Priority : 37454, User Count : 2, Queue : 1
2025-07-31 15:09:57,136 [8] INFO  ZOHAIB - Loading Current Folder : 6241753952765280_624_114_0_1
2025-07-31 15:09:57,311 [8] INFO  ZOHAIB - Loaded Current Folder : 6241753952765280_624_114_0_1
2025-07-31 15:10:38,019 [10] INFO  ZOHAIB - Priority : 37455, User Count : 2, Queue : 10
2025-07-31 15:10:38,048 [10] INFO  ZOHAIB - Loading Current Folder : 4281753960171852_428_78_0
2025-07-31 15:10:38,247 [10] INFO  ZOHAIB - Loaded Current Folder : 4281753960171852_428_78_0
2025-07-31 15:10:49,108 [10] INFO  ZOHAIB - Priority : 37455, User Count : 2, Queue : 8
2025-07-31 15:10:49,118 [10] INFO  ZOHAIB - Loading Current Folder : 4281753960171852_428_78_0
2025-07-31 15:10:49,136 [10] INFO  ZOHAIB - Loaded Current Folder : 4281753960171852_428_78_0
2025-07-31 15:10:50,224 [10] INFO  ZOHAIB - Priority : 37455, User Count : 2, Queue : 7
2025-07-31 15:10:50,240 [10] INFO  ZOHAIB - Loading Current Folder : 4281753960171852_428_78_0
2025-07-31 15:10:50,253 [10] INFO  ZOHAIB - Loaded Current Folder : 4281753960171852_428_78_0
2025-07-31 15:10:51,623 [10] INFO  ZOHAIB - Priority : 37455, User Count : 2, Queue : 8
2025-07-31 15:10:51,636 [10] INFO  ZOHAIB - Loading Current Folder : 4281753960171852_428_78_0
2025-07-31 15:10:51,648 [10] INFO  ZOHAIB - Loaded Current Folder : 4281753960171852_428_78_0
2025-07-31 15:10:53,917 [10] INFO  ZOHAIB - Priority : 37455, User Count : 2, Queue : 8
2025-07-31 15:10:53,930 [10] INFO  ZOHAIB - Loading Current Folder : 4281753960171852_428_78_0
2025-07-31 15:10:53,949 [10] INFO  ZOHAIB - Loaded Current Folder : 4281753960171852_428_78_0
2025-07-31 15:10:59,113 [10] INFO  ZOHAIB - Priority : 37455, User Count : 2, Queue : 7
2025-07-31 15:10:59,130 [10] INFO  ZOHAIB - Loading Current Folder : 4281753960171852_428_78_0
2025-07-31 15:10:59,144 [10] INFO  ZOHAIB - Loaded Current Folder : 4281753960171852_428_78_0
2025-07-31 15:11:00,211 [10] INFO  ZOHAIB - Priority : 37455, User Count : 2, Queue : 8
2025-07-31 15:11:00,235 [10] INFO  ZOHAIB - Loading Current Folder : 4281753960171852_428_78_0
2025-07-31 15:11:00,249 [10] INFO  ZOHAIB - Loaded Current Folder : 4281753960171852_428_78_0
2025-07-31 15:11:02,681 [10] INFO  ZOHAIB - Priority : 37455, User Count : 2, Queue : 8
2025-07-31 15:11:02,699 [10] INFO  ZOHAIB - Loading Current Folder : 4281753960171852_428_78_0
2025-07-31 15:11:02,710 [10] INFO  ZOHAIB - Loaded Current Folder : 4281753960171852_428_78_0
2025-07-31 15:11:04,504 [10] INFO  ZOHAIB - Warning Plate Ignored, zohaib-37455 Plate : -  Trans. ID : 4281753960171852 Location : Al Bandar
2025-07-31 15:11:04,534 [10] INFO  ZOHAIB - Priority : 37455, User Count : 2, Queue : 9
2025-07-31 15:11:04,560 [10] INFO  ZOHAIB - Loading Current Folder : 3031753960230569_303_56_0
2025-07-31 15:11:04,589 [10] INFO  ZOHAIB - Loaded Current Folder : 3031753960230569_303_56_0
2025-07-31 15:11:15,521 [10] INFO  ZOHAIB - Priority : 37455, User Count : 2, Queue : 10
2025-07-31 15:11:15,537 [10] INFO  ZOHAIB - Loading Current Folder : 3031753960230569_303_56_0
2025-07-31 15:11:15,563 [10] INFO  ZOHAIB - Loaded Current Folder : 3031753960230569_303_56_0
2025-07-31 15:12:58,702 [10] INFO  ZOHAIB - Success, Captured Plate : - , Corrected Plate : 17-27116 Abu Dhabi, Trans. ID : 3031753960230569 Location : Arc Towers, Type: Plate Correction
2025-07-31 15:12:58,726 [10] INFO  ZOHAIB - Priority : 37455, User Count : 2, Queue : 6
2025-07-31 15:12:58,749 [10] INFO  ZOHAIB - Invalid/Empty Current Folder
2025-07-31 15:12:59,533 [10] INFO  ZOHAIB - Data has been successfully saved on the portal.
2025-07-31 15:13:00,787 [11] INFO  ZOHAIB - Priority : 37455, User Count : 2, Queue : 4
2025-07-31 15:13:00,795 [17] INFO  ZOHAIB - Invalid/Empty Current Folder
2025-07-31 15:13:02,845 [24] INFO  ZOHAIB - Priority : 37455, User Count : 2, Queue : 4
2025-07-31 15:13:02,856 [14] INFO  ZOHAIB - Invalid/Empty Current Folder
2025-07-31 15:13:04,911 [7] INFO  ZOHAIB - Priority : 37455, User Count : 2, Queue : 4
2025-07-31 15:13:04,923 [17] INFO  ZOHAIB - Invalid/Empty Current Folder
2025-07-31 15:13:06,972 [24] INFO  ZOHAIB - Priority : 37455, User Count : 2, Queue : 6
2025-07-31 15:13:06,981 [11] INFO  ZOHAIB - Loading Current Folder : 3761753960363496_376_65_0_1
2025-07-31 15:13:07,094 [11] INFO  ZOHAIB - Loaded Current Folder : 3761753960363496_376_65_0_1
2025-07-31 15:13:14,183 [10] INFO  ZOHAIB - Success, Captured Plate : 3-68039 Sharjah, Corrected Plate : 3-68039 Sharjah, Trans. ID : 3761753960363496 Location : WAFI Mall, Type: Plate Correction
2025-07-31 15:13:14,206 [10] INFO  ZOHAIB - Priority : 37455, User Count : 2, Queue : 9
2025-07-31 15:13:14,234 [10] INFO  ZOHAIB - Invalid/Empty Current Folder
2025-07-31 15:13:14,525 [10] INFO  ZOHAIB - Data has been successfully saved on the portal.
2025-07-31 15:13:16,257 [24] INFO  ZOHAIB - Priority : 37455, User Count : 2, Queue : 7
2025-07-31 15:13:16,266 [7] INFO  ZOHAIB - Invalid/Empty Current Folder
2025-07-31 15:13:18,292 [24] INFO  ZOHAIB - Priority : 37455, User Count : 2, Queue : 8
2025-07-31 15:13:18,308 [7] INFO  ZOHAIB - Loading Current Folder : 6781753960338461_678_122_0_1
2025-07-31 15:13:18,360 [7] INFO  ZOHAIB - ANPR direction: , 0
2025-07-31 15:13:18,640 [7] INFO  ZOHAIB - Loaded Current Folder : 6781753960338461_678_122_0_1
2025-07-31 15:13:19,100 [16] INFO  ZOHAIB - BindRecentPlatesGrid Error: Cross-thread operation not valid: Control 'gcRecentPlates' accessed from a thread other than the thread it was created on.
2025-07-31 15:16:36,637 [7] INFO  ZOHAIB - Time-Out, System closing application
2025-07-31 15:42:08,261 [10] INFO  ZOHAIB - Priority : 37464, User Count : 2, Queue : 22
2025-07-31 15:42:08,328 [10] INFO  ZOHAIB - Loading Current Folder : 7161753962066174_716_126_1_1
2025-07-31 15:42:08,515 [10] INFO  ZOHAIB - ANPR direction: , 0
2025-07-31 15:42:08,534 [10] INFO  ZOHAIB - Loaded Current Folder : 7161753962066174_716_126_1_1
2025-07-31 15:43:11,839 [10] INFO  ZOHAIB - Warning Plate Ignored, zohaib-37464 Plate : -  Trans. ID : 7161753962066174 Location : Union Coop - Al Warqa
2025-07-31 15:43:11,885 [10] INFO  ZOHAIB - Priority : 37464, User Count : 2, Queue : 48
2025-07-31 15:43:11,907 [10] INFO  ZOHAIB - Loading Current Folder : 6401753955883441_640_113_1_1
2025-07-31 15:43:11,951 [10] INFO  ZOHAIB - LPR direction: reverse, 1
2025-07-31 15:43:11,956 [10] INFO  ZOHAIB - Loaded Current Folder : 6401753955883441_640_113_1_1
2025-07-31 15:47:01,615 [10] INFO  ZOHAIB - Priority : 37465, User Count : 2, Queue : 32
2025-07-31 15:47:01,670 [10] INFO  ZOHAIB - Loading Current Folder : 9951753962270512_995_172_0_1
2025-07-31 15:47:01,854 [10] INFO  ZOHAIB - ANPR direction: N/A, 0
2025-07-31 15:47:01,872 [10] INFO  ZOHAIB - Loaded Current Folder : 9951753962270512_995_172_0_1
2025-07-31 15:47:27,805 [10] INFO  ZOHAIB - Success, Captured Plate : -80039 Dubai, Corrected Plate : -80039 Dubai, Trans. ID : 9951753962270512 Location : Wasl Vita, Type: Plate Correction
2025-07-31 15:47:27,846 [10] INFO  ZOHAIB - Priority : 37465, User Count : 2, Queue : 48
2025-07-31 15:47:27,884 [10] INFO  ZOHAIB - Loading Current Folder : 1691753962344488_169_34_1_1
2025-07-31 15:47:27,912 [10] INFO  ZOHAIB - ANPR direction: , 0
2025-07-31 15:47:27,922 [10] INFO  ZOHAIB - Loaded Current Folder : 1691753962344488_169_34_1_1
2025-07-31 15:47:28,898 [10] INFO  ZOHAIB - Data has been successfully saved in Master Parkonic
2025-07-31 15:47:31,064 [10] INFO  ZOHAIB - Warning Plate Ignored, LoginID=37465 Plate : -  Trans. ID : 1691753962344488 Location : Cedre Villas Community Center
2025-07-31 15:47:31,086 [10] INFO  ZOHAIB - Priority : 37466, User Count : 3, Queue : 48
2025-07-31 15:47:31,098 [10] INFO  ZOHAIB - Loading Current Folder : 1371753962352396_137_25_0_1
2025-07-31 15:47:31,129 [10] INFO  ZOHAIB - Loaded Current Folder : 1371753962352396_137_25_0_1
2025-07-31 15:47:31,845 [10] INFO  ZOHAIB - Error FormatSearchGridColumns : Object reference not set to an instance of an object.
2025-07-31 15:47:53,680 [10] INFO  ZOHAIB - Success, Captured Plate : E-29975 Dubai, Corrected Plate : EE-29975 Dubai, Trans. ID : 1371753962352396 Location : Dragon Mart 1 Zone 2, Type: Plate Correction
2025-07-31 15:47:53,731 [10] INFO  ZOHAIB - Priority : 37466, User Count : 3, Queue : 39
2025-07-31 15:47:53,747 [10] INFO  ZOHAIB - Loading Current Folder : 7811753962377042_781_140_0_1
2025-07-31 15:47:53,789 [10] INFO  ZOHAIB - LPR direction: reverse, 1
2025-07-31 15:47:53,802 [10] INFO  ZOHAIB - Loaded Current Folder : 7811753962377042_781_140_0_1
2025-07-31 15:47:54,197 [10] INFO  ZOHAIB - Data has been successfully saved on the portal.
2025-07-31 15:47:54,232 [10] INFO  ZOHAIB - Error FormatSearchGridColumns : Object reference not set to an instance of an object.
2025-07-31 15:47:59,483 [10] INFO  ZOHAIB - Success, Captured Plate : O-47324 Dubai, Corrected Plate : U-47324 Dubai, Trans. ID : 7811753962377042 Location : Union Coop - Umm Suqeim, Type: Plate Correction
2025-07-31 15:47:59,507 [10] INFO  ZOHAIB - Priority : 37466, User Count : 3, Queue : 38
2025-07-31 15:47:59,519 [10] INFO  ZOHAIB - Loading Current Folder : 201753962383793_20_8_0_1
2025-07-31 15:47:59,552 [10] INFO  ZOHAIB - LPR direction: reverse, 1
2025-07-31 15:47:59,563 [10] INFO  ZOHAIB - Loaded Current Folder : 201753962383793_20_8_0_1
2025-07-31 15:47:59,958 [10] INFO  ZOHAIB - Data has been successfully saved on the portal.
2025-07-31 15:48:17,943 [10] INFO  ZOHAIB - Warning Plate Ignored, LoginID=37465 Plate : 1-84237 Dubai Trans. ID : 201753962383793 Location : Bay Square
2025-07-31 15:48:17,975 [10] INFO  ZOHAIB - Priority : 37466, User Count : 3, Queue : 30
2025-07-31 15:48:17,995 [10] INFO  ZOHAIB - Loading Current Folder : 7381753962403160_738_132_0
2025-07-31 15:48:18,024 [10] INFO  ZOHAIB - Loaded Current Folder : 7381753962403160_738_132_0
2025-07-31 15:48:18,448 [10] INFO  ZOHAIB - Error FormatSearchGridColumns : Object reference not set to an instance of an object.
2025-07-31 15:48:28,422 [10] INFO  ZOHAIB - Success, Captured Plate : - , Corrected Plate : 50-68449 Abu Dhabi, Trans. ID : 7381753962403160 Location : Saadiyat Beach, Type: Plate Correction
2025-07-31 15:48:28,445 [10] INFO  ZOHAIB - Priority : 37466, User Count : 3, Queue : 31
2025-07-31 15:48:28,464 [10] INFO  ZOHAIB - Loading Current Folder : 6241753962410978_624_114_0_1
2025-07-31 15:48:28,504 [10] INFO  ZOHAIB - Loaded Current Folder : 6241753962410978_624_114_0_1
2025-07-31 15:48:28,899 [10] INFO  ZOHAIB - Data has been successfully saved on the portal.
2025-07-31 15:48:48,076 [10] INFO  ZOHAIB - Success, Captured Plate : 50-19205 Abu Dhabi, Corrected Plate : 50-19205 Abu Dhabi, Trans. ID : 6241753962410978 Location : Sheikh Shakhbout Medical City, Type: Plate Correction
2025-07-31 15:48:48,098 [10] INFO  ZOHAIB - Priority : 37466, User Count : 3, Queue : 13
2025-07-31 15:48:48,110 [10] INFO  ZOHAIB - Loading Current Folder : 5091753962468396_509_95_1_1
2025-07-31 15:48:48,146 [10] INFO  ZOHAIB - LPR direction: reverse, 1
2025-07-31 15:48:48,156 [10] INFO  ZOHAIB - Loaded Current Folder : 5091753962468396_509_95_1_1
2025-07-31 15:48:49,155 [10] INFO  ZOHAIB - Data has been successfully saved in Master Parkonic
2025-07-31 15:49:02,657 [10] INFO  ZOHAIB - Success, Captured Plate : L-27710 Dubai, Corrected Plate : L-27710 Dubai, Trans. ID : 5091753962468396 Location : Souq Al Manzil, Type: Plate Correction
2025-07-31 15:49:02,682 [10] INFO  ZOHAIB - Priority : 37466, User Count : 3, Queue : 7
2025-07-31 15:49:02,696 [10] INFO  ZOHAIB - Loading Current Folder : 6371753956099321_637_113_1_1
2025-07-31 15:49:02,735 [10] INFO  ZOHAIB - LPR direction: reverse, 1
2025-07-31 15:49:02,744 [10] INFO  ZOHAIB - Loaded Current Folder : 6371753956099321_637_113_1_1
2025-07-31 15:49:03,139 [10] INFO  ZOHAIB - Data has been successfully saved on the portal.
2025-07-31 15:49:06,621 [10] INFO  ZOHAIB - Success, Captured Plate : 15-77628 Abu Dhabi, Corrected Plate : 15-77628 Abu Dhabi, Trans. ID : 6371753956099321 Location : Union Coop - Al Barsha, Type: Plate Correction
2025-07-31 15:49:06,643 [10] INFO  ZOHAIB - Priority : 37466, User Count : 3, Queue : 7
2025-07-31 15:49:06,654 [10] INFO  ZOHAIB - Loading Current Folder : 7831753962513456_783_140_0_1
2025-07-31 15:49:06,686 [10] INFO  ZOHAIB - LPR direction: reverse, 1
2025-07-31 15:49:06,694 [10] INFO  ZOHAIB - Loaded Current Folder : 7831753962513456_783_140_0_1
2025-07-31 15:49:07,142 [10] INFO  ZOHAIB - Error FormatSearchGridColumns : Object reference not set to an instance of an object.
2025-07-31 15:49:07,672 [10] INFO  ZOHAIB - Data has been successfully saved in Master Parkonic
2025-07-31 15:49:22,410 [10] INFO  ZOHAIB - Success, Captured Plate : XZD-7922 SaudiArabia, Corrected Plate : XZD-7922 KSA, Trans. ID : 7831753962513456 Location : Union Coop - Umm Suqeim, Type: Plate Correction
2025-07-31 15:49:22,437 [10] INFO  ZOHAIB - Priority : 37466, User Count : 3, Queue : 8
2025-07-31 15:49:22,451 [10] INFO  ZOHAIB - Loading Current Folder : 311753962508762_31_9_0
2025-07-31 15:49:22,477 [10] INFO  ZOHAIB - Loaded Current Folder : 311753962508762_31_9_0
2025-07-31 15:49:22,871 [10] INFO  ZOHAIB - Data has been successfully saved on the portal.
2025-07-31 15:49:22,905 [10] INFO  ZOHAIB - Error FormatSearchGridColumns : Object reference not set to an instance of an object.
2025-07-31 15:49:24,941 [10] INFO  ZOHAIB - Warning Plate Ignored, LoginID=37465 Plate : -  Trans. ID : 311753962508762 Location : Al Hudaiba
2025-07-31 15:49:24,959 [10] INFO  ZOHAIB - Priority : 37466, User Count : 3, Queue : 12
2025-07-31 15:49:24,975 [10] INFO  ZOHAIB - Loading Current Folder : 7971753962522807_797_144_0_1
2025-07-31 15:49:25,026 [10] INFO  ZOHAIB - ANPR direction: , 0
2025-07-31 15:49:25,037 [10] INFO  ZOHAIB - Loaded Current Folder : 7971753962522807_797_144_0_1
2025-08-01 14:40:37,382 [8] INFO  ZOHAIB - Priority : 37619, User Count : 2, Queue : 9
2025-08-01 14:40:37,435 [8] INFO  ZOHAIB - Loading Current Folder : 5091754044762863_509_95_1_1
2025-08-01 14:40:37,618 [8] INFO  ZOHAIB - LPR direction: reverse, 1
2025-08-01 14:40:37,636 [8] INFO  ZOHAIB - Loaded Current Folder : 5091754044762863_509_95_1_1
2025-08-01 14:43:43,959 [8] INFO  ZOHAIB - Priority : 37621, User Count : 2, Queue : 10
2025-08-01 14:43:44,013 [8] INFO  ZOHAIB - Loading Current Folder : 5091754044991799_509_95_1_1
2025-08-01 14:43:44,191 [8] INFO  ZOHAIB - LPR direction: reverse, 1
2025-08-01 14:43:44,208 [8] INFO  ZOHAIB - Loaded Current Folder : 5091754044991799_509_95_1_1
2025-08-01 14:44:53,705 [10] INFO  ZOHAIB - Priority : 37622, User Count : 2, Queue : 10
2025-08-01 14:44:53,761 [10] INFO  ZOHAIB - Loading Current Folder : 3681754045065688_368_65_0_1
2025-08-01 14:44:53,947 [10] INFO  ZOHAIB - Loaded Current Folder : 3681754045065688_368_65_0_1
2025-08-01 14:44:55,006 [10] INFO  ZOHAIB - Error FormatSearchGridColumns : Object reference not set to an instance of an object.
2025-08-01 14:49:42,915 [11] INFO  ZOHAIB - Priority : 37624, User Count : 3, Queue : 20
2025-08-01 14:49:42,945 [11] INFO  ZOHAIB - Loading Current Folder : 7581754045221476_758_130_1_1
2025-08-01 14:49:43,122 [11] INFO  ZOHAIB - LPR direction: reverse, 1
2025-08-01 14:49:43,141 [11] INFO  ZOHAIB - Loaded Current Folder : 7581754045221476_758_130_1_1
2025-08-01 14:50:27,268 [10] INFO  ZOHAIB - Priority : 37625, User Count : 3, Queue : 10
2025-08-01 14:50:27,347 [10] INFO  ZOHAIB - Loading Current Folder : 7581754045221476_758_130_1_1
2025-08-01 14:50:27,520 [10] INFO  ZOHAIB - LPR direction: reverse, 1
2025-08-01 14:50:27,540 [10] INFO  ZOHAIB - Loaded Current Folder : 7581754045221476_758_130_1_1
2025-08-01 15:04:14,350 [9] INFO  ZOHAIB - Priority : 37631, User Count : 2, Queue : 5
2025-08-01 15:04:14,382 [9] INFO  ZOHAIB - Loading Current Folder : 1371754046227561_137_25_0_1
2025-08-01 15:04:14,563 [9] INFO  ZOHAIB - Loaded Current Folder : 1371754046227561_137_25_0_1
2025-08-01 15:05:42,976 [11] INFO  ZOHAIB - Priority : 37632, User Count : 2, Queue : 6
2025-08-01 15:05:43,074 [11] INFO  ZOHAIB - Loading Current Folder : 1371754046227561_137_25_0_1
2025-08-01 15:05:43,246 [11] INFO  ZOHAIB - Loaded Current Folder : 1371754046227561_137_25_0_1
2025-08-01 15:05:44,262 [11] INFO  ZOHAIB - Error FormatSearchGridColumns : Object reference not set to an instance of an object.
2025-08-01 15:07:37,019 [9] INFO  ZOHAIB - Priority : 37633, User Count : 2, Queue : 32
2025-08-01 15:07:37,135 [9] INFO  ZOHAIB - Loading Current Folder : 1371754046227561_137_25_0_1
2025-08-01 15:07:37,312 [9] INFO  ZOHAIB - Loaded Current Folder : 1371754046227561_137_25_0_1
2025-08-01 15:07:38,419 [9] INFO  ZOHAIB - Error FormatSearchGridColumns : Object reference not set to an instance of an object.
2025-08-01 17:25:14,924 [10] INFO  ZOHAIB - Priority : 37660, User Count : 2, Queue : 6
2025-08-01 17:25:14,983 [10] INFO  ZOHAIB - Invalid/Empty Current Folder
2025-08-01 17:25:17,111 [10] INFO  ZOHAIB - Error btnSearch_Click : Object reference not set to an instance of an object.
2025-08-01 17:25:17,295 [11] INFO  ZOHAIB - Priority : 37660, User Count : 2, Queue : 5
2025-08-01 17:25:17,327 [18] INFO  ZOHAIB - Invalid/Empty Current Folder
2025-08-01 17:25:19,381 [23] INFO  ZOHAIB - Priority : 37660, User Count : 2, Queue : 6
2025-08-01 17:25:19,391 [12] INFO  ZOHAIB - Loading Current Folder : 1821754054669543_182_36_0_1
2025-08-01 17:25:19,479 [12] INFO  ZOHAIB - ANPR direction: , 0
2025-08-01 17:25:19,804 [12] INFO  ZOHAIB - Loaded Current Folder : 1821754054669543_182_36_0_1
2025-08-01 17:25:20,384 [22] INFO  ZOHAIB - BindRecentPlatesGrid Error: Cross-thread operation not valid: Control 'gcRecentPlates' accessed from a thread other than the thread it was created on.
2025-08-01 17:26:30,375 [10] INFO  ZOHAIB - Priority : 37661, User Count : 2, Queue : 5
2025-08-01 17:26:30,405 [10] INFO  ZOHAIB - Loading Current Folder : 1821754054669543_182_36_0_1
2025-08-01 17:26:30,600 [10] INFO  ZOHAIB - ANPR direction: , 0
2025-08-01 17:26:30,617 [10] INFO  ZOHAIB - Loaded Current Folder : 1821754054669543_182_36_0_1
2025-08-01 17:26:31,637 [10] INFO  ZOHAIB - Error FormatSearchGridColumns : Object reference not set to an instance of an object.
2025-08-04 18:08:19,511 [10] INFO  ZOHAIB - Priority : 38198, User Count : 2, Queue : 71
2025-08-04 18:08:19,541 [10] INFO  ZOHAIB - Loading Current Folder : 1211754316304044_121_21_1_1
2025-08-04 18:08:19,721 [10] INFO  ZOHAIB - ANPR direction: , 0
2025-08-04 18:08:19,735 [10] INFO  ZOHAIB - Loaded Current Folder : 1211754316304044_121_21_1_1
2025-08-04 18:14:17,917 [11] INFO  ZOHAIB - Time-Out, System closing application
2025-08-06 11:00:50,563 [10] INFO  ZOHAIB - Priority : 38491, User Count : 2, Queue : 5
2025-08-06 11:00:50,652 [10] INFO  ZOHAIB - Invalid/Empty Current Folder
2025-08-06 11:00:53,575 [6] INFO  ZOHAIB - Priority : 38491, User Count : 2, Queue : 7
2025-08-06 11:00:53,659 [17] INFO  ZOHAIB - Loading Current Folder : 6381754463544286_638_113_0_1
2025-08-06 11:00:53,768 [17] INFO  ZOHAIB - ANPR direction: , 0
2025-08-06 11:00:53,924 [17] INFO  ZOHAIB - Loaded Current Folder : 6381754463544286_638_113_0_1
2025-08-14 17:13:12,424 [10] INFO  ZOHAIB - Priority : 40015, User Count : 3, Queue : 22
2025-08-14 17:13:12,457 [10] INFO  ZOHAIB - Loading Current Folder : 5241755177129528_524_101_0
2025-08-14 17:13:12,636 [10] INFO  ZOHAIB - Loaded Current Folder : 5241755177129528_524_101_0
2025-08-14 17:13:13,749 [10] INFO  ZOHAIB - Error FormatSearchGridColumns : Object reference not set to an instance of an object.
2025-08-14 17:13:38,494 [11] INFO  ZOHAIB - Priority : 40016, User Count : 3, Queue : 18
2025-08-14 17:13:38,525 [11] INFO  ZOHAIB - Loading Current Folder : 5241755177129528_524_101_0
2025-08-14 17:13:38,693 [11] INFO  ZOHAIB - Loaded Current Folder : 5241755177129528_524_101_0
2025-08-14 17:13:39,781 [11] INFO  ZOHAIB - Error FormatSearchGridColumns : Object reference not set to an instance of an object.
2025-08-14 17:14:04,332 [11] INFO  ZOHAIB - Priority : 40017, User Count : 3, Queue : 8
2025-08-14 17:14:04,389 [11] INFO  ZOHAIB - Loading Current Folder : 5241755177129528_524_101_0
2025-08-14 17:14:04,551 [11] INFO  ZOHAIB - Loaded Current Folder : 5241755177129528_524_101_0
2025-08-14 17:14:05,656 [11] INFO  ZOHAIB - Error FormatSearchGridColumns : Object reference not set to an instance of an object.
2025-08-14 17:14:28,194 [11] INFO  ZOHAIB - Application Closing 40017
2025-08-14 17:19:05,725 [10] INFO  ZOHAIB - Priority : 40021, User Count : 3, Queue : 9
2025-08-14 17:19:05,786 [10] INFO  ZOHAIB - Loading Current Folder : 7121755177510862_712_126_1_1
2025-08-14 17:19:05,975 [10] INFO  ZOHAIB - LPR direction: reverse, 1
2025-08-14 17:19:06,029 [10] INFO  ZOHAIB - Loaded Current Folder : 7121755177510862_712_126_1_1
2025-08-14 17:20:52,815 [9] INFO  ZOHAIB - Priority : 40022, User Count : 3, Queue : 5
2025-08-14 17:20:52,869 [9] INFO  ZOHAIB - Loading Current Folder : 7121755177510862_712_126_1_1
2025-08-14 17:20:53,038 [9] INFO  ZOHAIB - LPR direction: reverse, 1
2025-08-14 17:20:53,054 [9] INFO  ZOHAIB - Loaded Current Folder : 7121755177510862_712_126_1_1
2025-08-14 17:25:54,956 [9] INFO  ZOHAIB - Priority : 40023, User Count : 3, Queue : 19
2025-08-14 17:25:55,010 [9] INFO  ZOHAIB - Loading Current Folder : 11981755177903253_1198_190_0_1
2025-08-14 17:25:55,186 [9] INFO  ZOHAIB - LPR direction: Moving away, 0
2025-08-14 17:25:55,206 [9] INFO  ZOHAIB - Loaded Current Folder : 11981755177903253_1198_190_0_1
2025-08-14 17:26:03,320 [9] INFO  ZOHAIB - Application Closing 40023
2025-08-14 17:26:15,658 [10] INFO  ZOHAIB - Priority : 40024, User Count : 3, Queue : 24
2025-08-14 17:26:15,735 [10] INFO  ZOHAIB - Loading Current Folder : 2541755177920652_254_54_0_1
2025-08-14 17:26:15,912 [10] INFO  ZOHAIB - ANPR direction: N/A, 0
2025-08-14 17:26:15,933 [10] INFO  ZOHAIB - Loaded Current Folder : 2541755177920652_254_54_0_1
2025-08-14 17:26:17,014 [10] INFO  ZOHAIB - Error FormatSearchGridColumns : Object reference not set to an instance of an object.
2025-08-14 17:26:30,750 [10] INFO  ZOHAIB - Application Closing 40024
2025-09-22 16:43:44,569 [8] INFO  ZOHAIB - Priority : 47148, User Count : 3, Queue : 4
2025-09-22 16:43:44,644 [8] INFO  ZOHAIB - Loading Current Folder : 11121758544830171_1112_183_0_1
2025-09-22 16:43:44,834 [8] INFO  ZOHAIB - ANPR direction: , 0
2025-09-22 16:43:44,851 [8] INFO  ZOHAIB - Loaded Current Folder : 11121758544830171_1112_183_0_1
2025-09-22 16:45:12,223 [8] INFO  ZOHAIB - Application Closing 47148
2025-09-22 16:56:46,968 [9] INFO  ZOHAIB - Priority : 47149, User Count : 3, Queue : 5
2025-09-22 16:56:47,002 [9] INFO  ZOHAIB - Invalid/Empty Current Folder
2025-09-22 16:56:49,033 [10] INFO  ZOHAIB - Priority : 47149, User Count : 3, Queue : 1
2025-09-22 16:56:49,047 [11] INFO  ZOHAIB - Invalid/Empty Current Folder
2025-09-22 16:56:51,065 [22] INFO  ZOHAIB - Priority : 47149, User Count : 3, Queue : 3
2025-09-22 16:56:51,087 [16] INFO  ZOHAIB - Loading Current Folder : 8681758545789374_868_158_1_1
2025-09-22 16:56:51,142 [16] INFO  ZOHAIB - LPR direction: reverse, 1
2025-09-22 16:56:51,295 [16] INFO  ZOHAIB - Loaded Current Folder : 8681758545789374_868_158_1_1
2025-09-22 16:58:22,426 [9] INFO  ZOHAIB - Priority : 47150, User Count : 3, Queue : 4
2025-09-22 16:58:22,469 [9] INFO  ZOHAIB - Loading Current Folder : 1681758545876804_168_34_0_1
2025-09-22 16:58:22,664 [9] INFO  ZOHAIB - ANPR direction: , 0
2025-09-22 16:58:22,682 [9] INFO  ZOHAIB - Loaded Current Folder : 1681758545876804_168_34_0_1
2025-09-22 16:59:17,630 [10] INFO  ZOHAIB - Priority : 47151, User Count : 3, Queue : 10
2025-09-22 16:59:17,693 [10] INFO  ZOHAIB - Loading Current Folder : 7381758545939839_738_132_0
2025-09-22 16:59:17,884 [10] INFO  ZOHAIB - Loaded Current Folder : 7381758545939839_738_132_0
2025-09-22 17:00:49,235 [9] INFO  ZOHAIB - Priority : 47152, User Count : 3, Queue : 4
2025-09-22 17:00:49,264 [9] INFO  ZOHAIB - Invalid/Empty Current Folder
2025-09-22 17:00:51,329 [18] INFO  ZOHAIB - Priority : 47152, User Count : 3, Queue : 6
2025-09-22 17:00:51,343 [11] INFO  ZOHAIB - Invalid/Empty Current Folder
2025-09-22 17:00:53,390 [10] INFO  ZOHAIB - Priority : 47152, User Count : 3, Queue : 7
2025-09-22 17:00:53,405 [16] INFO  ZOHAIB - Loading Current Folder : 9661758546013768_966_155_1_1
2025-09-22 17:00:53,493 [16] INFO  ZOHAIB - LPR direction: reverse, 1
2025-09-22 17:00:53,619 [16] INFO  ZOHAIB - Loaded Current Folder : 9661758546013768_966_155_1_1
2025-09-22 17:01:33,318 [10] INFO  ZOHAIB - Priority : 47154, User Count : 4, Queue : 7
2025-09-22 17:01:33,462 [10] INFO  ZOHAIB - Loading Current Folder : 1611758545972750_161_32_0
2025-09-22 17:01:33,661 [10] INFO  ZOHAIB - Loaded Current Folder : 1611758545972750_161_32_0
2025-09-22 17:02:19,298 [10] INFO  ZOHAIB - Priority : 47154, User Count : 4, Queue : 8
2025-09-22 17:02:19,315 [10] INFO  ZOHAIB - Loading Current Folder : 1611758545972750_161_32_0
2025-09-22 17:02:19,332 [10] INFO  ZOHAIB - Loaded Current Folder : 1611758545972750_161_32_0
2025-09-22 17:02:22,657 [10] INFO  ZOHAIB - Priority : 47154, User Count : 4, Queue : 6
2025-09-22 17:02:22,671 [10] INFO  ZOHAIB - Loading Current Folder : 1611758545972750_161_32_0
2025-09-22 17:02:22,686 [10] INFO  ZOHAIB - Loaded Current Folder : 1611758545972750_161_32_0
2025-09-22 17:13:21,008 [9] INFO  ZOHAIB - Priority : 47156, User Count : 4, Queue : 4
2025-09-22 17:13:21,043 [9] INFO  ZOHAIB - Loading Current Folder : 8871758546766549_887_163_0_1
2025-09-22 17:13:21,233 [9] INFO  ZOHAIB - ANPR direction: , 0
2025-09-22 17:13:21,253 [9] INFO  ZOHAIB - Loaded Current Folder : 8871758546766549_887_163_0_1
2025-09-22 17:15:02,154 [9] INFO  ZOHAIB - Application Closing 47156
2025-09-23 11:09:57,016 [1] INFO  ZOHAIB - Priority : 47271, User Count : 2, Queue : 0
2025-09-23 11:09:57,089 [1] INFO  ZOHAIB - Invalid/Empty Current Folder
2025-09-23 11:09:59,147 [16] INFO  ZOHAIB - Priority : 47271, User Count : 2, Queue : 0
2025-09-23 11:09:59,157 [16] INFO  ZOHAIB - Invalid/Empty Current Folder
2025-09-23 11:10:01,244 [16] INFO  ZOHAIB - Priority : 47271, User Count : 2, Queue : 0
2025-09-23 11:10:01,263 [4] INFO  ZOHAIB - Invalid/Empty Current Folder
2025-09-23 11:10:03,286 [11] INFO  ZOHAIB - Priority : 47271, User Count : 2, Queue : 0
2025-09-23 11:10:03,296 [11] INFO  ZOHAIB - Invalid/Empty Current Folder
2025-09-23 11:10:05,324 [10] INFO  ZOHAIB - Priority : 47271, User Count : 2, Queue : 0
2025-09-23 11:10:05,338 [10] INFO  ZOHAIB - Invalid/Empty Current Folder
2025-09-23 11:10:07,413 [10] INFO  ZOHAIB - Priority : 47271, User Count : 2, Queue : 0
2025-09-23 11:10:07,421 [10] INFO  ZOHAIB - Invalid/Empty Current Folder
2025-09-23 11:10:09,492 [11] INFO  ZOHAIB - Priority : 47271, User Count : 2, Queue : 0
2025-09-23 11:10:09,499 [11] INFO  ZOHAIB - Invalid/Empty Current Folder
2025-09-23 11:10:11,517 [3] INFO  ZOHAIB - Priority : 47271, User Count : 2, Queue : 0
2025-09-23 11:10:11,526 [3] INFO  ZOHAIB - Invalid/Empty Current Folder
2025-09-23 11:10:13,547 [4] INFO  ZOHAIB - Priority : 47271, User Count : 2, Queue : 0
2025-09-23 11:10:13,556 [4] INFO  ZOHAIB - Invalid/Empty Current Folder
2025-09-23 11:10:15,615 [10] INFO  ZOHAIB - Priority : 47271, User Count : 2, Queue : 0
2025-09-23 11:10:15,623 [10] INFO  ZOHAIB - Invalid/Empty Current Folder
2025-09-23 11:10:17,677 [12] INFO  ZOHAIB - Priority : 47271, User Count : 2, Queue : 0
2025-09-23 11:10:17,685 [12] INFO  ZOHAIB - Invalid/Empty Current Folder
2025-09-23 11:10:19,739 [10] INFO  ZOHAIB - Priority : 47271, User Count : 2, Queue : 0
2025-09-23 11:10:19,747 [10] INFO  ZOHAIB - Invalid/Empty Current Folder
2025-09-23 11:10:21,817 [16] INFO  ZOHAIB - Priority : 47271, User Count : 2, Queue : 0
2025-09-23 11:10:21,834 [16] INFO  ZOHAIB - Invalid/Empty Current Folder
2025-09-23 11:10:23,879 [3] INFO  ZOHAIB - Priority : 47271, User Count : 2, Queue : 0
2025-09-23 11:10:23,887 [3] INFO  ZOHAIB - Invalid/Empty Current Folder
2025-09-23 11:10:25,957 [11] INFO  ZOHAIB - Priority : 47271, User Count : 2, Queue : 0
2025-09-23 11:10:25,964 [11] INFO  ZOHAIB - Invalid/Empty Current Folder
2025-09-23 11:10:28,019 [4] INFO  ZOHAIB - Priority : 47271, User Count : 2, Queue : 0
2025-09-23 11:10:28,026 [4] INFO  ZOHAIB - Invalid/Empty Current Folder
2025-09-23 11:10:30,082 [11] INFO  ZOHAIB - Priority : 47271, User Count : 2, Queue : 0
2025-09-23 11:10:30,097 [11] INFO  ZOHAIB - Invalid/Empty Current Folder
2025-09-23 11:10:32,160 [10] INFO  ZOHAIB - Priority : 47271, User Count : 2, Queue : 0
2025-09-23 11:10:32,169 [10] INFO  ZOHAIB - Invalid/Empty Current Folder
2025-09-23 11:10:34,231 [3] INFO  ZOHAIB - Priority : 47271, User Count : 2, Queue : 0
2025-09-23 11:10:34,238 [3] INFO  ZOHAIB - Invalid/Empty Current Folder
2025-09-23 11:10:36,260 [10] INFO  ZOHAIB - Priority : 47271, User Count : 2, Queue : 0
2025-09-23 11:10:36,270 [10] INFO  ZOHAIB - Invalid/Empty Current Folder
2025-09-23 11:10:38,286 [12] INFO  ZOHAIB - Priority : 47271, User Count : 2, Queue : 0
2025-09-23 11:10:38,297 [12] INFO  ZOHAIB - Invalid/Empty Current Folder
2025-09-23 11:10:40,327 [16] INFO  ZOHAIB - Priority : 47271, User Count : 2, Queue : 0
2025-09-23 11:10:40,334 [16] INFO  ZOHAIB - Invalid/Empty Current Folder
2025-09-23 11:10:42,349 [11] INFO  ZOHAIB - Priority : 47271, User Count : 2, Queue : 0
2025-09-23 11:10:42,357 [11] INFO  ZOHAIB - Invalid/Empty Current Folder
2025-09-23 11:10:44,422 [12] INFO  ZOHAIB - Priority : 47271, User Count : 2, Queue : 0
2025-09-23 11:10:44,430 [12] INFO  ZOHAIB - Invalid/Empty Current Folder
2025-09-23 11:10:46,444 [10] INFO  ZOHAIB - Priority : 47271, User Count : 2, Queue : 0
2025-09-23 11:10:46,451 [10] INFO  ZOHAIB - Invalid/Empty Current Folder
2025-09-23 11:10:48,516 [10] INFO  ZOHAIB - Priority : 47271, User Count : 2, Queue : 0
2025-09-23 11:10:48,525 [10] INFO  ZOHAIB - Invalid/Empty Current Folder
2025-09-23 11:10:50,577 [4] INFO  ZOHAIB - Priority : 47271, User Count : 2, Queue : 0
2025-09-23 11:10:50,584 [11] INFO  ZOHAIB - Invalid/Empty Current Folder
2025-09-23 11:10:52,652 [4] INFO  ZOHAIB - Priority : 47271, User Count : 2, Queue : 0
2025-09-23 11:10:52,661 [4] INFO  ZOHAIB - Invalid/Empty Current Folder
2025-09-23 11:10:54,670 [10] INFO  ZOHAIB - Priority : 47271, User Count : 2, Queue : 0
2025-09-23 11:10:54,678 [10] INFO  ZOHAIB - Invalid/Empty Current Folder
2025-09-23 11:10:56,743 [11] INFO  ZOHAIB - Priority : 47271, User Count : 2, Queue : 0
2025-09-23 11:10:56,751 [11] INFO  ZOHAIB - Invalid/Empty Current Folder
2025-09-23 11:10:58,772 [4] INFO  ZOHAIB - Priority : 47271, User Count : 2, Queue : 0
2025-09-23 11:10:58,810 [4] INFO  ZOHAIB - Invalid/Empty Current Folder
2025-09-23 11:11:00,877 [12] INFO  ZOHAIB - Priority : 47271, User Count : 2, Queue : 0
2025-09-23 11:11:00,910 [12] INFO  ZOHAIB - Invalid/Empty Current Folder
2025-09-23 11:11:02,934 [11] INFO  ZOHAIB - Priority : 47271, User Count : 2, Queue : 0
2025-09-23 11:11:02,941 [11] INFO  ZOHAIB - Invalid/Empty Current Folder
2025-09-23 11:11:05,005 [12] INFO  ZOHAIB - Priority : 47271, User Count : 2, Queue : 0
2025-09-23 11:11:05,012 [12] INFO  ZOHAIB - Invalid/Empty Current Folder
2025-09-23 11:11:07,075 [16] INFO  ZOHAIB - Priority : 47271, User Count : 2, Queue : 0
2025-09-23 11:11:07,083 [16] INFO  ZOHAIB - Invalid/Empty Current Folder
2025-09-23 11:11:09,123 [12] INFO  ZOHAIB - Priority : 47271, User Count : 2, Queue : 0
2025-09-23 11:11:09,132 [12] INFO  ZOHAIB - Invalid/Empty Current Folder
2025-09-23 11:11:11,198 [16] INFO  ZOHAIB - Priority : 47271, User Count : 2, Queue : 0
2025-09-23 11:11:11,205 [16] INFO  ZOHAIB - Invalid/Empty Current Folder
2025-09-23 11:11:13,260 [10] INFO  ZOHAIB - Priority : 47271, User Count : 2, Queue : 0
2025-09-23 11:11:13,268 [10] INFO  ZOHAIB - Invalid/Empty Current Folder
2025-09-23 11:11:15,339 [4] INFO  ZOHAIB - Priority : 47271, User Count : 2, Queue : 0
2025-09-23 11:11:15,351 [4] INFO  ZOHAIB - Invalid/Empty Current Folder
2025-09-23 11:11:17,417 [11] INFO  ZOHAIB - Priority : 47271, User Count : 2, Queue : 0
2025-09-23 11:11:17,425 [11] INFO  ZOHAIB - Invalid/Empty Current Folder
2025-09-23 11:11:19,477 [3] INFO  ZOHAIB - Priority : 47271, User Count : 2, Queue : 0
2025-09-23 11:11:19,485 [3] INFO  ZOHAIB - Invalid/Empty Current Folder
2025-09-23 11:11:21,540 [4] INFO  ZOHAIB - Priority : 47271, User Count : 2, Queue : 0
2025-09-23 11:11:21,547 [4] INFO  ZOHAIB - Invalid/Empty Current Folder
2025-09-23 11:11:23,604 [3] INFO  ZOHAIB - Priority : 47271, User Count : 2, Queue : 0
2025-09-23 11:11:23,614 [3] INFO  ZOHAIB - Invalid/Empty Current Folder
2025-09-23 11:11:25,680 [16] INFO  ZOHAIB - Priority : 47271, User Count : 2, Queue : 0
2025-09-23 11:11:25,688 [16] INFO  ZOHAIB - Invalid/Empty Current Folder
2025-09-23 11:11:27,754 [4] INFO  ZOHAIB - Priority : 47271, User Count : 2, Queue : 0
2025-09-23 11:11:27,762 [4] INFO  ZOHAIB - Invalid/Empty Current Folder
2025-09-23 11:11:29,825 [10] INFO  ZOHAIB - Priority : 47271, User Count : 2, Queue : 0
2025-09-23 11:11:29,834 [10] INFO  ZOHAIB - Invalid/Empty Current Folder
2025-09-23 11:11:31,901 [11] INFO  ZOHAIB - Priority : 47271, User Count : 2, Queue : 0
2025-09-23 11:11:31,910 [11] INFO  ZOHAIB - Invalid/Empty Current Folder
2025-09-23 11:11:33,977 [3] INFO  ZOHAIB - Priority : 47271, User Count : 2, Queue : 0
2025-09-23 11:11:33,988 [3] INFO  ZOHAIB - Invalid/Empty Current Folder
2025-09-23 11:11:36,008 [4] INFO  ZOHAIB - Priority : 47271, User Count : 2, Queue : 0
2025-09-23 11:11:36,016 [4] INFO  ZOHAIB - Invalid/Empty Current Folder
2025-09-23 11:11:38,083 [11] INFO  ZOHAIB - Priority : 47271, User Count : 2, Queue : 0
2025-09-23 11:11:38,094 [11] INFO  ZOHAIB - Invalid/Empty Current Folder
2025-09-23 11:11:40,123 [4] INFO  ZOHAIB - Priority : 47271, User Count : 2, Queue : 0
2025-09-23 11:11:40,132 [4] INFO  ZOHAIB - Invalid/Empty Current Folder
2025-09-23 11:11:42,201 [10] INFO  ZOHAIB - Priority : 47271, User Count : 2, Queue : 0
2025-09-23 11:11:42,213 [10] INFO  ZOHAIB - Invalid/Empty Current Folder
2025-09-23 11:11:44,269 [3] INFO  ZOHAIB - Priority : 47271, User Count : 2, Queue : 0
2025-09-23 11:11:44,277 [3] INFO  ZOHAIB - Invalid/Empty Current Folder
2025-09-23 11:11:46,338 [4] INFO  ZOHAIB - Priority : 47271, User Count : 2, Queue : 0
2025-09-23 11:11:46,352 [4] INFO  ZOHAIB - Invalid/Empty Current Folder
2025-09-23 11:11:48,432 [10] INFO  ZOHAIB - Priority : 47271, User Count : 2, Queue : 0
2025-09-23 11:11:48,446 [10] INFO  ZOHAIB - Invalid/Empty Current Folder
2025-09-23 11:11:50,510 [11] INFO  ZOHAIB - Priority : 47271, User Count : 2, Queue : 0
2025-09-23 11:11:50,522 [11] INFO  ZOHAIB - Invalid/Empty Current Folder
2025-09-23 11:11:52,580 [12] INFO  ZOHAIB - Priority : 47271, User Count : 2, Queue : 0
2025-09-23 11:11:52,588 [12] INFO  ZOHAIB - Invalid/Empty Current Folder
2025-09-23 11:11:54,650 [10] INFO  ZOHAIB - Priority : 47271, User Count : 2, Queue : 0
2025-09-23 11:11:54,664 [10] INFO  ZOHAIB - Invalid/Empty Current Folder
2025-09-23 11:11:56,720 [12] INFO  ZOHAIB - Priority : 47271, User Count : 2, Queue : 0
2025-09-23 11:11:56,728 [12] INFO  ZOHAIB - Invalid/Empty Current Folder
2025-09-23 11:11:58,776 [3] INFO  ZOHAIB - Priority : 47271, User Count : 2, Queue : 0
2025-09-23 11:11:58,788 [3] INFO  ZOHAIB - Invalid/Empty Current Folder
2025-09-23 11:12:00,834 [4] INFO  ZOHAIB - Priority : 47271, User Count : 2, Queue : 0
2025-09-23 11:12:00,850 [4] INFO  ZOHAIB - Invalid/Empty Current Folder
2025-09-23 11:12:02,906 [3] INFO  ZOHAIB - Priority : 47271, User Count : 2, Queue : 0
2025-09-23 11:12:02,914 [3] INFO  ZOHAIB - Invalid/Empty Current Folder
2025-09-23 11:12:04,938 [10] INFO  ZOHAIB - Priority : 47271, User Count : 2, Queue : 0
2025-09-23 11:12:04,946 [10] INFO  ZOHAIB - Invalid/Empty Current Folder
2025-09-23 11:12:07,021 [12] INFO  ZOHAIB - Priority : 47271, User Count : 2, Queue : 0
2025-09-23 11:12:07,036 [12] INFO  ZOHAIB - Invalid/Empty Current Folder
2025-09-23 11:12:09,060 [16] INFO  ZOHAIB - Priority : 47271, User Count : 2, Queue : 0
2025-09-23 11:12:09,069 [16] INFO  ZOHAIB - Invalid/Empty Current Folder
2025-09-23 11:12:11,084 [10] INFO  ZOHAIB - Priority : 47271, User Count : 2, Queue : 0
2025-09-23 11:12:11,091 [10] INFO  ZOHAIB - Invalid/Empty Current Folder
2025-09-23 11:12:13,160 [3] INFO  ZOHAIB - Priority : 47271, User Count : 2, Queue : 0
2025-09-23 11:12:13,176 [3] INFO  ZOHAIB - Invalid/Empty Current Folder
2025-09-23 11:12:15,251 [16] INFO  ZOHAIB - Priority : 47271, User Count : 2, Queue : 0
2025-09-23 11:12:15,262 [16] INFO  ZOHAIB - Invalid/Empty Current Folder
2025-09-23 11:12:17,287 [16] INFO  ZOHAIB - Priority : 47271, User Count : 2, Queue : 0
2025-09-23 11:12:17,297 [16] INFO  ZOHAIB - Invalid/Empty Current Folder
2025-09-23 11:12:19,357 [9] INFO  ZOHAIB - Priority : 47271, User Count : 2, Queue : 0
2025-09-23 11:12:19,365 [9] INFO  ZOHAIB - Invalid/Empty Current Folder
2025-09-23 11:12:21,418 [3] INFO  ZOHAIB - Priority : 47271, User Count : 2, Queue : 0
2025-09-23 11:12:21,427 [3] INFO  ZOHAIB - Invalid/Empty Current Folder
2025-09-23 11:12:23,498 [11] INFO  ZOHAIB - Priority : 47271, User Count : 2, Queue : 0
2025-09-23 11:12:23,508 [11] INFO  ZOHAIB - Invalid/Empty Current Folder
2025-09-23 11:12:25,522 [9] INFO  ZOHAIB - Priority : 47271, User Count : 2, Queue : 0
2025-09-23 11:12:25,529 [9] INFO  ZOHAIB - Invalid/Empty Current Folder
2025-09-23 11:12:27,573 [3] INFO  ZOHAIB - Priority : 47271, User Count : 2, Queue : 0
2025-09-23 11:12:27,581 [3] INFO  ZOHAIB - Invalid/Empty Current Folder
2025-09-23 11:12:29,642 [9] INFO  ZOHAIB - Priority : 47271, User Count : 2, Queue : 0
2025-09-23 11:12:29,659 [9] INFO  ZOHAIB - Invalid/Empty Current Folder
2025-09-23 11:12:31,735 [4] INFO  ZOHAIB - Priority : 47271, User Count : 2, Queue : 0
2025-09-23 11:12:31,748 [4] INFO  ZOHAIB - Invalid/Empty Current Folder
2025-09-23 11:12:33,815 [3] INFO  ZOHAIB - Priority : 47271, User Count : 2, Queue : 0
2025-09-23 11:12:33,826 [3] INFO  ZOHAIB - Invalid/Empty Current Folder
2025-09-23 11:12:35,883 [16] INFO  ZOHAIB - Priority : 47271, User Count : 2, Queue : 0
2025-09-23 11:12:35,893 [16] INFO  ZOHAIB - Invalid/Empty Current Folder
2025-09-23 11:12:37,954 [12] INFO  ZOHAIB - Priority : 47271, User Count : 2, Queue : 0
2025-09-23 11:12:38,011 [12] INFO  ZOHAIB - Invalid/Empty Current Folder
2025-09-23 11:12:40,055 [3] INFO  ZOHAIB - Priority : 47271, User Count : 2, Queue : 0
2025-09-23 11:12:40,064 [3] INFO  ZOHAIB - Invalid/Empty Current Folder
2025-09-23 11:12:42,119 [12] INFO  ZOHAIB - Priority : 47271, User Count : 2, Queue : 0
2025-09-23 11:12:42,126 [12] INFO  ZOHAIB - Invalid/Empty Current Folder
2025-09-23 11:12:44,195 [3] INFO  ZOHAIB - Priority : 47271, User Count : 2, Queue : 0
2025-09-23 11:12:44,211 [3] INFO  ZOHAIB - Invalid/Empty Current Folder
2025-09-23 11:12:46,240 [16] INFO  ZOHAIB - Priority : 47271, User Count : 2, Queue : 0
2025-09-23 11:12:46,261 [16] INFO  ZOHAIB - Invalid/Empty Current Folder
2025-09-23 11:12:48,329 [3] INFO  ZOHAIB - Priority : 47271, User Count : 2, Queue : 0
2025-09-23 11:12:48,346 [3] INFO  ZOHAIB - Invalid/Empty Current Folder
2025-09-23 11:12:50,416 [10] INFO  ZOHAIB - Priority : 47271, User Count : 2, Queue : 0
2025-09-23 11:12:50,424 [10] INFO  ZOHAIB - Invalid/Empty Current Folder
2025-09-23 11:12:52,475 [16] INFO  ZOHAIB - Priority : 47271, User Count : 2, Queue : 0
2025-09-23 11:12:52,482 [16] INFO  ZOHAIB - Invalid/Empty Current Folder
2025-09-23 11:12:54,554 [12] INFO  ZOHAIB - Priority : 47271, User Count : 2, Queue : 0
2025-09-23 11:12:54,562 [12] INFO  ZOHAIB - Invalid/Empty Current Folder
2025-09-23 11:12:56,619 [10] INFO  ZOHAIB - Priority : 47271, User Count : 2, Queue : 0
2025-09-23 11:12:56,627 [10] INFO  ZOHAIB - Invalid/Empty Current Folder
2025-09-23 11:12:58,698 [9] INFO  ZOHAIB - Priority : 47271, User Count : 2, Queue : 0
2025-09-23 11:12:58,717 [9] INFO  ZOHAIB - Invalid/Empty Current Folder
2025-09-23 11:13:00,745 [12] INFO  ZOHAIB - Priority : 47271, User Count : 2, Queue : 0
2025-09-23 11:13:00,775 [12] INFO  ZOHAIB - Invalid/Empty Current Folder
2025-09-23 11:13:02,791 [4] INFO  ZOHAIB - Priority : 47271, User Count : 2, Queue : 0
2025-09-23 11:13:02,798 [4] INFO  ZOHAIB - Invalid/Empty Current Folder
2025-09-23 11:13:04,887 [16] INFO  ZOHAIB - Priority : 47271, User Count : 2, Queue : 0
2025-09-23 11:13:04,900 [16] INFO  ZOHAIB - Invalid/Empty Current Folder
2025-09-23 11:13:06,960 [4] INFO  ZOHAIB - Priority : 47271, User Count : 2, Queue : 0
2025-09-23 11:13:06,970 [4] INFO  ZOHAIB - Invalid/Empty Current Folder
2025-09-23 11:13:09,027 [11] INFO  ZOHAIB - Priority : 47271, User Count : 2, Queue : 0
2025-09-23 11:13:09,043 [11] INFO  ZOHAIB - Invalid/Empty Current Folder
2025-09-23 11:13:11,103 [9] INFO  ZOHAIB - Priority : 47271, User Count : 2, Queue : 0
2025-09-23 11:13:11,115 [9] INFO  ZOHAIB - Invalid/Empty Current Folder
2025-09-23 11:13:13,172 [12] INFO  ZOHAIB - Priority : 47271, User Count : 2, Queue : 0
2025-09-23 11:13:13,188 [12] INFO  ZOHAIB - Invalid/Empty Current Folder
2025-09-23 11:13:15,208 [4] INFO  ZOHAIB - Priority : 47271, User Count : 2, Queue : 0
2025-09-23 11:13:15,215 [4] INFO  ZOHAIB - Invalid/Empty Current Folder
2025-09-23 11:13:17,228 [10] INFO  ZOHAIB - Priority : 47271, User Count : 2, Queue : 0
2025-09-23 11:13:17,236 [10] INFO  ZOHAIB - Invalid/Empty Current Folder
2025-09-23 11:13:19,282 [11] INFO  ZOHAIB - Priority : 47271, User Count : 2, Queue : 0
2025-09-23 11:13:19,291 [11] INFO  ZOHAIB - Invalid/Empty Current Folder
2025-09-23 11:13:21,368 [9] INFO  ZOHAIB - Priority : 47271, User Count : 2, Queue : 0
2025-09-23 11:13:21,391 [9] INFO  ZOHAIB - Invalid/Empty Current Folder
2025-09-23 11:13:23,424 [3] INFO  ZOHAIB - Priority : 47271, User Count : 2, Queue : 0
2025-09-23 11:13:23,434 [3] INFO  ZOHAIB - Invalid/Empty Current Folder
2025-09-23 11:13:25,495 [9] INFO  ZOHAIB - Priority : 47271, User Count : 2, Queue : 0
2025-09-23 11:13:25,510 [9] INFO  ZOHAIB - Invalid/Empty Current Folder
2025-09-23 11:13:27,526 [11] INFO  ZOHAIB - Priority : 47271, User Count : 2, Queue : 0
2025-09-23 11:13:27,534 [11] INFO  ZOHAIB - Invalid/Empty Current Folder
2025-09-23 11:13:29,556 [12] INFO  ZOHAIB - Priority : 47271, User Count : 2, Queue : 0
2025-09-23 11:13:29,573 [12] INFO  ZOHAIB - Invalid/Empty Current Folder
2025-09-23 11:13:31,598 [10] INFO  ZOHAIB - Priority : 47271, User Count : 2, Queue : 0
2025-09-23 11:13:31,610 [10] INFO  ZOHAIB - Invalid/Empty Current Folder
2025-09-23 11:13:33,642 [3] INFO  ZOHAIB - Priority : 47271, User Count : 2, Queue : 0
2025-09-23 11:13:33,657 [3] INFO  ZOHAIB - Invalid/Empty Current Folder
2025-09-23 11:13:35,715 [9] INFO  ZOHAIB - Priority : 47271, User Count : 2, Queue : 0
2025-09-23 11:13:35,731 [9] INFO  ZOHAIB - Invalid/Empty Current Folder
2025-09-23 11:13:37,770 [16] INFO  ZOHAIB - Priority : 47271, User Count : 2, Queue : 0
2025-09-23 11:13:37,785 [16] INFO  ZOHAIB - Invalid/Empty Current Folder
2025-09-23 11:13:39,813 [4] INFO  ZOHAIB - Priority : 47271, User Count : 2, Queue : 0
2025-09-23 11:13:39,830 [4] INFO  ZOHAIB - Invalid/Empty Current Folder
2025-09-23 11:13:41,861 [9] INFO  ZOHAIB - Priority : 47271, User Count : 2, Queue : 0
2025-09-23 11:13:41,868 [9] INFO  ZOHAIB - Invalid/Empty Current Folder
2025-09-23 11:13:43,942 [11] INFO  ZOHAIB - Priority : 47271, User Count : 2, Queue : 0
2025-09-23 11:13:43,953 [11] INFO  ZOHAIB - Invalid/Empty Current Folder
2025-09-23 11:13:46,018 [12] INFO  ZOHAIB - Priority : 47271, User Count : 2, Queue : 0
2025-09-23 11:13:46,035 [12] INFO  ZOHAIB - Invalid/Empty Current Folder
2025-09-23 11:13:48,101 [12] INFO  ZOHAIB - Priority : 47271, User Count : 2, Queue : 0
2025-09-23 11:13:48,109 [12] INFO  ZOHAIB - Invalid/Empty Current Folder
2025-09-23 11:13:50,167 [16] INFO  ZOHAIB - Priority : 47271, User Count : 2, Queue : 0
2025-09-23 11:13:50,175 [16] INFO  ZOHAIB - Invalid/Empty Current Folder
2025-09-23 11:13:52,251 [3] INFO  ZOHAIB - Priority : 47271, User Count : 2, Queue : 0
2025-09-23 11:13:52,262 [3] INFO  ZOHAIB - Invalid/Empty Current Folder
2025-09-23 11:13:54,327 [12] INFO  ZOHAIB - Priority : 47271, User Count : 2, Queue : 0
2025-09-23 11:13:54,344 [12] INFO  ZOHAIB - Invalid/Empty Current Folder
2025-09-23 11:13:56,380 [11] INFO  ZOHAIB - Priority : 47271, User Count : 2, Queue : 0
2025-09-23 11:13:56,397 [11] INFO  ZOHAIB - Invalid/Empty Current Folder
2025-09-23 11:13:58,419 [12] INFO  ZOHAIB - Priority : 47271, User Count : 2, Queue : 0
2025-09-23 11:13:58,426 [12] INFO  ZOHAIB - Invalid/Empty Current Folder
2025-09-23 11:14:00,480 [12] INFO  ZOHAIB - Priority : 47271, User Count : 2, Queue : 0
2025-09-23 11:14:00,490 [12] INFO  ZOHAIB - Invalid/Empty Current Folder
2025-09-23 11:14:02,547 [10] INFO  ZOHAIB - Priority : 47271, User Count : 2, Queue : 0
2025-09-23 11:14:02,555 [10] INFO  ZOHAIB - Invalid/Empty Current Folder
2025-09-23 11:14:04,620 [12] INFO  ZOHAIB - Priority : 47271, User Count : 2, Queue : 0
2025-09-23 11:14:04,629 [12] INFO  ZOHAIB - Invalid/Empty Current Folder
2025-09-23 11:14:06,695 [10] INFO  ZOHAIB - Priority : 47271, User Count : 2, Queue : 0
2025-09-23 11:14:06,703 [10] INFO  ZOHAIB - Invalid/Empty Current Folder
2025-09-23 11:14:08,766 [11] INFO  ZOHAIB - Priority : 47271, User Count : 2, Queue : 0
2025-09-23 11:14:08,774 [11] INFO  ZOHAIB - Invalid/Empty Current Folder
2025-09-23 11:14:10,841 [10] INFO  ZOHAIB - Priority : 47271, User Count : 2, Queue : 0
2025-09-23 11:14:10,850 [10] INFO  ZOHAIB - Invalid/Empty Current Folder
2025-09-23 11:14:12,903 [11] INFO  ZOHAIB - Priority : 47271, User Count : 2, Queue : 0
2025-09-23 11:14:12,911 [11] INFO  ZOHAIB - Invalid/Empty Current Folder
2025-09-23 11:14:14,958 [3] INFO  ZOHAIB - Priority : 47271, User Count : 2, Queue : 0
2025-09-23 11:14:14,965 [3] INFO  ZOHAIB - Invalid/Empty Current Folder
2025-09-23 11:14:17,039 [4] INFO  ZOHAIB - Priority : 47271, User Count : 2, Queue : 0
2025-09-23 11:14:17,047 [4] INFO  ZOHAIB - Invalid/Empty Current Folder
2025-09-23 11:14:19,084 [12] INFO  ZOHAIB - Priority : 47271, User Count : 2, Queue : 0
2025-09-23 11:14:19,092 [12] INFO  ZOHAIB - Invalid/Empty Current Folder
2025-09-23 11:14:21,160 [9] INFO  ZOHAIB - Priority : 47271, User Count : 2, Queue : 0
2025-09-23 11:14:21,168 [9] INFO  ZOHAIB - Invalid/Empty Current Folder
2025-09-23 11:14:23,228 [16] INFO  ZOHAIB - Priority : 47271, User Count : 2, Queue : 0
2025-09-23 11:14:23,234 [16] INFO  ZOHAIB - Invalid/Empty Current Folder
2025-09-23 11:14:25,314 [4] INFO  ZOHAIB - Priority : 47271, User Count : 2, Queue : 0
2025-09-23 11:14:25,322 [4] INFO  ZOHAIB - Invalid/Empty Current Folder
2025-09-23 11:14:27,337 [10] INFO  ZOHAIB - Priority : 47271, User Count : 2, Queue : 0
2025-09-23 11:14:27,344 [10] INFO  ZOHAIB - Invalid/Empty Current Folder
2025-09-23 11:14:29,403 [9] INFO  ZOHAIB - Priority : 47271, User Count : 2, Queue : 0
2025-09-23 11:14:29,415 [9] INFO  ZOHAIB - Invalid/Empty Current Folder
2025-09-23 11:14:31,470 [11] INFO  ZOHAIB - Priority : 47271, User Count : 2, Queue : 0
2025-09-23 11:14:31,484 [11] INFO  ZOHAIB - Invalid/Empty Current Folder
2025-09-23 11:14:33,553 [9] INFO  ZOHAIB - Priority : 47271, User Count : 2, Queue : 0
2025-09-23 11:14:33,567 [9] INFO  ZOHAIB - Invalid/Empty Current Folder
2025-09-23 11:14:35,627 [9] INFO  ZOHAIB - Priority : 47271, User Count : 2, Queue : 0
2025-09-23 11:14:35,635 [9] INFO  ZOHAIB - Invalid/Empty Current Folder
2025-09-23 11:14:37,706 [12] INFO  ZOHAIB - Priority : 47271, User Count : 2, Queue : 0
2025-09-23 11:14:37,721 [12] INFO  ZOHAIB - Invalid/Empty Current Folder
2025-09-23 11:14:39,783 [11] INFO  ZOHAIB - Priority : 47271, User Count : 2, Queue : 0
2025-09-23 11:14:39,790 [11] INFO  ZOHAIB - Invalid/Empty Current Folder
2025-09-23 11:14:41,815 [10] INFO  ZOHAIB - Priority : 47271, User Count : 2, Queue : 0
2025-09-23 11:14:41,822 [10] INFO  ZOHAIB - Invalid/Empty Current Folder
2025-09-23 11:14:43,890 [16] INFO  ZOHAIB - Priority : 47271, User Count : 2, Queue : 0
2025-09-23 11:14:43,902 [16] INFO  ZOHAIB - Invalid/Empty Current Folder
2025-09-23 11:14:45,930 [3] INFO  ZOHAIB - Priority : 47271, User Count : 2, Queue : 0
2025-09-23 11:14:45,941 [3] INFO  ZOHAIB - Invalid/Empty Current Folder
2025-09-23 11:14:48,000 [10] INFO  ZOHAIB - Priority : 47271, User Count : 2, Queue : 0
2025-09-23 11:14:48,009 [10] INFO  ZOHAIB - Invalid/Empty Current Folder
2025-09-23 11:14:50,034 [16] INFO  ZOHAIB - Priority : 47271, User Count : 2, Queue : 0
2025-09-23 11:14:50,045 [16] INFO  ZOHAIB - Invalid/Empty Current Folder
2025-09-23 11:14:52,137 [12] INFO  ZOHAIB - Priority : 47271, User Count : 2, Queue : 0
2025-09-23 11:14:52,145 [12] INFO  ZOHAIB - Invalid/Empty Current Folder
2025-09-23 11:14:54,158 [9] INFO  ZOHAIB - Priority : 47271, User Count : 2, Queue : 0
2025-09-23 11:14:54,164 [9] INFO  ZOHAIB - Invalid/Empty Current Folder
2025-09-23 11:14:56,231 [16] INFO  ZOHAIB - Priority : 47271, User Count : 2, Queue : 0
2025-09-23 11:14:56,239 [16] INFO  ZOHAIB - Invalid/Empty Current Folder
2025-09-23 11:14:58,314 [10] INFO  ZOHAIB - Priority : 47271, User Count : 2, Queue : 0
2025-09-23 11:14:58,334 [10] INFO  ZOHAIB - Invalid/Empty Current Folder
2025-09-23 11:15:00,350 [4] INFO  ZOHAIB - Priority : 47271, User Count : 2, Queue : 0
2025-09-23 11:15:00,368 [4] INFO  ZOHAIB - Invalid/Empty Current Folder
2025-09-23 11:15:02,423 [12] INFO  ZOHAIB - Priority : 47271, User Count : 2, Queue : 0
2025-09-23 11:15:02,430 [12] INFO  ZOHAIB - Invalid/Empty Current Folder
2025-09-23 11:15:04,502 [4] INFO  ZOHAIB - Priority : 47271, User Count : 2, Queue : 0
2025-09-23 11:15:04,512 [4] INFO  ZOHAIB - Invalid/Empty Current Folder
2025-09-23 11:15:06,572 [16] INFO  ZOHAIB - Priority : 47271, User Count : 2, Queue : 0
2025-09-23 11:15:06,579 [16] INFO  ZOHAIB - Invalid/Empty Current Folder
2025-09-23 11:15:08,651 [3] INFO  ZOHAIB - Priority : 47271, User Count : 2, Queue : 0
2025-09-23 11:15:08,659 [3] INFO  ZOHAIB - Invalid/Empty Current Folder
2025-09-23 11:15:10,673 [12] INFO  ZOHAIB - Priority : 47271, User Count : 2, Queue : 0
2025-09-23 11:15:10,680 [12] INFO  ZOHAIB - Invalid/Empty Current Folder
2025-09-23 11:15:12,745 [16] INFO  ZOHAIB - Priority : 47271, User Count : 2, Queue : 0
2025-09-23 11:15:12,755 [16] INFO  ZOHAIB - Invalid/Empty Current Folder
2025-09-23 11:15:14,779 [4] INFO  ZOHAIB - Priority : 47271, User Count : 2, Queue : 0
2025-09-23 11:15:14,787 [4] INFO  ZOHAIB - Invalid/Empty Current Folder
2025-09-23 11:15:16,847 [9] INFO  ZOHAIB - Priority : 47271, User Count : 2, Queue : 0
2025-09-23 11:15:16,856 [9] INFO  ZOHAIB - Invalid/Empty Current Folder
2025-09-23 11:15:18,921 [3] INFO  ZOHAIB - Priority : 47271, User Count : 2, Queue : 0
2025-09-23 11:15:18,931 [3] INFO  ZOHAIB - Invalid/Empty Current Folder
2025-09-23 11:15:20,993 [12] INFO  ZOHAIB - Priority : 47271, User Count : 2, Queue : 0
2025-09-23 11:15:21,001 [12] INFO  ZOHAIB - Invalid/Empty Current Folder
2025-09-23 11:15:23,068 [12] INFO  ZOHAIB - Priority : 47271, User Count : 2, Queue : 0
2025-09-23 11:15:23,076 [12] INFO  ZOHAIB - Invalid/Empty Current Folder
2025-09-23 11:15:25,134 [3] INFO  ZOHAIB - Priority : 47271, User Count : 2, Queue : 0
2025-09-23 11:15:25,142 [3] INFO  ZOHAIB - Invalid/Empty Current Folder
2025-09-23 11:15:27,212 [4] INFO  ZOHAIB - Priority : 47271, User Count : 2, Queue : 0
2025-09-23 11:15:27,221 [4] INFO  ZOHAIB - Invalid/Empty Current Folder
2025-09-23 11:15:29,239 [3] INFO  ZOHAIB - Priority : 47271, User Count : 2, Queue : 0
2025-09-23 11:15:29,246 [3] INFO  ZOHAIB - Invalid/Empty Current Folder
2025-09-23 11:15:31,259 [4] INFO  ZOHAIB - Priority : 47271, User Count : 2, Queue : 0
2025-09-23 11:15:31,266 [4] INFO  ZOHAIB - Invalid/Empty Current Folder
2025-09-23 11:15:33,324 [4] INFO  ZOHAIB - Priority : 47271, User Count : 2, Queue : 0
2025-09-23 11:15:33,332 [4] INFO  ZOHAIB - Invalid/Empty Current Folder
2025-09-23 11:15:35,411 [16] INFO  ZOHAIB - Priority : 47271, User Count : 2, Queue : 0
2025-09-23 11:15:35,427 [16] INFO  ZOHAIB - Invalid/Empty Current Folder
2025-09-23 11:15:37,458 [9] INFO  ZOHAIB - Priority : 47271, User Count : 2, Queue : 0
2025-09-23 11:15:37,468 [9] INFO  ZOHAIB - Invalid/Empty Current Folder
2025-09-23 11:15:39,531 [12] INFO  ZOHAIB - Priority : 47271, User Count : 2, Queue : 0
2025-09-23 11:15:39,539 [12] INFO  ZOHAIB - Invalid/Empty Current Folder
2025-09-23 11:15:41,570 [11] INFO  ZOHAIB - Priority : 47271, User Count : 2, Queue : 0
2025-09-23 11:15:41,580 [11] INFO  ZOHAIB - Invalid/Empty Current Folder
2025-09-23 11:15:43,657 [9] INFO  ZOHAIB - Priority : 47271, User Count : 2, Queue : 0
2025-09-23 11:15:43,664 [9] INFO  ZOHAIB - Invalid/Empty Current Folder
2025-09-23 11:15:45,739 [4] INFO  ZOHAIB - Priority : 47271, User Count : 2, Queue : 0
2025-09-23 11:15:45,752 [4] INFO  ZOHAIB - Invalid/Empty Current Folder
2025-09-23 11:15:47,777 [10] INFO  ZOHAIB - Priority : 47271, User Count : 2, Queue : 0
2025-09-23 11:15:47,784 [10] INFO  ZOHAIB - Invalid/Empty Current Folder
2025-09-23 11:15:49,853 [11] INFO  ZOHAIB - Priority : 47271, User Count : 2, Queue : 0
2025-09-23 11:15:49,861 [11] INFO  ZOHAIB - Invalid/Empty Current Folder
2025-09-23 11:15:51,933 [4] INFO  ZOHAIB - Priority : 47271, User Count : 2, Queue : 0
2025-09-23 11:15:51,945 [4] INFO  ZOHAIB - Invalid/Empty Current Folder
2025-09-23 11:15:54,022 [9] INFO  ZOHAIB - Priority : 47271, User Count : 2, Queue : 0
2025-09-23 11:15:54,031 [9] INFO  ZOHAIB - Invalid/Empty Current Folder
2025-09-23 11:15:56,079 [3] INFO  ZOHAIB - Priority : 47271, User Count : 2, Queue : 0
2025-09-23 11:15:56,095 [3] INFO  ZOHAIB - Invalid/Empty Current Folder
2025-09-23 11:15:58,159 [16] INFO  ZOHAIB - Priority : 47271, User Count : 2, Queue : 0
2025-09-23 11:15:58,168 [16] INFO  ZOHAIB - Invalid/Empty Current Folder
2025-09-23 11:16:00,237 [4] INFO  ZOHAIB - Priority : 47271, User Count : 2, Queue : 0
2025-09-23 11:16:00,244 [4] INFO  ZOHAIB - Invalid/Empty Current Folder
2025-09-23 11:16:02,312 [3] INFO  ZOHAIB - Priority : 47271, User Count : 2, Queue : 0
2025-09-23 11:16:02,328 [3] INFO  ZOHAIB - Invalid/Empty Current Folder
2025-09-23 11:16:04,394 [4] INFO  ZOHAIB - Priority : 47271, User Count : 2, Queue : 0
2025-09-23 11:16:04,401 [4] INFO  ZOHAIB - Invalid/Empty Current Folder
2025-09-23 11:16:06,459 [10] INFO  ZOHAIB - Priority : 47271, User Count : 2, Queue : 0
2025-09-23 11:16:06,468 [10] INFO  ZOHAIB - Invalid/Empty Current Folder
2025-09-23 11:16:08,489 [4] INFO  ZOHAIB - Priority : 47271, User Count : 2, Queue : 0
2025-09-23 11:16:08,501 [4] INFO  ZOHAIB - Invalid/Empty Current Folder
2025-09-23 11:16:09,304 [1] INFO  ZOHAIB - Priority : 47271, User Count : 2, Queue : 0
2025-09-23 11:16:09,335 [1] INFO  ZOHAIB - Invalid/Empty Current Folder
2025-09-23 11:16:10,560 [4] INFO  ZOHAIB - Priority : 47271, User Count : 2, Queue : 0
2025-09-23 11:16:10,568 [4] INFO  ZOHAIB - Invalid/Empty Current Folder
2025-09-23 11:16:11,235 [1] INFO  ZOHAIB - Priority : 47271, User Count : 2, Queue : 0
2025-09-23 11:16:11,244 [1] INFO  ZOHAIB - Invalid/Empty Current Folder
2025-09-23 11:16:12,585 [3] INFO  ZOHAIB - Priority : 47271, User Count : 2, Queue : 0
2025-09-23 11:16:12,592 [3] INFO  ZOHAIB - Invalid/Empty Current Folder
2025-09-23 11:16:14,660 [16] INFO  ZOHAIB - Priority : 47271, User Count : 2, Queue : 0
2025-09-23 11:16:14,669 [16] INFO  ZOHAIB - Invalid/Empty Current Folder
2025-09-23 11:16:16,735 [11] INFO  ZOHAIB - Priority : 47271, User Count : 2, Queue : 0
2025-09-23 11:16:16,744 [11] INFO  ZOHAIB - Invalid/Empty Current Folder
2025-09-23 11:16:18,793 [3] INFO  ZOHAIB - Priority : 47271, User Count : 2, Queue : 0
2025-09-23 11:16:18,801 [3] INFO  ZOHAIB - Invalid/Empty Current Folder
2025-09-23 11:16:20,862 [12] INFO  ZOHAIB - Priority : 47271, User Count : 2, Queue : 0
2025-09-23 11:16:20,874 [12] INFO  ZOHAIB - Invalid/Empty Current Folder
2025-09-23 11:16:22,939 [9] INFO  ZOHAIB - Priority : 47271, User Count : 2, Queue : 0
2025-09-23 11:16:22,951 [9] INFO  ZOHAIB - Invalid/Empty Current Folder
2025-09-23 11:16:25,033 [11] INFO  ZOHAIB - Priority : 47271, User Count : 2, Queue : 0
2025-09-23 11:16:25,044 [11] INFO  ZOHAIB - Invalid/Empty Current Folder
2025-09-23 11:16:27,101 [11] INFO  ZOHAIB - Priority : 47271, User Count : 2, Queue : 0
2025-09-23 11:16:27,117 [11] INFO  ZOHAIB - Invalid/Empty Current Folder
2025-09-23 11:16:29,137 [10] INFO  ZOHAIB - Priority : 47271, User Count : 2, Queue : 0
2025-09-23 11:16:29,144 [10] INFO  ZOHAIB - Invalid/Empty Current Folder
2025-09-23 11:16:31,208 [9] INFO  ZOHAIB - Priority : 47271, User Count : 2, Queue : 0
2025-09-23 11:16:31,221 [9] INFO  ZOHAIB - Invalid/Empty Current Folder
2025-09-23 11:16:33,281 [16] INFO  ZOHAIB - Priority : 47271, User Count : 2, Queue : 0
2025-09-23 11:16:33,296 [16] INFO  ZOHAIB - Invalid/Empty Current Folder
2025-09-23 11:16:35,367 [12] INFO  ZOHAIB - Priority : 47271, User Count : 2, Queue : 0
2025-09-23 11:16:35,376 [12] INFO  ZOHAIB - Invalid/Empty Current Folder
2025-09-23 11:16:37,444 [16] INFO  ZOHAIB - Priority : 47271, User Count : 2, Queue : 0
2025-09-23 11:16:37,451 [16] INFO  ZOHAIB - Invalid/Empty Current Folder
2025-09-23 11:16:39,523 [10] INFO  ZOHAIB - Priority : 47271, User Count : 2, Queue : 0
2025-09-23 11:16:39,530 [10] INFO  ZOHAIB - Invalid/Empty Current Folder
2025-09-23 11:16:41,601 [9] INFO  ZOHAIB - Priority : 47271, User Count : 2, Queue : 0
2025-09-23 11:16:41,611 [9] INFO  ZOHAIB - Invalid/Empty Current Folder
2025-09-23 11:16:43,676 [10] INFO  ZOHAIB - Priority : 47271, User Count : 2, Queue : 0
2025-09-23 11:16:43,683 [10] INFO  ZOHAIB - Invalid/Empty Current Folder
2025-09-23 11:16:45,706 [12] INFO  ZOHAIB - Priority : 47271, User Count : 2, Queue : 0
2025-09-23 11:16:45,712 [12] INFO  ZOHAIB - Invalid/Empty Current Folder
2025-09-23 11:16:47,734 [4] INFO  ZOHAIB - Priority : 47271, User Count : 2, Queue : 0
2025-09-23 11:16:47,741 [4] INFO  ZOHAIB - Invalid/Empty Current Folder
2025-09-23 11:16:49,803 [10] INFO  ZOHAIB - Priority : 47271, User Count : 2, Queue : 0
2025-09-23 11:16:49,811 [10] INFO  ZOHAIB - Invalid/Empty Current Folder
2025-09-23 11:16:51,865 [3] INFO  ZOHAIB - Priority : 47271, User Count : 2, Queue : 0
2025-09-23 11:16:51,875 [3] INFO  ZOHAIB - Invalid/Empty Current Folder
2025-09-23 11:16:53,941 [16] INFO  ZOHAIB - Priority : 47271, User Count : 2, Queue : 0
2025-09-23 11:16:53,951 [16] INFO  ZOHAIB - Invalid/Empty Current Folder
2025-09-23 11:16:56,024 [9] INFO  ZOHAIB - Priority : 47271, User Count : 2, Queue : 0
2025-09-23 11:16:56,033 [9] INFO  ZOHAIB - Invalid/Empty Current Folder
2025-09-23 11:16:58,067 [10] INFO  ZOHAIB - Priority : 47271, User Count : 2, Queue : 0
2025-09-23 11:16:58,078 [10] INFO  ZOHAIB - Invalid/Empty Current Folder
2025-09-23 11:17:00,093 [12] INFO  ZOHAIB - Priority : 47271, User Count : 2, Queue : 0
2025-09-23 11:17:00,109 [12] INFO  ZOHAIB - Invalid/Empty Current Folder
2025-09-23 11:17:02,181 [4] INFO  ZOHAIB - Priority : 47271, User Count : 2, Queue : 0
2025-09-23 11:17:02,196 [4] INFO  ZOHAIB - Invalid/Empty Current Folder
2025-09-23 11:17:04,228 [16] INFO  ZOHAIB - Priority : 47271, User Count : 2, Queue : 0
2025-09-23 11:17:04,237 [16] INFO  ZOHAIB - Invalid/Empty Current Folder
2025-09-23 11:17:06,272 [12] INFO  ZOHAIB - Priority : 47271, User Count : 2, Queue : 0
2025-09-23 11:17:06,284 [12] INFO  ZOHAIB - Invalid/Empty Current Folder
2025-09-23 11:17:08,341 [11] INFO  ZOHAIB - Priority : 47271, User Count : 2, Queue : 0
2025-09-23 11:17:08,348 [11] INFO  ZOHAIB - Invalid/Empty Current Folder
2025-09-23 11:17:10,384 [12] INFO  ZOHAIB - Priority : 47271, User Count : 2, Queue : 0
2025-09-23 11:17:10,395 [12] INFO  ZOHAIB - Invalid/Empty Current Folder
2025-09-23 11:17:12,415 [11] INFO  ZOHAIB - Priority : 47271, User Count : 2, Queue : 0
2025-09-23 11:17:12,423 [11] INFO  ZOHAIB - Invalid/Empty Current Folder
2025-09-23 11:17:14,471 [12] INFO  ZOHAIB - Priority : 47271, User Count : 2, Queue : 0
2025-09-23 11:17:14,479 [12] INFO  ZOHAIB - Invalid/Empty Current Folder
2025-09-23 11:17:16,501 [9] INFO  ZOHAIB - Priority : 47271, User Count : 2, Queue : 0
2025-09-23 11:17:16,507 [9] INFO  ZOHAIB - Invalid/Empty Current Folder
2025-09-23 11:17:18,523 [11] INFO  ZOHAIB - Priority : 47271, User Count : 2, Queue : 0
2025-09-23 11:17:18,532 [11] INFO  ZOHAIB - Invalid/Empty Current Folder
2025-09-23 11:17:20,610 [9] INFO  ZOHAIB - Priority : 47271, User Count : 2, Queue : 0
2025-09-23 11:17:20,620 [9] INFO  ZOHAIB - Invalid/Empty Current Folder
2025-09-23 11:17:22,690 [11] INFO  ZOHAIB - Priority : 47271, User Count : 2, Queue : 0
2025-09-23 11:17:22,699 [11] INFO  ZOHAIB - Invalid/Empty Current Folder
2025-09-23 11:17:24,755 [12] INFO  ZOHAIB - Priority : 47271, User Count : 2, Queue : 0
2025-09-23 11:17:24,763 [12] INFO  ZOHAIB - Invalid/Empty Current Folder
2025-09-23 11:17:26,829 [10] INFO  ZOHAIB - Priority : 47271, User Count : 2, Queue : 0
2025-09-23 11:17:26,849 [10] INFO  ZOHAIB - Invalid/Empty Current Folder
2025-09-23 11:17:28,874 [3] INFO  ZOHAIB - Priority : 47271, User Count : 2, Queue : 0
2025-09-23 11:17:28,883 [3] INFO  ZOHAIB - Invalid/Empty Current Folder
2025-09-23 11:17:30,901 [9] INFO  ZOHAIB - Priority : 47271, User Count : 2, Queue : 0
2025-09-23 11:17:30,909 [9] INFO  ZOHAIB - Invalid/Empty Current Folder
2025-09-23 11:17:32,981 [9] INFO  ZOHAIB - Priority : 47271, User Count : 2, Queue : 0
2025-09-23 11:17:32,988 [9] INFO  ZOHAIB - Invalid/Empty Current Folder
2025-09-23 11:17:35,051 [11] INFO  ZOHAIB - Priority : 47271, User Count : 2, Queue : 0
2025-09-23 11:17:35,065 [11] INFO  ZOHAIB - Invalid/Empty Current Folder
2025-09-23 11:17:37,124 [12] INFO  ZOHAIB - Priority : 47271, User Count : 2, Queue : 0
2025-09-23 11:17:37,132 [12] INFO  ZOHAIB - Invalid/Empty Current Folder
2025-09-23 11:17:39,195 [16] INFO  ZOHAIB - Priority : 47271, User Count : 2, Queue : 0
2025-09-23 11:17:39,203 [16] INFO  ZOHAIB - Invalid/Empty Current Folder
2025-09-23 11:17:41,225 [12] INFO  ZOHAIB - Priority : 47271, User Count : 2, Queue : 0
2025-09-23 11:17:41,232 [12] INFO  ZOHAIB - Invalid/Empty Current Folder
2025-09-23 11:17:43,298 [4] INFO  ZOHAIB - Priority : 47271, User Count : 2, Queue : 0
2025-09-23 11:17:43,307 [4] INFO  ZOHAIB - Invalid/Empty Current Folder
2025-09-23 11:17:45,376 [12] INFO  ZOHAIB - Priority : 47271, User Count : 2, Queue : 0
2025-09-23 11:17:45,388 [12] INFO  ZOHAIB - Invalid/Empty Current Folder
2025-09-23 11:17:47,447 [11] INFO  ZOHAIB - Priority : 47271, User Count : 2, Queue : 0
2025-09-23 11:17:47,455 [11] INFO  ZOHAIB - Invalid/Empty Current Folder
2025-09-23 11:17:49,510 [16] INFO  ZOHAIB - Priority : 47271, User Count : 1, Queue : 0
2025-09-23 11:17:49,516 [16] INFO  ZOHAIB - Invalid/Empty Current Folder
2025-09-23 11:17:51,573 [9] INFO  ZOHAIB - Priority : 47271, User Count : 1, Queue : 0
2025-09-23 11:17:51,582 [9] INFO  ZOHAIB - Invalid/Empty Current Folder
2025-09-23 11:17:53,642 [10] INFO  ZOHAIB - Priority : 47271, User Count : 1, Queue : 0
2025-09-23 11:17:53,710 [10] INFO  ZOHAIB - Invalid/Empty Current Folder
2025-09-23 11:17:55,763 [16] INFO  ZOHAIB - Priority : 47271, User Count : 1, Queue : 0
2025-09-23 11:17:55,773 [16] INFO  ZOHAIB - Invalid/Empty Current Folder
2025-09-23 11:17:57,820 [10] INFO  ZOHAIB - Priority : 47271, User Count : 1, Queue : 0
2025-09-23 11:17:57,832 [10] INFO  ZOHAIB - Invalid/Empty Current Folder
2025-09-23 11:17:59,873 [9] INFO  ZOHAIB - Priority : 47271, User Count : 1, Queue : 0
2025-09-23 11:17:59,926 [9] INFO  ZOHAIB - Invalid/Empty Current Folder
2025-09-23 11:18:01,975 [3] INFO  ZOHAIB - Priority : 47271, User Count : 1, Queue : 0
2025-09-23 11:18:01,984 [3] INFO  ZOHAIB - Invalid/Empty Current Folder
2025-09-23 11:18:04,051 [4] INFO  ZOHAIB - Priority : 47271, User Count : 1, Queue : 0
2025-09-23 11:18:04,070 [4] INFO  ZOHAIB - Invalid/Empty Current Folder
2025-09-23 11:18:06,099 [3] INFO  ZOHAIB - Priority : 47271, User Count : 1, Queue : 0
2025-09-23 11:18:06,111 [3] INFO  ZOHAIB - Invalid/Empty Current Folder
2025-09-23 11:18:08,128 [4] INFO  ZOHAIB - Priority : 47271, User Count : 1, Queue : 0
2025-09-23 11:18:08,136 [4] INFO  ZOHAIB - Invalid/Empty Current Folder
2025-09-23 11:18:10,161 [10] INFO  ZOHAIB - Priority : 47271, User Count : 1, Queue : 0
2025-09-23 11:18:10,171 [10] INFO  ZOHAIB - Invalid/Empty Current Folder
2025-09-23 11:18:12,232 [11] INFO  ZOHAIB - Priority : 47271, User Count : 1, Queue : 0
2025-09-23 11:18:12,255 [11] INFO  ZOHAIB - Invalid/Empty Current Folder
2025-09-23 11:18:14,281 [16] INFO  ZOHAIB - Priority : 47271, User Count : 1, Queue : 0
2025-09-23 11:18:14,290 [16] INFO  ZOHAIB - Invalid/Empty Current Folder
2025-09-23 11:18:16,317 [10] INFO  ZOHAIB - Priority : 47271, User Count : 1, Queue : 0
2025-09-23 11:18:16,324 [10] INFO  ZOHAIB - Invalid/Empty Current Folder
2025-09-23 11:18:18,350 [16] INFO  ZOHAIB - Priority : 47271, User Count : 1, Queue : 0
2025-09-23 11:18:18,361 [16] INFO  ZOHAIB - Invalid/Empty Current Folder
2025-09-23 11:18:20,413 [4] INFO  ZOHAIB - Priority : 47271, User Count : 1, Queue : 0
2025-09-23 11:18:20,436 [4] INFO  ZOHAIB - Invalid/Empty Current Folder
2025-09-23 11:18:22,491 [11] INFO  ZOHAIB - Priority : 47271, User Count : 1, Queue : 0
2025-09-23 11:18:22,508 [11] INFO  ZOHAIB - Invalid/Empty Current Folder
2025-09-23 11:18:24,566 [12] INFO  ZOHAIB - Priority : 47271, User Count : 1, Queue : 0
2025-09-23 11:18:24,574 [12] INFO  ZOHAIB - Invalid/Empty Current Folder
2025-09-23 11:18:26,643 [4] INFO  ZOHAIB - Priority : 47271, User Count : 1, Queue : 0
2025-09-23 11:18:26,652 [4] INFO  ZOHAIB - Invalid/Empty Current Folder
2025-09-23 11:18:28,719 [16] INFO  ZOHAIB - Priority : 47271, User Count : 1, Queue : 0
2025-09-23 11:18:28,727 [16] INFO  ZOHAIB - Invalid/Empty Current Folder
2025-09-23 11:18:30,752 [16] INFO  ZOHAIB - Priority : 47271, User Count : 1, Queue : 0
2025-09-23 11:18:30,759 [16] INFO  ZOHAIB - Invalid/Empty Current Folder
2025-09-23 11:18:32,812 [3] INFO  ZOHAIB - Priority : 47271, User Count : 1, Queue : 0
2025-09-23 11:18:32,820 [9] INFO  ZOHAIB - Invalid/Empty Current Folder
2025-09-23 11:18:34,893 [11] INFO  ZOHAIB - Priority : 47271, User Count : 1, Queue : 0
2025-09-23 11:18:34,901 [11] INFO  ZOHAIB - Invalid/Empty Current Folder
2025-09-23 11:18:36,968 [9] INFO  ZOHAIB - Priority : 47271, User Count : 1, Queue : 0
2025-09-23 11:18:36,979 [9] INFO  ZOHAIB - Invalid/Empty Current Folder
2025-09-23 11:18:39,001 [11] INFO  ZOHAIB - Priority : 47271, User Count : 1, Queue : 0
2025-09-23 11:18:39,012 [11] INFO  ZOHAIB - Invalid/Empty Current Folder
2025-09-23 11:18:41,081 [9] INFO  ZOHAIB - Priority : 47271, User Count : 1, Queue : 0
2025-09-23 11:18:41,091 [9] INFO  ZOHAIB - Invalid/Empty Current Folder
2025-09-23 11:18:43,161 [11] INFO  ZOHAIB - Priority : 47271, User Count : 1, Queue : 0
2025-09-23 11:18:43,169 [11] INFO  ZOHAIB - Invalid/Empty Current Folder
2025-09-23 11:18:45,231 [3] INFO  ZOHAIB - Priority : 47271, User Count : 1, Queue : 0
2025-09-23 11:18:45,249 [3] INFO  ZOHAIB - Invalid/Empty Current Folder
2025-09-23 11:18:47,331 [9] INFO  ZOHAIB - Priority : 47271, User Count : 1, Queue : 0
2025-09-23 11:18:47,347 [10] INFO  ZOHAIB - Invalid/Empty Current Folder
2025-09-23 11:18:49,456 [11] INFO  ZOHAIB - Priority : 47271, User Count : 1, Queue : 0
2025-09-23 11:18:49,465 [11] INFO  ZOHAIB - Invalid/Empty Current Folder
2025-09-23 11:18:51,490 [11] INFO  ZOHAIB - Priority : 47271, User Count : 1, Queue : 0
2025-09-23 11:18:51,500 [11] INFO  ZOHAIB - Invalid/Empty Current Folder
2025-09-23 11:18:53,520 [16] INFO  ZOHAIB - Priority : 47271, User Count : 1, Queue : 0
2025-09-23 11:18:53,528 [16] INFO  ZOHAIB - Invalid/Empty Current Folder
2025-09-23 11:18:55,591 [4] INFO  ZOHAIB - Priority : 47271, User Count : 1, Queue : 0
2025-09-23 11:18:55,599 [4] INFO  ZOHAIB - Invalid/Empty Current Folder
2025-09-23 11:18:57,652 [16] INFO  ZOHAIB - Priority : 47271, User Count : 1, Queue : 0
2025-09-23 11:18:57,663 [16] INFO  ZOHAIB - Invalid/Empty Current Folder
2025-09-23 11:18:59,736 [10] INFO  ZOHAIB - Priority : 47271, User Count : 1, Queue : 0
2025-09-23 11:18:59,743 [10] INFO  ZOHAIB - Invalid/Empty Current Folder
2025-09-23 11:19:01,794 [4] INFO  ZOHAIB - Priority : 47271, User Count : 1, Queue : 0
2025-09-23 11:19:01,803 [4] INFO  ZOHAIB - Invalid/Empty Current Folder
2025-09-23 11:19:03,877 [9] INFO  ZOHAIB - Priority : 47271, User Count : 1, Queue : 0
2025-09-23 11:19:03,887 [10] INFO  ZOHAIB - Invalid/Empty Current Folder
2025-09-23 11:19:05,933 [12] INFO  ZOHAIB - Priority : 47271, User Count : 1, Queue : 0
2025-09-23 11:19:05,942 [12] INFO  ZOHAIB - Invalid/Empty Current Folder
2025-09-23 11:19:08,007 [4] INFO  ZOHAIB - Priority : 47271, User Count : 1, Queue : 0
2025-09-23 11:19:08,015 [4] INFO  ZOHAIB - Invalid/Empty Current Folder
2025-09-23 11:19:10,037 [16] INFO  ZOHAIB - Priority : 47271, User Count : 1, Queue : 0
2025-09-23 11:19:10,046 [16] INFO  ZOHAIB - Invalid/Empty Current Folder
2025-09-23 11:19:12,116 [4] INFO  ZOHAIB - Priority : 47271, User Count : 1, Queue : 0
2025-09-23 11:19:12,124 [4] INFO  ZOHAIB - Invalid/Empty Current Folder
2025-09-23 11:19:14,147 [12] INFO  ZOHAIB - Priority : 47271, User Count : 1, Queue : 0
2025-09-23 11:19:14,153 [12] INFO  ZOHAIB - Invalid/Empty Current Folder
2025-09-23 11:19:16,169 [9] INFO  ZOHAIB - Priority : 47271, User Count : 1, Queue : 0
2025-09-23 11:19:16,177 [9] INFO  ZOHAIB - Invalid/Empty Current Folder
2025-09-23 11:19:18,202 [10] INFO  ZOHAIB - Priority : 47271, User Count : 1, Queue : 0
2025-09-23 11:19:18,219 [10] INFO  ZOHAIB - Invalid/Empty Current Folder
2025-09-23 11:19:20,239 [9] INFO  ZOHAIB - Priority : 47271, User Count : 1, Queue : 0
2025-09-23 11:19:20,247 [9] INFO  ZOHAIB - Invalid/Empty Current Folder
2025-09-23 11:19:22,266 [3] INFO  ZOHAIB - Priority : 47271, User Count : 1, Queue : 0
2025-09-23 11:19:22,274 [3] INFO  ZOHAIB - Invalid/Empty Current Folder
2025-09-23 11:19:24,302 [10] INFO  ZOHAIB - Priority : 47271, User Count : 1, Queue : 0
2025-09-23 11:19:24,313 [10] INFO  ZOHAIB - Invalid/Empty Current Folder
2025-09-23 11:19:26,383 [3] INFO  ZOHAIB - Priority : 47271, User Count : 1, Queue : 0
2025-09-23 11:19:26,394 [3] INFO  ZOHAIB - Invalid/Empty Current Folder
2025-09-23 11:19:28,425 [16] INFO  ZOHAIB - Priority : 47271, User Count : 1, Queue : 0
2025-09-23 11:19:28,436 [16] INFO  ZOHAIB - Invalid/Empty Current Folder
2025-09-23 11:19:30,498 [9] INFO  ZOHAIB - Priority : 47271, User Count : 1, Queue : 0
2025-09-23 11:19:30,506 [9] INFO  ZOHAIB - Invalid/Empty Current Folder
2025-09-23 11:19:32,528 [11] INFO  ZOHAIB - Priority : 47271, User Count : 1, Queue : 0
2025-09-23 11:19:32,537 [11] INFO  ZOHAIB - Invalid/Empty Current Folder
2025-09-23 11:19:34,597 [16] INFO  ZOHAIB - Priority : 47271, User Count : 1, Queue : 0
2025-09-23 11:19:34,615 [16] INFO  ZOHAIB - Invalid/Empty Current Folder
2025-09-23 11:19:36,681 [3] INFO  ZOHAIB - Priority : 47271, User Count : 1, Queue : 0
2025-09-23 11:19:36,693 [3] INFO  ZOHAIB - Invalid/Empty Current Folder
2025-09-23 11:19:38,762 [16] INFO  ZOHAIB - Priority : 47271, User Count : 1, Queue : 0
2025-09-23 11:19:38,768 [16] INFO  ZOHAIB - Invalid/Empty Current Folder
2025-09-23 11:19:40,827 [9] INFO  ZOHAIB - Priority : 47271, User Count : 1, Queue : 0
2025-09-23 11:19:40,835 [9] INFO  ZOHAIB - Invalid/Empty Current Folder
2025-09-23 11:19:42,912 [16] INFO  ZOHAIB - Priority : 47271, User Count : 1, Queue : 0
2025-09-23 11:19:42,921 [16] INFO  ZOHAIB - Invalid/Empty Current Folder
2025-09-23 11:19:44,935 [11] INFO  ZOHAIB - Priority : 47271, User Count : 1, Queue : 0
2025-09-23 11:19:44,942 [11] INFO  ZOHAIB - Invalid/Empty Current Folder
2025-09-23 11:19:47,001 [9] INFO  ZOHAIB - Priority : 47271, User Count : 1, Queue : 0
2025-09-23 11:19:47,009 [9] INFO  ZOHAIB - Invalid/Empty Current Folder
2025-09-23 11:19:49,023 [11] INFO  ZOHAIB - Priority : 47271, User Count : 1, Queue : 0
2025-09-23 11:19:49,032 [11] INFO  ZOHAIB - Invalid/Empty Current Folder
2025-09-23 11:19:51,097 [9] INFO  ZOHAIB - Priority : 47271, User Count : 1, Queue : 0
2025-09-23 11:19:51,107 [9] INFO  ZOHAIB - Invalid/Empty Current Folder
2025-09-23 11:19:53,125 [10] INFO  ZOHAIB - Priority : 47271, User Count : 1, Queue : 0
2025-09-23 11:19:53,133 [10] INFO  ZOHAIB - Invalid/Empty Current Folder
2025-09-23 11:19:55,159 [3] INFO  ZOHAIB - Priority : 47271, User Count : 1, Queue : 0
2025-09-23 11:19:55,168 [3] INFO  ZOHAIB - Invalid/Empty Current Folder
2025-09-23 11:19:57,190 [11] INFO  ZOHAIB - Priority : 47271, User Count : 1, Queue : 0
2025-09-23 11:19:57,201 [11] INFO  ZOHAIB - Invalid/Empty Current Folder
2025-09-23 11:19:59,264 [4] INFO  ZOHAIB - Priority : 47271, User Count : 1, Queue : 0
2025-09-23 11:19:59,276 [4] INFO  ZOHAIB - Invalid/Empty Current Folder
2025-09-23 11:20:01,340 [9] INFO  ZOHAIB - Priority : 47271, User Count : 1, Queue : 0
2025-09-23 11:20:01,347 [9] INFO  ZOHAIB - Invalid/Empty Current Folder
2025-09-23 11:20:03,367 [16] INFO  ZOHAIB - Priority : 47271, User Count : 1, Queue : 0
2025-09-23 11:20:03,385 [16] INFO  ZOHAIB - Invalid/Empty Current Folder
2025-09-23 11:20:05,401 [3] INFO  ZOHAIB - Priority : 47271, User Count : 1, Queue : 0
2025-09-23 11:20:05,409 [3] INFO  ZOHAIB - Invalid/Empty Current Folder
2025-09-23 11:20:07,427 [16] INFO  ZOHAIB - Priority : 47271, User Count : 1, Queue : 0
2025-09-23 11:20:07,434 [16] INFO  ZOHAIB - Invalid/Empty Current Folder
2025-09-23 11:20:09,482 [3] INFO  ZOHAIB - Priority : 47271, User Count : 1, Queue : 0
2025-09-23 11:20:09,489 [3] INFO  ZOHAIB - Invalid/Empty Current Folder
2025-09-23 11:20:11,558 [16] INFO  ZOHAIB - Priority : 47271, User Count : 1, Queue : 0
2025-09-23 11:20:11,565 [16] INFO  ZOHAIB - Invalid/Empty Current Folder
2025-09-23 11:20:13,632 [10] INFO  ZOHAIB - Priority : 47271, User Count : 1, Queue : 0
2025-09-23 11:20:13,640 [10] INFO  ZOHAIB - Invalid/Empty Current Folder
2025-09-23 11:20:15,723 [16] INFO  ZOHAIB - Priority : 47271, User Count : 1, Queue : 0
2025-09-23 11:20:15,734 [16] INFO  ZOHAIB - Invalid/Empty Current Folder
2025-09-23 11:20:17,793 [9] INFO  ZOHAIB - Priority : 47271, User Count : 1, Queue : 0
2025-09-23 11:20:17,810 [9] INFO  ZOHAIB - Invalid/Empty Current Folder
2025-09-23 11:20:19,870 [16] INFO  ZOHAIB - Priority : 47271, User Count : 1, Queue : 0
2025-09-23 11:20:19,879 [16] INFO  ZOHAIB - Invalid/Empty Current Folder
2025-09-23 11:20:21,932 [3] INFO  ZOHAIB - Priority : 47271, User Count : 1, Queue : 0
2025-09-23 11:20:21,940 [3] INFO  ZOHAIB - Invalid/Empty Current Folder
2025-09-23 11:20:23,960 [4] INFO  ZOHAIB - Priority : 47271, User Count : 1, Queue : 0
2025-09-23 11:20:23,969 [4] INFO  ZOHAIB - Invalid/Empty Current Folder
2025-09-23 11:20:25,986 [3] INFO  ZOHAIB - Priority : 47271, User Count : 1, Queue : 0
2025-09-23 11:20:25,993 [3] INFO  ZOHAIB - Invalid/Empty Current Folder
2025-09-23 11:20:28,052 [12] INFO  ZOHAIB - Priority : 47271, User Count : 1, Queue : 0
2025-09-23 11:20:28,060 [12] INFO  ZOHAIB - Invalid/Empty Current Folder
2025-09-23 11:20:30,090 [4] INFO  ZOHAIB - Priority : 47271, User Count : 1, Queue : 0
2025-09-23 11:20:30,103 [4] INFO  ZOHAIB - Invalid/Empty Current Folder
2025-09-23 11:20:32,132 [12] INFO  ZOHAIB - Priority : 47271, User Count : 1, Queue : 0
2025-09-23 11:20:32,139 [12] INFO  ZOHAIB - Invalid/Empty Current Folder
2025-09-23 11:20:34,162 [4] INFO  ZOHAIB - Priority : 47271, User Count : 1, Queue : 0
2025-09-23 11:20:34,170 [4] INFO  ZOHAIB - Invalid/Empty Current Folder
2025-09-23 11:20:36,250 [11] INFO  ZOHAIB - Priority : 47271, User Count : 1, Queue : 0
2025-09-23 11:20:36,259 [11] INFO  ZOHAIB - Invalid/Empty Current Folder
2025-09-23 11:20:38,328 [4] INFO  ZOHAIB - Priority : 47271, User Count : 1, Queue : 0
2025-09-23 11:20:38,336 [4] INFO  ZOHAIB - Invalid/Empty Current Folder
2025-09-23 11:20:40,411 [11] INFO  ZOHAIB - Priority : 47271, User Count : 1, Queue : 0
2025-09-23 11:20:40,419 [11] INFO  ZOHAIB - Invalid/Empty Current Folder
2025-09-23 11:20:42,442 [11] INFO  ZOHAIB - Priority : 47271, User Count : 1, Queue : 0
2025-09-23 11:20:42,448 [11] INFO  ZOHAIB - Invalid/Empty Current Folder
2025-09-23 11:20:44,491 [4] INFO  ZOHAIB - Priority : 47271, User Count : 1, Queue : 0
2025-09-23 11:20:44,497 [4] INFO  ZOHAIB - Invalid/Empty Current Folder
2025-09-23 11:20:46,566 [12] INFO  ZOHAIB - Priority : 47271, User Count : 1, Queue : 0
2025-09-23 11:20:46,574 [12] INFO  ZOHAIB - Invalid/Empty Current Folder
2025-09-23 11:20:48,598 [4] INFO  ZOHAIB - Priority : 47271, User Count : 1, Queue : 0
2025-09-23 11:20:48,608 [4] INFO  ZOHAIB - Invalid/Empty Current Folder
2025-09-23 11:20:50,672 [10] INFO  ZOHAIB - Priority : 47271, User Count : 1, Queue : 0
2025-09-23 11:20:50,680 [10] INFO  ZOHAIB - Invalid/Empty Current Folder
2025-09-23 11:20:52,743 [11] INFO  ZOHAIB - Priority : 47271, User Count : 1, Queue : 0
2025-09-23 11:20:52,751 [11] INFO  ZOHAIB - Invalid/Empty Current Folder
2025-09-23 11:20:54,822 [16] INFO  ZOHAIB - Priority : 47271, User Count : 1, Queue : 0
2025-09-23 11:20:54,842 [16] INFO  ZOHAIB - Invalid/Empty Current Folder
2025-09-23 11:20:56,864 [9] INFO  ZOHAIB - Priority : 47271, User Count : 1, Queue : 0
2025-09-23 11:20:56,872 [9] INFO  ZOHAIB - Invalid/Empty Current Folder
2025-09-23 11:20:58,894 [4] INFO  ZOHAIB - Priority : 47271, User Count : 1, Queue : 0
2025-09-23 11:20:58,902 [4] INFO  ZOHAIB - Invalid/Empty Current Folder
2025-09-23 11:21:00,962 [10] INFO  ZOHAIB - Priority : 47271, User Count : 1, Queue : 0
2025-09-23 11:21:00,974 [10] INFO  ZOHAIB - Invalid/Empty Current Folder
2025-09-23 11:21:03,037 [4] INFO  ZOHAIB - Priority : 47271, User Count : 1, Queue : 0
2025-09-23 11:21:03,046 [4] INFO  ZOHAIB - Invalid/Empty Current Folder
2025-09-23 11:21:05,110 [3] INFO  ZOHAIB - Priority : 47271, User Count : 1, Queue : 0
2025-09-23 11:21:05,118 [3] INFO  ZOHAIB - Invalid/Empty Current Folder
2025-09-23 11:21:07,174 [4] INFO  ZOHAIB - Priority : 47271, User Count : 1, Queue : 0
2025-09-23 11:21:07,181 [4] INFO  ZOHAIB - Invalid/Empty Current Folder
2025-09-23 11:21:09,236 [4] INFO  ZOHAIB - Priority : 47271, User Count : 1, Queue : 0
2025-09-23 11:21:09,246 [4] INFO  ZOHAIB - Invalid/Empty Current Folder
2025-09-23 11:21:11,312 [10] INFO  ZOHAIB - Priority : 47271, User Count : 1, Queue : 0
2025-09-23 11:21:11,328 [10] INFO  ZOHAIB - Invalid/Empty Current Folder
2025-09-23 11:21:13,394 [12] INFO  ZOHAIB - Priority : 47271, User Count : 1, Queue : 0
2025-09-23 11:21:13,415 [12] INFO  ZOHAIB - Invalid/Empty Current Folder
2025-09-23 11:21:15,473 [10] INFO  ZOHAIB - Priority : 47271, User Count : 1, Queue : 0
2025-09-23 11:21:15,484 [10] INFO  ZOHAIB - Invalid/Empty Current Folder
2025-09-23 11:21:17,544 [3] INFO  ZOHAIB - Priority : 47271, User Count : 1, Queue : 0
2025-09-23 11:21:17,552 [3] INFO  ZOHAIB - Invalid/Empty Current Folder
2025-09-23 11:21:19,608 [12] INFO  ZOHAIB - Priority : 47271, User Count : 1, Queue : 0
2025-09-23 11:21:19,616 [12] INFO  ZOHAIB - Invalid/Empty Current Folder
2025-09-23 11:21:21,686 [4] INFO  ZOHAIB - Priority : 47271, User Count : 1, Queue : 0
2025-09-23 11:21:21,694 [4] INFO  ZOHAIB - Invalid/Empty Current Folder
2025-09-23 11:21:23,747 [16] INFO  ZOHAIB - Priority : 47271, User Count : 1, Queue : 0
2025-09-23 11:21:23,764 [16] INFO  ZOHAIB - Invalid/Empty Current Folder
2025-09-23 11:21:25,828 [10] INFO  ZOHAIB - Priority : 47271, User Count : 1, Queue : 0
2025-09-23 11:21:25,849 [10] INFO  ZOHAIB - Invalid/Empty Current Folder
2025-09-23 11:21:27,924 [11] INFO  ZOHAIB - Priority : 47271, User Count : 1, Queue : 0
2025-09-23 11:21:27,937 [11] INFO  ZOHAIB - Invalid/Empty Current Folder
2025-09-23 11:21:29,949 [16] INFO  ZOHAIB - Priority : 47271, User Count : 1, Queue : 0
2025-09-23 11:21:29,964 [16] INFO  ZOHAIB - Invalid/Empty Current Folder
2025-09-23 11:21:32,025 [11] INFO  ZOHAIB - Priority : 47271, User Count : 1, Queue : 0
2025-09-23 11:21:32,044 [11] INFO  ZOHAIB - Invalid/Empty Current Folder
2025-09-23 11:21:34,078 [10] INFO  ZOHAIB - Priority : 47271, User Count : 1, Queue : 0
2025-09-23 11:21:34,089 [10] INFO  ZOHAIB - Invalid/Empty Current Folder
2025-09-23 11:21:36,117 [9] INFO  ZOHAIB - Priority : 47271, User Count : 1, Queue : 0
2025-09-23 11:21:36,126 [9] INFO  ZOHAIB - Invalid/Empty Current Folder
2025-09-23 11:21:38,191 [12] INFO  ZOHAIB - Priority : 47271, User Count : 1, Queue : 0
2025-09-23 11:21:38,198 [12] INFO  ZOHAIB - Invalid/Empty Current Folder
2025-09-23 11:21:40,261 [4] INFO  ZOHAIB - Priority : 47271, User Count : 1, Queue : 0
2025-09-23 11:21:40,272 [4] INFO  ZOHAIB - Invalid/Empty Current Folder
2025-09-23 11:21:42,345 [12] INFO  ZOHAIB - Priority : 47271, User Count : 1, Queue : 0
2025-09-23 11:21:42,359 [10] INFO  ZOHAIB - Invalid/Empty Current Folder
2025-09-23 11:21:44,437 [10] INFO  ZOHAIB - Priority : 47271, User Count : 1, Queue : 0
2025-09-23 11:21:44,453 [9] INFO  ZOHAIB - Invalid/Empty Current Folder
2025-09-23 11:21:46,530 [3] INFO  ZOHAIB - Priority : 47271, User Count : 1, Queue : 0
2025-09-23 11:21:46,538 [18] INFO  ZOHAIB - Invalid/Empty Current Folder
2025-09-23 11:21:48,609 [18] INFO  ZOHAIB - Priority : 47271, User Count : 1, Queue : 0
2025-09-23 11:21:48,620 [18] INFO  ZOHAIB - Invalid/Empty Current Folder
2025-09-23 11:21:50,665 [12] INFO  ZOHAIB - Priority : 47271, User Count : 1, Queue : 0
2025-09-23 11:21:50,673 [12] INFO  ZOHAIB - Invalid/Empty Current Folder
2025-09-23 11:21:52,728 [12] INFO  ZOHAIB - Priority : 47271, User Count : 1, Queue : 0
2025-09-23 11:21:52,744 [12] INFO  ZOHAIB - Invalid/Empty Current Folder
2025-09-23 11:21:54,788 [16] INFO  ZOHAIB - Priority : 47271, User Count : 1, Queue : 0
2025-09-23 11:21:54,795 [16] INFO  ZOHAIB - Invalid/Empty Current Folder
2025-09-23 11:21:56,853 [16] INFO  ZOHAIB - Priority : 47271, User Count : 1, Queue : 0
2025-09-23 11:21:56,862 [16] INFO  ZOHAIB - Invalid/Empty Current Folder
2025-09-23 11:21:58,930 [3] INFO  ZOHAIB - Priority : 47271, User Count : 1, Queue : 0
2025-09-23 11:21:58,937 [3] INFO  ZOHAIB - Invalid/Empty Current Folder
2025-09-23 11:22:01,007 [3] INFO  ZOHAIB - Priority : 47271, User Count : 1, Queue : 0
2025-09-23 11:22:01,017 [3] INFO  ZOHAIB - Invalid/Empty Current Folder
2025-09-23 11:22:03,076 [18] INFO  ZOHAIB - Priority : 47271, User Count : 1, Queue : 0
2025-09-23 11:22:03,088 [18] INFO  ZOHAIB - Invalid/Empty Current Folder
2025-09-23 11:22:05,149 [12] INFO  ZOHAIB - Priority : 47271, User Count : 1, Queue : 0
2025-09-23 11:22:05,159 [12] INFO  ZOHAIB - Invalid/Empty Current Folder
2025-09-23 11:22:07,189 [9] INFO  ZOHAIB - Priority : 47271, User Count : 1, Queue : 0
2025-09-23 11:22:07,198 [9] INFO  ZOHAIB - Invalid/Empty Current Folder
2025-09-23 11:22:09,254 [9] INFO  ZOHAIB - Priority : 47271, User Count : 1, Queue : 0
2025-09-23 11:22:09,262 [9] INFO  ZOHAIB - Invalid/Empty Current Folder
2025-09-23 11:22:11,321 [9] INFO  ZOHAIB - Priority : 47271, User Count : 1, Queue : 0
2025-09-23 11:22:11,343 [9] INFO  ZOHAIB - Invalid/Empty Current Folder
2025-09-23 11:22:13,400 [9] INFO  ZOHAIB - Priority : 47271, User Count : 1, Queue : 0
2025-09-23 11:22:13,409 [9] INFO  ZOHAIB - Invalid/Empty Current Folder
2025-09-23 11:22:15,458 [9] INFO  ZOHAIB - Priority : 47271, User Count : 1, Queue : 0
2025-09-23 11:22:15,475 [9] INFO  ZOHAIB - Invalid/Empty Current Folder
2025-09-23 11:22:17,534 [4] INFO  ZOHAIB - Priority : 47271, User Count : 1, Queue : 0
2025-09-23 11:22:17,541 [4] INFO  ZOHAIB - Invalid/Empty Current Folder
2025-09-23 11:22:19,598 [4] INFO  ZOHAIB - Priority : 47271, User Count : 1, Queue : 0
2025-09-23 11:22:19,607 [4] INFO  ZOHAIB - Invalid/Empty Current Folder
2025-09-23 11:22:21,676 [4] INFO  ZOHAIB - Priority : 47271, User Count : 1, Queue : 0
2025-09-23 11:22:21,685 [4] INFO  ZOHAIB - Invalid/Empty Current Folder
2025-09-23 11:22:23,761 [4] INFO  ZOHAIB - Priority : 47271, User Count : 1, Queue : 0
2025-09-23 11:22:23,774 [4] INFO  ZOHAIB - Invalid/Empty Current Folder
2025-09-23 11:22:25,843 [3] INFO  ZOHAIB - Priority : 47271, User Count : 1, Queue : 0
2025-09-23 11:22:25,850 [3] INFO  ZOHAIB - Invalid/Empty Current Folder
2025-09-23 11:22:27,861 [3] INFO  ZOHAIB - Priority : 47271, User Count : 1, Queue : 0
2025-09-23 11:22:27,869 [3] INFO  ZOHAIB - Invalid/Empty Current Folder
2025-09-23 11:22:29,933 [16] INFO  ZOHAIB - Priority : 47271, User Count : 1, Queue : 0
2025-09-23 11:22:29,942 [16] INFO  ZOHAIB - Invalid/Empty Current Folder
2025-09-23 11:22:31,966 [12] INFO  ZOHAIB - Priority : 47271, User Count : 1, Queue : 0
2025-09-23 11:22:31,977 [12] INFO  ZOHAIB - Invalid/Empty Current Folder
2025-09-23 11:22:34,001 [10] INFO  ZOHAIB - Priority : 47271, User Count : 1, Queue : 0
2025-09-23 11:22:34,009 [10] INFO  ZOHAIB - Invalid/Empty Current Folder
2025-09-23 11:22:36,026 [10] INFO  ZOHAIB - Priority : 47271, User Count : 1, Queue : 0
2025-09-23 11:22:36,043 [10] INFO  ZOHAIB - Invalid/Empty Current Folder
2025-09-23 11:22:38,055 [18] INFO  ZOHAIB - Priority : 47271, User Count : 1, Queue : 0
2025-09-23 11:22:38,062 [18] INFO  ZOHAIB - Invalid/Empty Current Folder
2025-09-23 11:22:40,081 [3] INFO  ZOHAIB - Priority : 47271, User Count : 1, Queue : 0
2025-09-23 11:22:40,090 [3] INFO  ZOHAIB - Invalid/Empty Current Folder
2025-09-23 11:22:42,114 [3] INFO  ZOHAIB - Priority : 47271, User Count : 1, Queue : 0
2025-09-23 11:22:42,129 [3] INFO  ZOHAIB - Invalid/Empty Current Folder
2025-09-23 11:22:44,204 [3] INFO  ZOHAIB - Priority : 47271, User Count : 1, Queue : 0
2025-09-23 11:22:44,216 [3] INFO  ZOHAIB - Invalid/Empty Current Folder
2025-09-23 11:22:46,284 [16] INFO  ZOHAIB - Priority : 47271, User Count : 1, Queue : 0
2025-09-23 11:22:46,305 [16] INFO  ZOHAIB - Invalid/Empty Current Folder
2025-09-23 11:22:48,324 [3] INFO  ZOHAIB - Priority : 47271, User Count : 1, Queue : 0
2025-09-23 11:22:48,332 [3] INFO  ZOHAIB - Invalid/Empty Current Folder
2025-09-23 11:22:50,395 [11] INFO  ZOHAIB - Priority : 47271, User Count : 1, Queue : 0
2025-09-23 11:22:50,403 [11] INFO  ZOHAIB - Invalid/Empty Current Folder
2025-09-23 11:22:52,459 [11] INFO  ZOHAIB - Priority : 47271, User Count : 1, Queue : 0
2025-09-23 11:22:52,470 [11] INFO  ZOHAIB - Invalid/Empty Current Folder
2025-09-23 11:22:54,542 [11] INFO  ZOHAIB - Priority : 47271, User Count : 1, Queue : 0
2025-09-23 11:22:54,559 [11] INFO  ZOHAIB - Invalid/Empty Current Folder
2025-09-23 11:22:56,584 [16] INFO  ZOHAIB - Priority : 47271, User Count : 1, Queue : 0
2025-09-23 11:22:56,593 [16] INFO  ZOHAIB - Invalid/Empty Current Folder
2025-09-23 11:22:58,660 [11] INFO  ZOHAIB - Priority : 47271, User Count : 1, Queue : 0
2025-09-23 11:22:58,677 [11] INFO  ZOHAIB - Invalid/Empty Current Folder
2025-09-23 11:23:00,706 [12] INFO  ZOHAIB - Priority : 47271, User Count : 1, Queue : 0
2025-09-23 11:23:00,724 [12] INFO  ZOHAIB - Invalid/Empty Current Folder
2025-09-23 11:23:02,794 [10] INFO  ZOHAIB - Priority : 47271, User Count : 1, Queue : 0
2025-09-23 11:23:02,805 [10] INFO  ZOHAIB - Invalid/Empty Current Folder
2025-09-23 11:23:04,824 [16] INFO  ZOHAIB - Priority : 47271, User Count : 1, Queue : 0
2025-09-23 11:23:04,832 [16] INFO  ZOHAIB - Invalid/Empty Current Folder
2025-09-23 11:23:06,899 [16] INFO  ZOHAIB - Priority : 47271, User Count : 1, Queue : 0
2025-09-23 11:23:06,915 [16] INFO  ZOHAIB - Invalid/Empty Current Folder
2025-09-23 11:23:08,981 [16] INFO  ZOHAIB - Priority : 47271, User Count : 1, Queue : 0
2025-09-23 11:23:09,003 [16] INFO  ZOHAIB - Invalid/Empty Current Folder
2025-09-23 11:23:11,059 [16] INFO  ZOHAIB - Priority : 47271, User Count : 1, Queue : 0
2025-09-23 11:23:11,069 [16] INFO  ZOHAIB - Invalid/Empty Current Folder
2025-09-23 11:23:13,129 [10] INFO  ZOHAIB - Priority : 47271, User Count : 1, Queue : 0
2025-09-23 11:23:13,136 [10] INFO  ZOHAIB - Invalid/Empty Current Folder
2025-09-23 11:23:15,196 [10] INFO  ZOHAIB - Priority : 47271, User Count : 1, Queue : 0
2025-09-23 11:23:15,214 [10] INFO  ZOHAIB - Invalid/Empty Current Folder
2025-09-23 11:23:17,274 [18] INFO  ZOHAIB - Priority : 47271, User Count : 1, Queue : 0
2025-09-23 11:23:17,281 [18] INFO  ZOHAIB - Invalid/Empty Current Folder
2025-09-23 11:23:19,336 [18] INFO  ZOHAIB - Priority : 47271, User Count : 1, Queue : 0
2025-09-23 11:23:19,343 [18] INFO  ZOHAIB - Invalid/Empty Current Folder
2025-09-23 11:23:21,400 [16] INFO  ZOHAIB - Priority : 47271, User Count : 1, Queue : 0
2025-09-23 11:23:21,415 [16] INFO  ZOHAIB - Invalid/Empty Current Folder
2025-09-23 11:23:23,491 [16] INFO  ZOHAIB - Priority : 47271, User Count : 1, Queue : 0
2025-09-23 11:23:23,502 [16] INFO  ZOHAIB - Invalid/Empty Current Folder
2025-09-23 11:23:25,516 [12] INFO  ZOHAIB - Priority : 47271, User Count : 1, Queue : 0
2025-09-23 11:23:25,524 [12] INFO  ZOHAIB - Invalid/Empty Current Folder
2025-09-23 11:23:27,546 [16] INFO  ZOHAIB - Priority : 47271, User Count : 1, Queue : 0
2025-09-23 11:23:27,557 [16] INFO  ZOHAIB - Invalid/Empty Current Folder
2025-09-23 11:23:29,581 [16] INFO  ZOHAIB - Priority : 47271, User Count : 1, Queue : 0
2025-09-23 11:23:29,589 [16] INFO  ZOHAIB - Invalid/Empty Current Folder
2025-09-23 11:23:31,656 [16] INFO  ZOHAIB - Priority : 47271, User Count : 1, Queue : 0
2025-09-23 11:23:31,663 [16] INFO  ZOHAIB - Invalid/Empty Current Folder
2025-09-23 11:23:33,720 [16] INFO  ZOHAIB - Priority : 47271, User Count : 1, Queue : 0
2025-09-23 11:23:33,727 [16] INFO  ZOHAIB - Invalid/Empty Current Folder
2025-09-23 11:23:35,793 [12] INFO  ZOHAIB - Priority : 47271, User Count : 1, Queue : 0
2025-09-23 11:23:35,812 [12] INFO  ZOHAIB - Invalid/Empty Current Folder
2025-09-23 11:23:37,838 [16] INFO  ZOHAIB - Priority : 47271, User Count : 1, Queue : 0
2025-09-23 11:23:37,847 [16] INFO  ZOHAIB - Invalid/Empty Current Folder
2025-09-23 11:23:39,909 [12] INFO  ZOHAIB - Priority : 47271, User Count : 1, Queue : 0
2025-09-23 11:23:39,917 [12] INFO  ZOHAIB - Invalid/Empty Current Folder
2025-09-23 11:23:41,934 [4] INFO  ZOHAIB - Priority : 47271, User Count : 1, Queue : 0
2025-09-23 11:23:41,948 [12] INFO  ZOHAIB - Invalid/Empty Current Folder
2025-09-23 11:23:44,017 [11] INFO  ZOHAIB - Priority : 47271, User Count : 1, Queue : 0
2025-09-23 11:23:44,027 [11] INFO  ZOHAIB - Invalid/Empty Current Folder
2025-09-23 11:23:46,092 [11] INFO  ZOHAIB - Priority : 47271, User Count : 1, Queue : 0
2025-09-23 11:23:46,098 [11] INFO  ZOHAIB - Invalid/Empty Current Folder
2025-09-23 11:23:48,174 [11] INFO  ZOHAIB - Priority : 47271, User Count : 1, Queue : 0
2025-09-23 11:23:48,182 [18] INFO  ZOHAIB - Invalid/Empty Current Folder
2025-09-23 11:23:50,235 [4] INFO  ZOHAIB - Priority : 47271, User Count : 1, Queue : 0
2025-09-23 11:23:50,250 [4] INFO  ZOHAIB - Invalid/Empty Current Folder
2025-09-23 11:23:52,299 [4] INFO  ZOHAIB - Priority : 47271, User Count : 1, Queue : 0
2025-09-23 11:23:52,315 [4] INFO  ZOHAIB - Invalid/Empty Current Folder
2025-09-23 11:23:54,374 [10] INFO  ZOHAIB - Priority : 47271, User Count : 1, Queue : 0
2025-09-23 11:23:54,382 [10] INFO  ZOHAIB - Invalid/Empty Current Folder
2025-09-23 11:23:56,453 [18] INFO  ZOHAIB - Priority : 47271, User Count : 1, Queue : 0
2025-09-23 11:23:56,462 [18] INFO  ZOHAIB - Invalid/Empty Current Folder
2025-09-23 11:23:58,528 [18] INFO  ZOHAIB - Priority : 47271, User Count : 1, Queue : 0
2025-09-23 11:23:58,546 [12] INFO  ZOHAIB - Invalid/Empty Current Folder
2025-09-23 11:24:00,566 [12] INFO  ZOHAIB - Priority : 47271, User Count : 1, Queue : 0
2025-09-23 11:24:00,577 [12] INFO  ZOHAIB - Invalid/Empty Current Folder
2025-09-23 11:24:02,636 [9] INFO  ZOHAIB - Priority : 47271, User Count : 1, Queue : 0
2025-09-23 11:24:02,644 [9] INFO  ZOHAIB - Invalid/Empty Current Folder
2025-09-23 11:24:04,664 [9] INFO  ZOHAIB - Priority : 47271, User Count : 1, Queue : 0
2025-09-23 11:24:04,677 [9] INFO  ZOHAIB - Invalid/Empty Current Folder
2025-09-23 11:24:06,749 [9] INFO  ZOHAIB - Priority : 47271, User Count : 1, Queue : 0
2025-09-23 11:24:06,758 [9] INFO  ZOHAIB - Invalid/Empty Current Folder
2025-09-23 11:24:08,830 [9] INFO  ZOHAIB - Priority : 47271, User Count : 1, Queue : 0
2025-09-23 11:24:08,839 [9] INFO  ZOHAIB - Invalid/Empty Current Folder
2025-09-23 11:24:10,864 [10] INFO  ZOHAIB - Priority : 47271, User Count : 1, Queue : 0
2025-09-23 11:24:10,873 [10] INFO  ZOHAIB - Invalid/Empty Current Folder
2025-09-23 11:24:12,938 [10] INFO  ZOHAIB - Priority : 47271, User Count : 1, Queue : 0
2025-09-23 11:24:12,949 [10] INFO  ZOHAIB - Invalid/Empty Current Folder
2025-09-23 11:24:14,998 [9] INFO  ZOHAIB - Priority : 47271, User Count : 1, Queue : 0
2025-09-23 11:24:15,005 [9] INFO  ZOHAIB - Invalid/Empty Current Folder
2025-09-23 11:24:17,017 [16] INFO  ZOHAIB - Priority : 47271, User Count : 1, Queue : 0
2025-09-23 11:24:17,027 [16] INFO  ZOHAIB - Invalid/Empty Current Folder
2025-09-23 11:24:19,085 [11] INFO  ZOHAIB - Priority : 47271, User Count : 1, Queue : 0
2025-09-23 11:24:19,100 [11] INFO  ZOHAIB - Invalid/Empty Current Folder
2025-09-23 11:24:21,129 [11] INFO  ZOHAIB - Priority : 47271, User Count : 1, Queue : 0
2025-09-23 11:24:21,137 [11] INFO  ZOHAIB - Invalid/Empty Current Folder
2025-09-23 11:24:23,204 [11] INFO  ZOHAIB - Priority : 47271, User Count : 1, Queue : 0
2025-09-23 11:24:23,221 [11] INFO  ZOHAIB - Invalid/Empty Current Folder
2025-09-23 11:24:25,287 [11] INFO  ZOHAIB - Priority : 47271, User Count : 1, Queue : 0
2025-09-23 11:24:25,305 [11] INFO  ZOHAIB - Invalid/Empty Current Folder
2025-09-23 11:24:27,322 [9] INFO  ZOHAIB - Priority : 47271, User Count : 1, Queue : 0
2025-09-23 11:24:27,330 [9] INFO  ZOHAIB - Invalid/Empty Current Folder
2025-09-23 11:24:29,356 [11] INFO  ZOHAIB - Priority : 47271, User Count : 1, Queue : 0
2025-09-23 11:24:29,365 [11] INFO  ZOHAIB - Invalid/Empty Current Folder
2025-09-23 11:24:31,393 [9] INFO  ZOHAIB - Priority : 47271, User Count : 1, Queue : 0
2025-09-23 11:24:31,402 [9] INFO  ZOHAIB - Invalid/Empty Current Folder
2025-09-23 11:24:33,418 [16] INFO  ZOHAIB - Priority : 47271, User Count : 1, Queue : 0
2025-09-23 11:24:33,426 [16] INFO  ZOHAIB - Invalid/Empty Current Folder
2025-09-23 11:24:35,475 [16] INFO  ZOHAIB - Priority : 47271, User Count : 1, Queue : 0
2025-09-23 11:24:35,485 [16] INFO  ZOHAIB - Invalid/Empty Current Folder
2025-09-23 11:24:37,509 [18] INFO  ZOHAIB - Priority : 47271, User Count : 1, Queue : 0
2025-09-23 11:24:37,518 [18] INFO  ZOHAIB - Invalid/Empty Current Folder
2025-09-23 11:24:39,542 [16] INFO  ZOHAIB - Priority : 47271, User Count : 1, Queue : 0
2025-09-23 11:24:39,556 [16] INFO  ZOHAIB - Invalid/Empty Current Folder
2025-09-23 11:24:41,583 [10] INFO  ZOHAIB - Priority : 47271, User Count : 1, Queue : 0
2025-09-23 11:24:41,594 [10] INFO  ZOHAIB - Invalid/Empty Current Folder
2025-09-23 11:24:43,612 [4] INFO  ZOHAIB - Priority : 47271, User Count : 1, Queue : 0
2025-09-23 11:24:43,622 [4] INFO  ZOHAIB - Invalid/Empty Current Folder
2025-09-23 11:24:45,678 [4] INFO  ZOHAIB - Priority : 47271, User Count : 1, Queue : 0
2025-09-23 11:24:45,688 [4] INFO  ZOHAIB - Invalid/Empty Current Folder
2025-09-23 11:24:47,749 [4] INFO  ZOHAIB - Priority : 47271, User Count : 1, Queue : 0
2025-09-23 11:24:47,770 [4] INFO  ZOHAIB - Invalid/Empty Current Folder
2025-09-23 11:24:49,833 [4] INFO  ZOHAIB - Priority : 47271, User Count : 1, Queue : 0
2025-09-23 11:24:49,842 [4] INFO  ZOHAIB - Invalid/Empty Current Folder
2025-09-23 11:24:51,907 [3] INFO  ZOHAIB - Priority : 47271, User Count : 1, Queue : 0
2025-09-23 11:24:51,923 [3] INFO  ZOHAIB - Invalid/Empty Current Folder
2025-09-23 11:24:53,940 [3] INFO  ZOHAIB - Priority : 47271, User Count : 2, Queue : 0
2025-09-23 11:24:53,948 [3] INFO  ZOHAIB - Invalid/Empty Current Folder
2025-09-23 11:24:56,007 [3] INFO  ZOHAIB - Priority : 47271, User Count : 2, Queue : 0
2025-09-23 11:24:56,012 [3] INFO  ZOHAIB - Invalid/Empty Current Folder
2025-09-23 11:24:58,032 [10] INFO  ZOHAIB - Priority : 47271, User Count : 2, Queue : 0
2025-09-23 11:24:58,036 [10] INFO  ZOHAIB - Invalid/Empty Current Folder
2025-09-23 11:25:00,051 [12] INFO  ZOHAIB - Priority : 47271, User Count : 2, Queue : 0
2025-09-23 11:25:00,056 [12] INFO  ZOHAIB - Invalid/Empty Current Folder
2025-09-23 11:25:02,064 [9] INFO  ZOHAIB - Priority : 47271, User Count : 2, Queue : 0
2025-09-23 11:25:02,069 [9] INFO  ZOHAIB - Invalid/Empty Current Folder
2025-09-23 11:25:04,095 [16] INFO  ZOHAIB - Priority : 47271, User Count : 2, Queue : 0
2025-09-23 11:25:04,101 [16] INFO  ZOHAIB - Invalid/Empty Current Folder
2025-09-23 11:25:06,116 [3] INFO  ZOHAIB - Priority : 47271, User Count : 2, Queue : 0
2025-09-23 11:25:06,120 [3] INFO  ZOHAIB - Invalid/Empty Current Folder
2025-09-23 11:25:08,145 [12] INFO  ZOHAIB - Priority : 47271, User Count : 2, Queue : 0
2025-09-23 11:25:08,149 [12] INFO  ZOHAIB - Invalid/Empty Current Folder
2025-09-23 11:25:10,180 [11] INFO  ZOHAIB - Priority : 47271, User Count : 2, Queue : 0
2025-09-23 11:25:10,184 [11] INFO  ZOHAIB - Invalid/Empty Current Folder
2025-09-23 11:25:12,225 [11] INFO  ZOHAIB - Priority : 47271, User Count : 2, Queue : 0
2025-09-23 11:25:12,230 [11] INFO  ZOHAIB - Invalid/Empty Current Folder
2025-09-23 11:25:14,243 [9] INFO  ZOHAIB - Priority : 47271, User Count : 2, Queue : 0
2025-09-23 11:25:14,250 [9] INFO  ZOHAIB - Invalid/Empty Current Folder
2025-09-23 11:25:16,272 [12] INFO  ZOHAIB - Priority : 47271, User Count : 2, Queue : 0
2025-09-23 11:25:16,277 [12] INFO  ZOHAIB - Invalid/Empty Current Folder
2025-09-23 11:25:18,283 [3] INFO  ZOHAIB - Priority : 47271, User Count : 2, Queue : 0
2025-09-23 11:25:18,289 [3] INFO  ZOHAIB - Invalid/Empty Current Folder
2025-09-23 11:25:20,304 [18] INFO  ZOHAIB - Priority : 47271, User Count : 2, Queue : 0
2025-09-23 11:25:20,310 [18] INFO  ZOHAIB - Invalid/Empty Current Folder
2025-09-23 11:25:22,320 [4] INFO  ZOHAIB - Priority : 47271, User Count : 2, Queue : 0
2025-09-23 11:25:22,324 [4] INFO  ZOHAIB - Invalid/Empty Current Folder
2025-09-23 11:25:24,340 [11] INFO  ZOHAIB - Priority : 47271, User Count : 2, Queue : 0
2025-09-23 11:25:24,344 [11] INFO  ZOHAIB - Invalid/Empty Current Folder
2025-09-23 11:25:26,364 [9] INFO  ZOHAIB - Priority : 47271, User Count : 2, Queue : 0
2025-09-23 11:25:26,369 [9] INFO  ZOHAIB - Invalid/Empty Current Folder
2025-09-23 11:25:28,377 [4] INFO  ZOHAIB - Priority : 47271, User Count : 2, Queue : 0
2025-09-23 11:25:28,382 [4] INFO  ZOHAIB - Invalid/Empty Current Folder
2025-09-23 11:25:30,388 [18] INFO  ZOHAIB - Priority : 47271, User Count : 2, Queue : 0
2025-09-23 11:25:30,392 [18] INFO  ZOHAIB - Invalid/Empty Current Folder
2025-09-23 11:25:32,405 [18] INFO  ZOHAIB - Priority : 47271, User Count : 2, Queue : 0
2025-09-23 11:25:32,411 [3] INFO  ZOHAIB - Invalid/Empty Current Folder
2025-09-23 11:25:34,427 [3] INFO  ZOHAIB - Priority : 47271, User Count : 2, Queue : 0
2025-09-23 11:25:34,431 [3] INFO  ZOHAIB - Invalid/Empty Current Folder
2025-09-23 11:25:36,451 [12] INFO  ZOHAIB - Priority : 47271, User Count : 2, Queue : 0
2025-09-23 11:25:36,457 [12] INFO  ZOHAIB - Invalid/Empty Current Folder
2025-09-23 11:25:38,475 [9] INFO  ZOHAIB - Priority : 47271, User Count : 2, Queue : 0
2025-09-23 11:25:38,486 [9] INFO  ZOHAIB - Invalid/Empty Current Folder
2025-09-23 11:25:40,507 [9] INFO  ZOHAIB - Priority : 47271, User Count : 2, Queue : 0
2025-09-23 11:25:40,511 [9] INFO  ZOHAIB - Invalid/Empty Current Folder
2025-09-23 11:25:42,528 [10] INFO  ZOHAIB - Priority : 47271, User Count : 2, Queue : 0
2025-09-23 11:25:42,541 [10] INFO  ZOHAIB - Invalid/Empty Current Folder
2025-09-23 11:25:44,554 [16] INFO  ZOHAIB - Priority : 47271, User Count : 2, Queue : 0
2025-09-23 11:25:44,569 [16] INFO  ZOHAIB - Invalid/Empty Current Folder
2025-09-23 11:25:46,591 [3] INFO  ZOHAIB - Priority : 47271, User Count : 2, Queue : 0
2025-09-23 11:25:46,598 [3] INFO  ZOHAIB - Invalid/Empty Current Folder
2025-09-23 11:25:48,618 [9] INFO  ZOHAIB - Priority : 47271, User Count : 2, Queue : 0
2025-09-23 11:25:48,631 [9] INFO  ZOHAIB - Invalid/Empty Current Folder
2025-09-23 11:25:50,642 [16] INFO  ZOHAIB - Priority : 47271, User Count : 2, Queue : 0
2025-09-23 11:25:50,645 [16] INFO  ZOHAIB - Invalid/Empty Current Folder
2025-09-23 11:25:52,669 [16] INFO  ZOHAIB - Priority : 47271, User Count : 2, Queue : 0
2025-09-23 11:25:52,685 [16] INFO  ZOHAIB - Invalid/Empty Current Folder
2025-09-23 11:25:54,696 [4] INFO  ZOHAIB - Priority : 47271, User Count : 2, Queue : 0
2025-09-23 11:25:54,700 [4] INFO  ZOHAIB - Invalid/Empty Current Folder
2025-09-23 11:25:56,722 [16] INFO  ZOHAIB - Priority : 47271, User Count : 2, Queue : 0
2025-09-23 11:25:56,726 [16] INFO  ZOHAIB - Invalid/Empty Current Folder
2025-09-23 11:25:58,736 [9] INFO  ZOHAIB - Priority : 47271, User Count : 2, Queue : 0
2025-09-23 11:25:58,739 [9] INFO  ZOHAIB - Invalid/Empty Current Folder
2025-09-23 11:26:00,758 [3] INFO  ZOHAIB - Priority : 47271, User Count : 2, Queue : 0
2025-09-23 11:26:00,769 [3] INFO  ZOHAIB - Invalid/Empty Current Folder
2025-09-23 11:26:02,787 [10] INFO  ZOHAIB - Priority : 47271, User Count : 2, Queue : 0
2025-09-23 11:26:02,792 [10] INFO  ZOHAIB - Invalid/Empty Current Folder
2025-09-23 11:26:04,816 [10] INFO  ZOHAIB - Priority : 47271, User Count : 2, Queue : 0
2025-09-23 11:26:04,823 [10] INFO  ZOHAIB - Invalid/Empty Current Folder
2025-09-23 11:26:06,833 [4] INFO  ZOHAIB - Priority : 47271, User Count : 2, Queue : 0
2025-09-23 11:26:06,838 [4] INFO  ZOHAIB - Invalid/Empty Current Folder
2025-09-23 11:26:08,863 [12] INFO  ZOHAIB - Priority : 47271, User Count : 2, Queue : 0
2025-09-23 11:26:08,880 [12] INFO  ZOHAIB - Invalid/Empty Current Folder
2025-09-23 11:26:10,903 [16] INFO  ZOHAIB - Priority : 47271, User Count : 2, Queue : 0
2025-09-23 11:26:10,913 [16] INFO  ZOHAIB - Invalid/Empty Current Folder
2025-09-23 11:26:12,930 [10] INFO  ZOHAIB - Priority : 47271, User Count : 2, Queue : 0
2025-09-23 11:26:12,944 [10] INFO  ZOHAIB - Invalid/Empty Current Folder
2025-09-23 11:26:14,963 [3] INFO  ZOHAIB - Priority : 47271, User Count : 2, Queue : 0
2025-09-23 11:26:14,968 [3] INFO  ZOHAIB - Invalid/Empty Current Folder
2025-09-23 11:26:16,985 [18] INFO  ZOHAIB - Priority : 47271, User Count : 2, Queue : 0
2025-09-23 11:26:17,000 [18] INFO  ZOHAIB - Invalid/Empty Current Folder
2025-09-23 11:26:19,028 [9] INFO  ZOHAIB - Priority : 47271, User Count : 2, Queue : 0
2025-09-23 11:26:19,035 [9] INFO  ZOHAIB - Invalid/Empty Current Folder
2025-09-23 11:26:21,049 [12] INFO  ZOHAIB - Priority : 47271, User Count : 2, Queue : 0
2025-09-23 11:26:21,059 [12] INFO  ZOHAIB - Invalid/Empty Current Folder
2025-09-23 11:26:23,069 [3] INFO  ZOHAIB - Priority : 47271, User Count : 2, Queue : 0
2025-09-23 11:26:23,082 [3] INFO  ZOHAIB - Invalid/Empty Current Folder
2025-09-23 11:26:25,099 [3] INFO  ZOHAIB - Priority : 47271, User Count : 2, Queue : 0
2025-09-23 11:26:25,108 [3] INFO  ZOHAIB - Invalid/Empty Current Folder
2025-09-23 11:26:27,133 [11] INFO  ZOHAIB - Priority : 47271, User Count : 2, Queue : 0
2025-09-23 11:26:27,138 [11] INFO  ZOHAIB - Invalid/Empty Current Folder
2025-09-23 11:26:29,159 [10] INFO  ZOHAIB - Priority : 47271, User Count : 2, Queue : 0
2025-09-23 11:26:29,164 [10] INFO  ZOHAIB - Invalid/Empty Current Folder
2025-09-23 11:26:31,179 [9] INFO  ZOHAIB - Priority : 47271, User Count : 2, Queue : 0
2025-09-23 11:26:31,183 [9] INFO  ZOHAIB - Invalid/Empty Current Folder
2025-09-23 11:26:33,199 [16] INFO  ZOHAIB - Priority : 47271, User Count : 2, Queue : 0
2025-09-23 11:26:33,203 [16] INFO  ZOHAIB - Invalid/Empty Current Folder
2025-09-23 11:26:35,222 [3] INFO  ZOHAIB - Priority : 47271, User Count : 2, Queue : 0
2025-09-23 11:26:35,234 [3] INFO  ZOHAIB - Invalid/Empty Current Folder
2025-09-23 11:26:37,252 [12] INFO  ZOHAIB - Priority : 47271, User Count : 2, Queue : 0
2025-09-23 11:26:37,260 [12] INFO  ZOHAIB - Invalid/Empty Current Folder
2025-09-23 11:26:39,276 [3] INFO  ZOHAIB - Priority : 47271, User Count : 2, Queue : 0
2025-09-23 11:26:39,282 [3] INFO  ZOHAIB - Invalid/Empty Current Folder
2025-09-23 11:26:41,295 [18] INFO  ZOHAIB - Priority : 47271, User Count : 2, Queue : 0
2025-09-23 11:26:41,318 [18] INFO  ZOHAIB - Invalid/Empty Current Folder
2025-09-23 11:26:43,339 [11] INFO  ZOHAIB - Priority : 47271, User Count : 2, Queue : 0
2025-09-23 11:26:43,348 [11] INFO  ZOHAIB - Invalid/Empty Current Folder
2025-09-23 11:26:45,358 [3] INFO  ZOHAIB - Priority : 47271, User Count : 2, Queue : 0
2025-09-23 11:26:45,363 [3] INFO  ZOHAIB - Invalid/Empty Current Folder
2025-09-23 11:26:47,384 [12] INFO  ZOHAIB - Priority : 47271, User Count : 2, Queue : 0
2025-09-23 11:26:47,388 [12] INFO  ZOHAIB - Invalid/Empty Current Folder
2025-09-23 11:26:49,410 [12] INFO  ZOHAIB - Priority : 47271, User Count : 2, Queue : 0
2025-09-23 11:26:49,416 [12] INFO  ZOHAIB - Invalid/Empty Current Folder
2025-09-23 11:26:51,434 [10] INFO  ZOHAIB - Priority : 47271, User Count : 2, Queue : 0
2025-09-23 11:26:51,439 [10] INFO  ZOHAIB - Invalid/Empty Current Folder
2025-09-23 11:26:53,461 [10] INFO  ZOHAIB - Priority : 47271, User Count : 2, Queue : 0
2025-09-23 11:26:53,476 [10] INFO  ZOHAIB - Invalid/Empty Current Folder
2025-09-23 11:26:55,494 [9] INFO  ZOHAIB - Priority : 47271, User Count : 2, Queue : 0
2025-09-23 11:26:55,499 [9] INFO  ZOHAIB - Invalid/Empty Current Folder
2025-09-23 11:26:57,525 [9] INFO  ZOHAIB - Priority : 47271, User Count : 2, Queue : 0
2025-09-23 11:26:57,529 [9] INFO  ZOHAIB - Invalid/Empty Current Folder
2025-09-23 11:26:59,553 [3] INFO  ZOHAIB - Priority : 47271, User Count : 2, Queue : 0
2025-09-23 11:26:59,557 [3] INFO  ZOHAIB - Invalid/Empty Current Folder
2025-09-23 11:27:01,580 [18] INFO  ZOHAIB - Priority : 47271, User Count : 2, Queue : 0
2025-09-23 11:27:01,584 [18] INFO  ZOHAIB - Invalid/Empty Current Folder
2025-09-23 11:27:03,607 [10] INFO  ZOHAIB - Priority : 47271, User Count : 2, Queue : 0
2025-09-23 11:27:03,612 [10] INFO  ZOHAIB - Invalid/Empty Current Folder
2025-09-23 11:27:05,623 [16] INFO  ZOHAIB - Priority : 47271, User Count : 2, Queue : 0
2025-09-23 11:27:05,633 [16] INFO  ZOHAIB - Invalid/Empty Current Folder
2025-09-23 11:27:07,655 [11] INFO  ZOHAIB - Priority : 47271, User Count : 2, Queue : 0
2025-09-23 11:27:07,660 [11] INFO  ZOHAIB - Invalid/Empty Current Folder
2025-09-23 11:27:09,683 [18] INFO  ZOHAIB - Priority : 47271, User Count : 2, Queue : 0
2025-09-23 11:27:09,691 [18] INFO  ZOHAIB - Invalid/Empty Current Folder
2025-09-23 11:27:11,702 [3] INFO  ZOHAIB - Priority : 47271, User Count : 2, Queue : 0
2025-09-23 11:27:11,706 [10] INFO  ZOHAIB - Invalid/Empty Current Folder
2025-09-23 11:27:13,730 [10] INFO  ZOHAIB - Priority : 0, User Count : 1, Queue : 0
2025-09-23 11:27:13,740 [10] INFO  ZOHAIB - Your session has expired. Please log in again.
2025-09-23 11:52:26,028 [1] INFO  ZOHAIB - Application Closing 47271
2025-09-24 13:49:08,789 [1] INFO  ZOHAIB - Priority : 47501, User Count : 3, Queue : 0
2025-09-24 13:49:08,819 [1] INFO  ZOHAIB - Invalid/Empty Current Folder
2025-09-24 13:49:10,839 [12] INFO  ZOHAIB - Priority : 47501, User Count : 3, Queue : 0
2025-09-24 13:49:10,857 [12] INFO  ZOHAIB - Invalid/Empty Current Folder
2025-09-24 13:49:12,895 [16] INFO  ZOHAIB - Priority : 47501, User Count : 3, Queue : 0
2025-09-24 13:49:12,914 [16] INFO  ZOHAIB - Invalid/Empty Current Folder
2025-09-24 13:49:14,941 [3] INFO  ZOHAIB - Priority : 47501, User Count : 3, Queue : 0
2025-09-24 13:49:14,953 [4] INFO  ZOHAIB - Invalid/Empty Current Folder
2025-09-24 13:49:16,986 [12] INFO  ZOHAIB - Priority : 47501, User Count : 3, Queue : 0
2025-09-24 13:49:16,996 [12] INFO  ZOHAIB - Invalid/Empty Current Folder
2025-09-24 13:49:19,064 [16] INFO  ZOHAIB - Priority : 47501, User Count : 3, Queue : 0
2025-09-24 13:49:19,073 [16] INFO  ZOHAIB - Invalid/Empty Current Folder
2025-09-24 13:49:21,142 [16] INFO  ZOHAIB - Priority : 47501, User Count : 3, Queue : 0
2025-09-24 13:49:21,158 [16] INFO  ZOHAIB - Invalid/Empty Current Folder
2025-09-24 13:49:23,221 [11] INFO  ZOHAIB - Priority : 47501, User Count : 3, Queue : 0
2025-09-24 13:49:23,230 [11] INFO  ZOHAIB - Invalid/Empty Current Folder
2025-09-24 13:49:25,281 [16] INFO  ZOHAIB - Priority : 47501, User Count : 3, Queue : 0
2025-09-24 13:49:25,290 [16] INFO  ZOHAIB - Invalid/Empty Current Folder
2025-09-24 13:49:27,348 [10] INFO  ZOHAIB - Priority : 47501, User Count : 3, Queue : 0
2025-09-24 13:49:27,353 [10] INFO  ZOHAIB - Invalid/Empty Current Folder
2025-09-24 13:49:29,369 [3] INFO  ZOHAIB - Priority : 47501, User Count : 3, Queue : 0
2025-09-24 13:49:29,373 [3] INFO  ZOHAIB - Invalid/Empty Current Folder
2025-09-24 13:49:31,414 [4] INFO  ZOHAIB - Priority : 47501, User Count : 3, Queue : 0
2025-09-24 13:49:31,427 [4] INFO  ZOHAIB - Invalid/Empty Current Folder
2025-09-24 13:49:33,469 [7] INFO  ZOHAIB - Priority : 47501, User Count : 3, Queue : 0
2025-09-24 13:49:33,476 [7] INFO  ZOHAIB - Invalid/Empty Current Folder
2025-09-24 13:49:34,111 [1] INFO  ZOHAIB - Application Closing 47501
2025-09-25 11:23:42,030 [1] INFO  ZOHAIB - Priority : 47688, User Count : 1, Queue : 0
2025-09-25 11:23:42,053 [1] INFO  ZOHAIB - Invalid/Empty Current Folder
2025-09-25 11:23:47,958 [4] INFO  ZOHAIB - Priority : 47688, User Count : 1, Queue : 0
2025-09-25 11:23:47,969 [3] INFO  ZOHAIB - Invalid/Empty Current Folder
2025-09-25 11:24:28,213 [1] INFO  ZOHAIB - Priority : 47689, User Count : 1, Queue : 782
2025-09-25 11:24:28,312 [1] INFO  ZOHAIB - Loading Current Folder : 7271758729235325_727_129_0_1
2025-09-25 11:24:28,479 [1] INFO  ZOHAIB - ANPR direction: , 0
2025-09-25 11:24:28,496 [1] INFO  ZOHAIB - Loaded Current Folder : 7271758729235325_727_129_0_1
2025-09-25 11:25:39,655 [1] INFO  ZOHAIB - Priority : 47690, User Count : 1, Queue : 786
2025-09-25 11:25:39,749 [1] INFO  ZOHAIB - Loading Current Folder : 7271758729235325_727_129_0_1
2025-09-25 11:25:39,915 [1] INFO  ZOHAIB - ANPR direction: , 0
2025-09-25 11:25:39,929 [1] INFO  ZOHAIB - Loaded Current Folder : 7271758729235325_727_129_0_1
2025-09-25 11:25:48,454 [1] INFO  ZOHAIB - Priority : 47690, User Count : 1, Queue : 1337
2025-09-25 11:25:48,505 [1] INFO  ZOHAIB - Loading Current Folder : 7271758729235325_727_129_0_1
2025-09-25 11:25:48,515 [1] INFO  ZOHAIB - ANPR direction: , 0
2025-09-25 11:25:48,522 [1] INFO  ZOHAIB - Loaded Current Folder : 7271758729235325_727_129_0_1
2025-09-25 11:25:52,488 [1] INFO  ZOHAIB - Application Closing 47690
2025-09-25 11:27:05,256 [1] INFO  ZOHAIB - Priority : 47691, User Count : 1, Queue : 788
2025-09-25 11:27:05,292 [1] INFO  ZOHAIB - Loading Current Folder : 7271758729235325_727_129_0_1
2025-09-25 11:27:05,455 [1] INFO  ZOHAIB - ANPR direction: , 0
2025-09-25 11:27:05,468 [1] INFO  ZOHAIB - Loaded Current Folder : 7271758729235325_727_129_0_1
2025-09-25 11:27:33,603 [1] INFO  ZOHAIB - Priority : 47691, User Count : 1, Queue : 1344
2025-09-25 11:27:33,619 [1] INFO  ZOHAIB - Loading Current Folder : 7271758729235325_727_129_0_1
2025-09-25 11:27:33,643 [1] INFO  ZOHAIB - ANPR direction: , 0
2025-09-25 11:27:33,650 [1] INFO  ZOHAIB - Loaded Current Folder : 7271758729235325_727_129_0_1
2025-09-25 11:29:41,810 [1] INFO  ZOHAIB - Priority : 47692, User Count : 1, Queue : 795
2025-09-25 11:29:41,926 [1] INFO  ZOHAIB - Loading Current Folder : 7271758729235325_727_129_0_1
2025-09-25 11:29:42,094 [1] INFO  ZOHAIB - ANPR direction: , 0
2025-09-25 11:29:42,108 [1] INFO  ZOHAIB - Loaded Current Folder : 7271758729235325_727_129_0_1
2025-09-25 11:30:08,732 [1] INFO  ZOHAIB - Priority : 47693, User Count : 1, Queue : 795
2025-09-25 11:30:08,863 [1] INFO  ZOHAIB - Loading Current Folder : 7271758729235325_727_129_0_1
2025-09-25 11:30:09,020 [1] INFO  ZOHAIB - ANPR direction: , 0
2025-09-25 11:30:09,038 [1] INFO  ZOHAIB - Loaded Current Folder : 7271758729235325_727_129_0_1
2025-09-25 11:30:15,337 [1] INFO  ZOHAIB - Priority : 47693, User Count : 1, Queue : 1351
2025-09-25 11:30:15,358 [1] INFO  ZOHAIB - Loading Current Folder : 7271758729235325_727_129_0_1
2025-09-25 11:30:15,373 [1] INFO  ZOHAIB - ANPR direction: , 0
2025-09-25 11:30:15,383 [1] INFO  ZOHAIB - Loaded Current Folder : 7271758729235325_727_129_0_1
2025-09-25 11:30:17,217 [1] INFO  ZOHAIB - Priority : 47693, User Count : 1, Queue : 1351
2025-09-25 11:30:17,230 [1] INFO  ZOHAIB - Loading Current Folder : 7271758729235325_727_129_0_1
2025-09-25 11:30:17,240 [1] INFO  ZOHAIB - ANPR direction: , 0
2025-09-25 11:30:17,246 [1] INFO  ZOHAIB - Loaded Current Folder : 7271758729235325_727_129_0_1
2025-09-25 11:30:19,092 [1] INFO  ZOHAIB - Priority : 47693, User Count : 1, Queue : 1351
2025-09-25 11:30:19,105 [1] INFO  ZOHAIB - Loading Current Folder : 7271758729235325_727_129_0_1
2025-09-25 11:30:19,118 [1] INFO  ZOHAIB - ANPR direction: , 0
2025-09-25 11:30:19,124 [1] INFO  ZOHAIB - Loaded Current Folder : 7271758729235325_727_129_0_1
2025-09-25 11:30:20,909 [1] INFO  ZOHAIB - Priority : 47693, User Count : 1, Queue : 1351
2025-09-25 11:30:20,920 [1] INFO  ZOHAIB - Loading Current Folder : 7271758729235325_727_129_0_1
2025-09-25 11:30:20,935 [1] INFO  ZOHAIB - ANPR direction: , 0
2025-09-25 11:30:20,940 [1] INFO  ZOHAIB - Loaded Current Folder : 7271758729235325_727_129_0_1
2025-09-25 11:30:26,324 [1] INFO  ZOHAIB - Application Closing 47693
2025-09-25 11:48:59,002 [1] INFO  ZOHAIB - Priority : 47698, User Count : 1, Queue : 841
2025-09-25 11:48:59,126 [1] INFO  ZOHAIB - Loading Current Folder : 7271758729235325_727_129_0_1
2025-09-25 11:48:59,289 [1] INFO  ZOHAIB - ANPR direction: , 0
2025-09-25 11:48:59,303 [1] INFO  ZOHAIB - Loaded Current Folder : 7271758729235325_727_129_0_1
2025-09-25 11:51:17,822 [1] INFO  ZOHAIB - Application Closing 47698
2025-09-25 12:03:59,061 [1] INFO  ZOHAIB - Priority : 47699, User Count : 1, Queue : 869
2025-09-25 12:03:59,178 [1] INFO  ZOHAIB - Loading Current Folder : 7271758729235325_727_129_0_1
2025-09-25 12:03:59,348 [1] INFO  ZOHAIB - ANPR direction: , 0
2025-09-25 12:03:59,362 [1] INFO  ZOHAIB - Loaded Current Folder : 7271758729235325_727_129_0_1
2025-09-25 12:12:49,304 [1] INFO  ZOHAIB - Priority : 47699, User Count : 1, Queue : 1484
2025-09-25 12:12:49,364 [1] INFO  ZOHAIB - Loading Current Folder : 7271758729235325_727_129_0_1
2025-09-25 12:12:49,393 [1] INFO  ZOHAIB - ANPR direction: , 0
2025-09-25 12:12:49,418 [1] INFO  ZOHAIB - Loaded Current Folder : 7271758729235325_727_129_0_1
2025-09-25 12:27:46,279 [1] INFO  ZOHAIB - Application Closing 47699
2025-09-25 13:15:32,156 [1] INFO  ZOHAIB - Priority : 47710, User Count : 2, Queue : 1022
2025-09-25 13:15:32,276 [1] INFO  ZOHAIB - Loading Current Folder : 11681758738057491_1168_186_0_1
2025-09-25 13:15:32,450 [1] INFO  ZOHAIB - LPR direction: forward, 1
2025-09-25 13:15:32,465 [1] INFO  ZOHAIB - Loaded Current Folder : 11681758738057491_1168_186_0_1
2025-09-25 13:47:31,090 [9] INFO  ZOHAIB - Time-Out, System closing application
2025-09-25 13:47:31,125 [9] INFO  ZOHAIB - Application Closing 47710
2025-09-26 10:47:06,709 [1] INFO  ZOHAIB - Priority : 47871, User Count : 1, Queue : 448
2025-09-26 10:47:06,811 [1] INFO  ZOHAIB - Loading Current Folder : 4081758824506044_408_74_0
2025-09-26 10:47:06,994 [1] INFO  ZOHAIB - Loaded Current Folder : 4081758824506044_408_74_0
2025-09-26 10:50:05,261 [4] INFO  ZOHAIB - Time-Out, System closing application
2025-09-26 10:50:05,274 [4] INFO  ZOHAIB - Application Closing 47871
2025-09-26 10:51:14,168 [1] INFO  ZOHAIB - Priority : 47872, User Count : 1, Queue : 454
2025-09-26 10:51:14,264 [1] INFO  ZOHAIB - Loading Current Folder : 4081758824506044_408_74_0
2025-09-26 10:51:14,454 [1] INFO  ZOHAIB - Loaded Current Folder : 4081758824506044_408_74_0
2025-09-26 10:55:50,725 [1] INFO  ZOHAIB - Priority : 47872, User Count : 1, Queue : 781
2025-09-26 10:55:50,759 [1] INFO  ZOHAIB - Loading Current Folder : 4081758824506044_408_74_0
2025-09-26 10:55:50,792 [1] INFO  ZOHAIB - Loaded Current Folder : 4081758824506044_408_74_0
2025-09-26 10:56:47,514 [1] INFO  ZOHAIB - Priority : 47872, User Count : 1, Queue : 784
2025-09-26 10:56:47,548 [1] INFO  ZOHAIB - Loading Current Folder : 4081758824506044_408_74_0
2025-09-26 10:56:47,564 [1] INFO  ZOHAIB - Loaded Current Folder : 4081758824506044_408_74_0
2025-09-26 10:57:38,529 [1] INFO  ZOHAIB - Priority : 47872, User Count : 1, Queue : 788
2025-09-26 10:57:38,565 [1] INFO  ZOHAIB - Loading Current Folder : 4081758824506044_408_74_0
2025-09-26 10:57:38,585 [1] INFO  ZOHAIB - Loaded Current Folder : 4081758824506044_408_74_0
2025-09-26 10:58:14,462 [1] INFO  ZOHAIB - Application Closing 47872
2025-09-29 10:29:46,883 [1] INFO  ZOHAIB - Priority : 48448, User Count : 1, Queue : 686
2025-09-29 10:29:46,997 [1] INFO  ZOHAIB - Loading Current Folder : 12131759047404157_1213_190_1_1
2025-09-29 10:29:47,177 [1] INFO  ZOHAIB - ANPR direction: , 0
2025-09-29 10:29:47,190 [1] INFO  ZOHAIB - Loaded Current Folder : 12131759047404157_1213_190_1_1
2025-09-29 10:31:41,813 [1] INFO  ZOHAIB - Application Closing 48448
2025-09-30 10:33:00,386 [1] INFO  ZOHAIB - Priority : 48616, User Count : 2, Queue : 275
2025-09-30 10:33:00,489 [1] INFO  ZOHAIB - Loading Current Folder : 11471759170220630_1147_185_1_1
2025-09-30 10:33:00,679 [1] INFO  ZOHAIB - LPR direction: forward, 1
2025-09-30 10:33:00,692 [1] INFO  ZOHAIB - Loaded Current Folder : 11471759170220630_1147_185_1_1
2025-09-30 10:34:18,638 [1] INFO  ZOHAIB - Application Closing 48616
2025-10-06 10:58:18,705 [1] INFO  ZOHAIB - Priority : 49756, User Count : 2, Queue : 220
2025-10-06 10:58:18,799 [1] INFO  ZOHAIB - Loading Current Folder : 12901759718695829_1290_199_1_1
2025-10-06 10:58:18,987 [1] INFO  ZOHAIB - LPR direction: forward, 0
2025-10-06 10:58:19,004 [1] INFO  ZOHAIB - Loaded Current Folder : 12901759718695829_1290_199_1_1
2025-10-06 10:58:39,350 [1] INFO  ZOHAIB - Success, Captured Plate : 9-59548 Sharjah, Corrected Plate : 9-59548 Sharjah, Trans. ID : 12901759718695829 Location : Union Coop - Jumeirah Branch, Type: Plate Correction
2025-10-06 10:58:39,433 [1] INFO  ZOHAIB - Priority : 49756, User Count : 2, Queue : 487
2025-10-06 10:58:39,521 [1] INFO  ZOHAIB - Loading Current Folder : 4021759718771774_402_72_0
2025-10-06 10:58:39,556 [1] INFO  ZOHAIB - Loaded Current Folder : 4021759718771774_402_72_0
2025-10-06 10:58:41,779 [1] INFO  ZOHAIB - Data has been successfully saved in Master Parkonic
2025-10-06 10:58:49,473 [1] INFO  ZOHAIB - Application Closing 49756
2025-10-06 11:49:03,538 [1] INFO  ZOHAIB - Priority : 49763, User Count : 1, Queue : 0
2025-10-06 11:49:03,562 [1] INFO  ZOHAIB - Invalid/Empty Current Folder
2025-10-06 11:49:05,582 [4] INFO  ZOHAIB - Priority : 49763, User Count : 1, Queue : 0
2025-10-06 11:49:05,587 [10] INFO  ZOHAIB - Invalid/Empty Current Folder
2025-10-06 11:49:07,600 [4] INFO  ZOHAIB - Priority : 49763, User Count : 1, Queue : 0
2025-10-06 11:49:07,604 [14] INFO  ZOHAIB - Invalid/Empty Current Folder
2025-10-06 11:49:09,616 [14] INFO  ZOHAIB - Priority : 49763, User Count : 1, Queue : 0
2025-10-06 11:49:09,620 [8] INFO  ZOHAIB - Invalid/Empty Current Folder
2025-10-06 11:49:11,642 [14] INFO  ZOHAIB - Priority : 49763, User Count : 1, Queue : 0
2025-10-06 11:49:11,656 [4] INFO  ZOHAIB - Invalid/Empty Current Folder
2025-10-06 11:49:13,682 [1] INFO  ZOHAIB - Application Closing 49763
2025-10-06 11:49:13,688 [4] INFO  ZOHAIB - Priority : 0, User Count : 0, Queue : 0
2025-10-06 11:49:54,852 [1] INFO  ZOHAIB - Priority : 49764, User Count : 1, Queue : 274
2025-10-06 11:49:54,930 [1] INFO  ZOHAIB - Loading Current Folder : 4021759718771774_402_72_0
2025-10-06 11:49:55,111 [1] INFO  ZOHAIB - Loaded Current Folder : 4021759718771774_402_72_0
2025-10-06 11:53:41,603 [1] INFO  ZOHAIB - Priority : 49765, User Count : 1, Queue : 276
2025-10-06 11:53:41,697 [1] INFO  ZOHAIB - Loading Current Folder : 4021759718771774_402_72_0
2025-10-06 11:53:41,872 [1] INFO  ZOHAIB - Loaded Current Folder : 4021759718771774_402_72_0
2025-10-06 11:54:03,889 [1] INFO  ZOHAIB - Application Closing 49765
2025-11-03 15:01:44,339 [1] INFO  ZOHAIB - Priority : 54605, User Count : 2, Queue : 29
2025-11-03 15:01:44,408 [1] INFO  ZOHAIB - Loading Current Folder : 5231762166504095_523_100_1_1
2025-11-03 15:01:44,586 [1] INFO  ZOHAIB - ANPR direction: , 0
2025-11-03 15:01:44,610 [1] INFO  ZOHAIB - Loaded Current Folder : 5231762166504095_523_100_1_1
2025-11-03 15:01:59,636 [1] INFO  ZOHAIB - Application Closing 54605
2025-11-03 15:02:11,129 [1] INFO  KYAL_ADMIN - Priority : 54606, User Count : 2, Queue : 28
2025-11-03 15:02:11,203 [1] INFO  KYAL_ADMIN - Loading Current Folder : 1611762166396268_161_32_0
2025-11-03 15:02:11,402 [1] INFO  KYAL_ADMIN - Loaded Current Folder : 1611762166396268_161_32_0
2025-11-03 15:02:38,011 [1] INFO  KYAL_ADMIN - Application Closing 54606
2025-11-03 15:31:14,763 [1] INFO  KYAL_ADMIN - Priority : 54615, User Count : 3, Queue : 7
2025-11-03 15:31:14,835 [1] INFO  KYAL_ADMIN - Loading Current Folder : 12881762168904378_1288_199_0_1
2025-11-03 15:31:15,013 [1] INFO  KYAL_ADMIN - ANPR direction: , 0
2025-11-03 15:31:15,036 [1] INFO  KYAL_ADMIN - Loaded Current Folder : 12881762168904378_1288_199_0_1
2025-11-03 15:32:57,798 [1] INFO  ZOHAIB - Priority : 54616, User Count : 4, Queue : 5
2025-11-03 15:32:57,838 [1] INFO  ZOHAIB - Loading Current Folder : 8251762169277610_825_147_1_1
2025-11-03 15:32:58,013 [1] INFO  ZOHAIB - ANPR direction: , 0
2025-11-03 15:32:58,035 [1] INFO  ZOHAIB - Loaded Current Folder : 8251762169277610_825_147_1_1
2025-11-03 15:34:00,208 [1] INFO  ZOHAIB - Application Closing 54616
2025-11-03 18:14:02,576 [1] INFO  KANISHK - Priority : 54691, User Count : 2, Queue : 9
2025-11-03 18:14:02,655 [1] INFO  KANISHK - Loading Current Folder : 11541762170965340_1154_185_1_1
2025-11-03 18:14:02,836 [1] INFO  KANISHK - ANPR direction: , 0
2025-11-03 18:14:02,858 [1] INFO  KANISHK - Loaded Current Folder : 11541762170965340_1154_185_1_1
2025-11-03 18:14:18,684 [1] INFO  KANISHK - Application Closing 54691
2025-11-03 18:14:27,892 [1] INFO  ZOHAIB - Priority : 54692, User Count : 2, Queue : 10
2025-11-03 18:14:27,960 [1] INFO  ZOHAIB - Loading Current Folder : 8251762178612461_825_147_1_1
2025-11-03 18:14:28,131 [1] INFO  ZOHAIB - ANPR direction: , 0
2025-11-03 18:14:28,151 [1] INFO  ZOHAIB - Loaded Current Folder : 8251762178612461_825_147_1_1
2025-11-03 18:14:39,670 [1] INFO  ZOHAIB - Application Closing 54692
2025-11-10 16:58:35,603 [1] INFO  SAQIB - Priority : 56077, User Count : 3, Queue : 397
2025-11-10 16:58:35,832 [1] INFO  SAQIB - Loading Current Folder : 7161762766179300_716_126_1_1
2025-11-10 16:58:36,061 [1] INFO  SAQIB - ANPR direction: , 0
2025-11-10 16:58:36,080 [1] INFO  SAQIB - Loaded Current Folder : 7161762766179300_716_126_1_1
2025-11-10 17:00:12,132 [1] INFO  SAQIB - Priority : 56078, User Count : 1, Queue : 393
2025-11-10 17:00:12,305 [1] INFO  SAQIB - Loading Current Folder : 7161762766179300_716_126_1_1
2025-11-10 17:00:12,498 [1] INFO  SAQIB - ANPR direction: , 0
2025-11-10 17:00:12,512 [1] INFO  SAQIB - Loaded Current Folder : 7161762766179300_716_126_1_1
2025-11-10 17:01:08,348 [1] INFO  SAQIB - Priority : 56079, User Count : 1, Queue : 389
2025-11-10 17:01:08,679 [1] INFO  SAQIB - Loading Current Folder : 7161762766179300_716_126_1_1
2025-11-10 17:01:08,866 [1] INFO  SAQIB - ANPR direction: , 0
2025-11-10 17:01:08,877 [1] INFO  SAQIB - Loaded Current Folder : 7161762766179300_716_126_1_1
2025-11-10 17:01:20,600 [1] INFO  SAQIB - Application Closing 56079
2025-11-10 17:01:55,402 [1] INFO  SAQIB - Priority : 56080, User Count : 1, Queue : 389
2025-11-10 17:01:55,686 [1] INFO  SAQIB - Loading Current Folder : 9081762766404549_908_159_1_1
2025-11-10 17:01:55,938 [1] INFO  SAQIB - ANPR direction: , 0
2025-11-10 17:01:55,952 [1] INFO  SAQIB - Loaded Current Folder : 9081762766404549_908_159_1_1
2025-11-10 17:02:47,454 [1] INFO  SAQIB - Application Closing 56080
2025-11-10 17:04:04,585 [1] INFO  KYAL_ADMIN - Priority : 56081, User Count : 3, Queue : 392
2025-11-10 17:04:04,779 [1] INFO  KYAL_ADMIN - Loading Current Folder : 9801762766534532_980_170_1_1
2025-11-10 17:04:05,035 [1] INFO  KYAL_ADMIN - ANPR direction: , 1
2025-11-10 17:04:05,049 [1] INFO  KYAL_ADMIN - Loaded Current Folder : 9801762766534532_980_170_1_1
2025-11-10 17:04:17,042 [1] INFO  KYAL_ADMIN - Application Closing 56081
2025-11-10 17:04:43,732 [1] INFO  KYAL_ADMIN - Priority : 56082, User Count : 1, Queue : 393
2025-11-10 17:04:44,025 [1] INFO  KYAL_ADMIN - Loading Current Folder : 9801762766534532_980_170_1_1
2025-11-10 17:04:44,204 [1] INFO  KYAL_ADMIN - ANPR direction: , 1
2025-11-10 17:04:44,217 [1] INFO  KYAL_ADMIN - Loaded Current Folder : 9801762766534532_980_170_1_1
2025-11-10 17:04:50,295 [1] INFO  KYAL_ADMIN - Error frmReports_Load : InvalidArgument=Value of '0' is not valid for 'SelectedIndex'.
Parameter name: SelectedIndex
2025-11-10 17:05:11,219 [1] INFO  KYAL_ADMIN - Application Closing 56082
2025-11-10 17:31:30,416 [1] INFO  KYAL_ADMIN - Priority : 56091, User Count : 1, Queue : 352
2025-11-10 17:31:30,590 [1] INFO  KYAL_ADMIN - Loading Current Folder : 12891762768803348_1289_199_0_1
2025-11-10 17:31:30,802 [1] INFO  KYAL_ADMIN - ANPR direction: , 0
2025-11-10 17:31:30,814 [1] INFO  KYAL_ADMIN - Loaded Current Folder : 12891762768803348_1289_199_0_1
2025-11-10 17:34:31,524 [1] INFO  KYAL_ADMIN - Priority : 56093, User Count : 1, Queue : 348
2025-11-10 17:34:31,693 [1] INFO  KYAL_ADMIN - Loading Current Folder : 12891762768803348_1289_199_0_1
2025-11-10 17:34:31,894 [1] INFO  KYAL_ADMIN - ANPR direction: , 0
2025-11-10 17:34:31,906 [1] INFO  KYAL_ADMIN - Loaded Current Folder : 12891762768803348_1289_199_0_1
2025-11-10 17:34:38,559 [1] INFO  KYAL_ADMIN - Application Closing 56093
2025-11-10 17:35:10,650 [1] INFO  KYAL_ADMIN - Priority : 56094, User Count : 1, Queue : 344
2025-11-10 17:35:10,894 [1] INFO  KYAL_ADMIN - Loading Current Folder : 12951762769265420_1295_199_1_1
2025-11-10 17:35:11,086 [1] INFO  KYAL_ADMIN - LPR direction: reverse, 0
2025-11-10 17:35:11,098 [1] INFO  KYAL_ADMIN - Loaded Current Folder : 12951762769265420_1295_199_1_1
2025-11-10 17:35:21,895 [1] INFO  KYAL_ADMIN - Application Closing 56094
2025-11-10 17:37:40,700 [1] INFO  KYAL_ADMIN - Priority : 56096, User Count : 1, Queue : 338
2025-11-10 17:37:41,987 [1] INFO  KYAL_ADMIN - Loading Current Folder : 3681762769768205_368_65_0_1
2025-11-10 17:37:42,249 [1] INFO  KYAL_ADMIN - Loaded Current Folder : 3681762769768205_368_65_0_1
2025-11-10 17:37:45,926 [1] INFO  KYAL_ADMIN - Application Closing 56096
2025-11-10 17:59:26,446 [1] INFO  KYAL_ADMIN - Priority : 56124, User Count : 1, Queue : 377
2025-11-10 17:59:26,670 [1] INFO  KYAL_ADMIN - Loading Current Folder : 12881762770198509_1288_199_0_1
2025-11-10 17:59:26,854 [1] INFO  KYAL_ADMIN - LPR direction: forward, 1
2025-11-10 17:59:26,875 [1] INFO  KYAL_ADMIN - Loaded Current Folder : 12881762770198509_1288_199_0_1
2025-11-10 17:59:42,157 [1] INFO  KYAL_ADMIN - Application Closing 56124
2025-11-10 18:27:02,858 [1] INFO  KYAL_ADMIN - Priority : 56143, User Count : 1, Queue : 333
2025-11-10 18:27:03,014 [1] INFO  KYAL_ADMIN - Loading Current Folder : 6351762765191401_635_113_1_1
2025-11-10 18:27:03,201 [1] INFO  KYAL_ADMIN - ANPR direction: , 0
2025-11-10 18:27:03,218 [1] INFO  KYAL_ADMIN - Loaded Current Folder : 6351762765191401_635_113_1_1
2025-11-10 18:27:11,537 [1] INFO  KYAL_ADMIN - Error btnSearch_Click : Object reference not set to an instance of an object.
2025-11-10 18:27:23,305 [1] INFO  KYAL_ADMIN - Application Closing 56143
2025-11-10 18:27:54,205 [1] INFO  KYAL_ADMIN - Priority : 56144, User Count : 1, Queue : 332
2025-11-10 18:27:54,364 [1] INFO  KYAL_ADMIN - Loading Current Folder : 4861762773617050_486_91_0_1
2025-11-10 18:27:54,547 [1] INFO  KYAL_ADMIN - LPR direction: forward, 1
2025-11-10 18:27:54,562 [1] INFO  KYAL_ADMIN - Loaded Current Folder : 4861762773617050_486_91_0_1
2025-11-10 18:28:19,210 [1] INFO  KYAL_ADMIN - Application Closing 56144
2025-11-11 10:22:57,839 [1] INFO  KYAL_ADMIN - Priority : 56214, User Count : 1, Queue : 603
2025-11-11 10:22:58,077 [1] INFO  KYAL_ADMIN - Loading Current Folder : 12901762792700089_1290_199_1_1
2025-11-11 10:22:58,295 [1] INFO  KYAL_ADMIN - ANPR direction: , 1
2025-11-11 10:22:58,309 [1] INFO  KYAL_ADMIN - Loaded Current Folder : 12901762792700089_1290_199_1_1
2025-11-11 10:23:07,148 [1] INFO  KYAL_ADMIN - Error btnSearch_Click : Object reference not set to an instance of an object.
2025-11-11 10:24:28,008 [1] INFO  KYAL_ADMIN - Priority : 56215, User Count : 1, Queue : 605
2025-11-11 10:24:28,240 [1] INFO  KYAL_ADMIN - Loading Current Folder : 12901762792700089_1290_199_1_1
2025-11-11 10:24:28,406 [1] INFO  KYAL_ADMIN - ANPR direction: , 1
2025-11-11 10:24:28,421 [1] INFO  KYAL_ADMIN - Loaded Current Folder : 12901762792700089_1290_199_1_1
2025-11-11 10:24:51,075 [1] INFO  KYAL_ADMIN - Application Closing 56215
2025-11-11 10:58:18,470 [1] INFO  KYAL_ADMIN - Priority : 56223, User Count : 1, Queue : 639
2025-11-11 10:58:18,690 [1] INFO  KYAL_ADMIN - Loading Current Folder : 9791762793061929_979_170_0_1
2025-11-11 10:58:18,872 [1] INFO  KYAL_ADMIN - ANPR direction: N/A, 0
2025-11-11 10:58:18,886 [1] INFO  KYAL_ADMIN - Loaded Current Folder : 9791762793061929_979_170_0_1
2025-11-11 10:58:26,423 [1] INFO  KYAL_ADMIN - Error LoadImageAsync : Could not find a part of the path 'S:\1411762764552458_141_25_1_1'.
2025-11-11 10:58:26,470 [1] INFO  KYAL_ADMIN - Error LoadImageAsync : Could not find a part of the path 'S:\4931762804776177_493_93_1_1'.
2025-11-11 10:58:26,532 [1] INFO  KYAL_ADMIN - Error LoadImageAsync : Could not find a part of the path 'S:\2071762804809829_207_39_1'.
2025-11-11 10:58:26,622 [1] INFO  KYAL_ADMIN - Error LoadImageAsync : Could not find a part of the path 'S:\7211762804835086_721_129_1_1'.
2025-11-11 10:58:26,675 [1] INFO  KYAL_ADMIN - Error LoadImageAsync : Could not find a part of the path 'S:\3261762804849077_326_33_1_1'.
2025-11-11 10:58:26,705 [1] INFO  KYAL_ADMIN - Error LoadImageAsync : Could not find a part of the path 'S:\1781762785357778_178_36_0_1'.
2025-11-11 10:58:26,779 [1] INFO  KYAL_ADMIN - Error LoadImageAsync : Could not find a part of the path 'S:\3261762804871796_326_33_1_1'.
2025-11-11 10:58:26,812 [1] INFO  KYAL_ADMIN - Error LoadImageAsync : Could not find a part of the path 'S:\9801762804873433_980_170_1_1'.
2025-11-11 10:58:26,892 [1] INFO  KYAL_ADMIN - Error LoadImageAsync : Could not find a part of the path 'S:\3931762804908351_393_67_1_1'.
2025-11-11 10:58:27,006 [1] INFO  KYAL_ADMIN - Error LoadImageAsync : Could not find a part of the path 'S:\13651762804944170_1365_206_1_1'.
2025-11-11 10:58:27,047 [1] INFO  KYAL_ADMIN - Error LoadImageAsync : Could not find a part of the path 'S:\14431762804971706_1443_209_1_1'.
2025-11-11 10:58:27,074 [1] INFO  KYAL_ADMIN - Error LoadImageAsync : Could not find a part of the path 'S:\6981762804959349_698_125_1_1'.
2025-11-11 10:58:27,177 [1] INFO  KYAL_ADMIN - Error LoadImageAsync : Could not find a part of the path 'S:\7921762804977172_792_143_0_1'.
2025-11-11 10:58:27,355 [1] INFO  KYAL_ADMIN - Error LoadImageAsync : Could not find a part of the path 'S:\2051762805006241_205_39_0'.
2025-11-11 10:58:27,474 [1] INFO  KYAL_ADMIN - Error LoadImageAsync : Could not find a part of the path 'S:\12381762805018723_1238_192_1_1'.
2025-11-11 10:59:38,226 [1] INFO  KYAL_ADMIN - Priority : 56224, User Count : 1, Queue : 637
2025-11-11 10:59:38,475 [1] INFO  KYAL_ADMIN - Loading Current Folder : 9791762793061929_979_170_0_1
2025-11-11 10:59:38,648 [1] INFO  KYAL_ADMIN - ANPR direction: N/A, 0
2025-11-11 10:59:38,664 [1] INFO  KYAL_ADMIN - Loaded Current Folder : 9791762793061929_979_170_0_1
2025-11-11 11:00:40,533 [1] INFO  KYAL_ADMIN - Error LoadImageAsync : Could not find a part of the path 'S:\1411762764552458_141_25_1_1'.
2025-11-11 11:00:40,580 [1] INFO  KYAL_ADMIN - Error LoadImageAsync : Could not find a part of the path 'S:\4931762804776177_493_93_1_1'.
2025-11-11 11:00:40,625 [1] INFO  KYAL_ADMIN - Error LoadImageAsync : Could not find a part of the path 'S:\2071762804809829_207_39_1'.
2025-11-11 11:00:40,662 [1] INFO  KYAL_ADMIN - Error LoadImageAsync : Could not find a part of the path 'S:\7211762804835086_721_129_1_1'.
2025-11-11 11:00:40,699 [1] INFO  KYAL_ADMIN - Error LoadImageAsync : Could not find a part of the path 'S:\3261762804849077_326_33_1_1'.
2025-11-11 11:00:40,736 [1] INFO  KYAL_ADMIN - Error LoadImageAsync : Could not find a part of the path 'S:\1781762785357778_178_36_0_1'.
2025-11-11 11:00:40,859 [1] INFO  KYAL_ADMIN - Error LoadImageAsync : Could not find a part of the path 'S:\3261762804871796_326_33_1_1'.
2025-11-11 11:00:40,898 [1] INFO  KYAL_ADMIN - Error LoadImageAsync : Could not find a part of the path 'S:\9801762804873433_980_170_1_1'.
2025-11-11 11:00:41,013 [1] INFO  KYAL_ADMIN - Error LoadImageAsync : Could not find a part of the path 'S:\3931762804908351_393_67_1_1'.
2025-11-11 11:00:41,137 [1] INFO  KYAL_ADMIN - Error LoadImageAsync : Could not find a part of the path 'S:\13651762804944170_1365_206_1_1'.
2025-11-11 11:00:41,192 [1] INFO  KYAL_ADMIN - Error LoadImageAsync : Could not find a part of the path 'S:\14431762804971706_1443_209_1_1'.
2025-11-11 11:00:41,216 [1] INFO  KYAL_ADMIN - Error LoadImageAsync : Could not find a part of the path 'S:\6981762804959349_698_125_1_1'.
2025-11-11 11:00:41,308 [1] INFO  KYAL_ADMIN - Error LoadImageAsync : Could not find a part of the path 'S:\7921762804977172_792_143_0_1'.
2025-11-11 11:00:41,424 [1] INFO  KYAL_ADMIN - Error LoadImageAsync : Could not find a part of the path 'S:\2051762805006241_205_39_0'.
2025-11-11 11:00:41,547 [1] INFO  KYAL_ADMIN - Error LoadImageAsync : Could not find a part of the path 'S:\12381762805018723_1238_192_1_1'.
2025-11-11 11:03:10,233 [1] INFO  KYAL_ADMIN - Error LoadImageAsync : Could not find a part of the path 'S:\1411762764552458_141_25_1_1'.
2025-11-11 11:03:10,276 [1] INFO  KYAL_ADMIN - Error LoadImageAsync : Could not find a part of the path 'S:\4931762804776177_493_93_1_1'.
2025-11-11 11:03:10,320 [1] INFO  KYAL_ADMIN - Error LoadImageAsync : Could not find a part of the path 'S:\2071762804809829_207_39_1'.
2025-11-11 11:03:10,362 [1] INFO  KYAL_ADMIN - Error LoadImageAsync : Could not find a part of the path 'S:\7211762804835086_721_129_1_1'.
2025-11-11 11:03:10,402 [1] INFO  KYAL_ADMIN - Error LoadImageAsync : Could not find a part of the path 'S:\3261762804849077_326_33_1_1'.
2025-11-11 11:03:10,430 [1] INFO  KYAL_ADMIN - Error LoadImageAsync : Could not find a part of the path 'S:\1781762785357778_178_36_0_1'.
2025-11-11 11:03:10,508 [1] INFO  KYAL_ADMIN - Error LoadImageAsync : Could not find a part of the path 'S:\3261762804871796_326_33_1_1'.
2025-11-11 11:03:10,541 [1] INFO  KYAL_ADMIN - Error LoadImageAsync : Could not find a part of the path 'S:\9801762804873433_980_170_1_1'.
2025-11-11 11:03:10,611 [1] INFO  KYAL_ADMIN - Error LoadImageAsync : Could not find a part of the path 'S:\3931762804908351_393_67_1_1'.
2025-11-11 11:03:10,771 [1] INFO  KYAL_ADMIN - Error LoadImageAsync : Could not find a part of the path 'S:\13651762804944170_1365_206_1_1'.
2025-11-11 11:03:10,897 [1] INFO  KYAL_ADMIN - Error LoadImageAsync : Could not find a part of the path 'S:\14431762804971706_1443_209_1_1'.
2025-11-11 11:03:10,922 [1] INFO  KYAL_ADMIN - Error LoadImageAsync : Could not find a part of the path 'S:\6981762804959349_698_125_1_1'.
2025-11-11 11:03:11,048 [1] INFO  KYAL_ADMIN - Error LoadImageAsync : Could not find a part of the path 'S:\7921762804977172_792_143_0_1'.
2025-11-11 11:03:11,200 [1] INFO  KYAL_ADMIN - Error LoadImageAsync : Could not find a part of the path 'S:\2051762805006241_205_39_0'.
2025-11-11 11:03:11,394 [1] INFO  KYAL_ADMIN - Error LoadImageAsync : Could not find a part of the path 'S:\12381762805018723_1238_192_1_1'.
2025-11-11 11:03:51,860 [1] INFO  KYAL_ADMIN - Error LoadImageAsync : Could not find a part of the path 'S:\1411762764552458_141_25_1_1'.
2025-11-11 11:03:51,909 [1] INFO  KYAL_ADMIN - Error LoadImageAsync : Could not find a part of the path 'S:\4931762804776177_493_93_1_1'.
2025-11-11 11:03:51,969 [1] INFO  KYAL_ADMIN - Error LoadImageAsync : Could not find a part of the path 'S:\2071762804809829_207_39_1'.
2025-11-11 11:03:52,012 [1] INFO  KYAL_ADMIN - Error LoadImageAsync : Could not find a part of the path 'S:\7211762804835086_721_129_1_1'.
2025-11-11 11:03:52,052 [1] INFO  KYAL_ADMIN - Error LoadImageAsync : Could not find a part of the path 'S:\3261762804849077_326_33_1_1'.
2025-11-11 11:03:52,088 [1] INFO  KYAL_ADMIN - Error LoadImageAsync : Could not find a part of the path 'S:\1781762785357778_178_36_0_1'.
2025-11-11 11:03:52,186 [1] INFO  KYAL_ADMIN - Error LoadImageAsync : Could not find a part of the path 'S:\3261762804871796_326_33_1_1'.
2025-11-11 11:03:52,217 [1] INFO  KYAL_ADMIN - Error LoadImageAsync : Could not find a part of the path 'S:\9801762804873433_980_170_1_1'.
2025-11-11 11:03:52,282 [1] INFO  KYAL_ADMIN - Error LoadImageAsync : Could not find a part of the path 'S:\3931762804908351_393_67_1_1'.
2025-11-11 11:03:52,399 [1] INFO  KYAL_ADMIN - Error LoadImageAsync : Could not find a part of the path 'S:\13651762804944170_1365_206_1_1'.
2025-11-11 11:03:52,432 [1] INFO  KYAL_ADMIN - Error LoadImageAsync : Could not find a part of the path 'S:\14431762804971706_1443_209_1_1'.
2025-11-11 11:03:52,458 [1] INFO  KYAL_ADMIN - Error LoadImageAsync : Could not find a part of the path 'S:\6981762804959349_698_125_1_1'.
2025-11-11 11:03:52,541 [1] INFO  KYAL_ADMIN - Error LoadImageAsync : Could not find a part of the path 'S:\7921762804977172_792_143_0_1'.
2025-11-11 11:03:52,662 [1] INFO  KYAL_ADMIN - Error LoadImageAsync : Could not find a part of the path 'S:\2051762805006241_205_39_0'.
2025-11-11 11:03:52,780 [1] INFO  KYAL_ADMIN - Error LoadImageAsync : Could not find a part of the path 'S:\12381762805018723_1238_192_1_1'.
2025-11-11 11:04:11,668 [1] INFO  KYAL_ADMIN - Error LoadImageAsync : Could not find a part of the path 'S:\1411762764552458_141_25_1_1'.
2025-11-11 11:04:11,713 [1] INFO  KYAL_ADMIN - Error LoadImageAsync : Could not find a part of the path 'S:\4931762804776177_493_93_1_1'.
2025-11-11 11:04:11,756 [1] INFO  KYAL_ADMIN - Error LoadImageAsync : Could not find a part of the path 'S:\2071762804809829_207_39_1'.
2025-11-11 11:04:11,812 [1] INFO  KYAL_ADMIN - Error LoadImageAsync : Could not find a part of the path 'S:\7211762804835086_721_129_1_1'.
2025-11-11 11:04:11,847 [1] INFO  KYAL_ADMIN - Error LoadImageAsync : Could not find a part of the path 'S:\3261762804849077_326_33_1_1'.
2025-11-11 11:04:11,876 [1] INFO  KYAL_ADMIN - Error LoadImageAsync : Could not find a part of the path 'S:\1781762785357778_178_36_0_1'.
2025-11-11 11:04:12,005 [1] INFO  KYAL_ADMIN - Error LoadImageAsync : Could not find a part of the path 'S:\3261762804871796_326_33_1_1'.
2025-11-11 11:04:12,041 [1] INFO  KYAL_ADMIN - Error LoadImageAsync : Could not find a part of the path 'S:\9801762804873433_980_170_1_1'.
2025-11-11 11:04:12,108 [1] INFO  KYAL_ADMIN - Error LoadImageAsync : Could not find a part of the path 'S:\3931762804908351_393_67_1_1'.
2025-11-11 11:04:12,228 [1] INFO  KYAL_ADMIN - Error LoadImageAsync : Could not find a part of the path 'S:\13651762804944170_1365_206_1_1'.
2025-11-11 11:04:12,267 [1] INFO  KYAL_ADMIN - Error LoadImageAsync : Could not find a part of the path 'S:\14431762804971706_1443_209_1_1'.
2025-11-11 11:04:12,298 [1] INFO  KYAL_ADMIN - Error LoadImageAsync : Could not find a part of the path 'S:\6981762804959349_698_125_1_1'.
2025-11-11 11:04:12,394 [1] INFO  KYAL_ADMIN - Error LoadImageAsync : Could not find a part of the path 'S:\7921762804977172_792_143_0_1'.
2025-11-11 11:04:12,530 [1] INFO  KYAL_ADMIN - Error LoadImageAsync : Could not find a part of the path 'S:\2051762805006241_205_39_0'.
2025-11-11 11:04:12,642 [1] INFO  KYAL_ADMIN - Error LoadImageAsync : Could not find a part of the path 'S:\12381762805018723_1238_192_1_1'.
2025-11-11 11:04:17,135 [1] INFO  KYAL_ADMIN - Application Closing 56224
2025-11-11 11:05:00,797 [1] INFO  KYAL_ADMIN - Priority : 56226, User Count : 1, Queue : 624
2025-11-11 11:05:07,313 [1] INFO  KYAL_ADMIN - Loading Current Folder : 12891762793458785_1289_199_0_1
2025-11-11 11:05:19,775 [1] INFO  KYAL_ADMIN - ANPR direction: , 0
2025-11-11 11:05:34,794 [1] INFO  KYAL_ADMIN - Loaded Current Folder : 12891762793458785_1289_199_0_1
2025-11-11 11:06:40,907 [1] INFO  KYAL_ADMIN - Priority : 56226, User Count : 1, Queue : 1325
2025-11-11 11:06:41,113 [1] INFO  KYAL_ADMIN - Loading Current Folder : 12891762793458785_1289_199_0_1
2025-11-11 11:06:41,148 [1] INFO  KYAL_ADMIN - ANPR direction: , 0
2025-11-11 11:06:41,153 [1] INFO  KYAL_ADMIN - Loaded Current Folder : 12891762793458785_1289_199_0_1
2025-11-11 11:07:00,758 [1] INFO  KYAL_ADMIN - Priority : 56226, User Count : 1, Queue : 1325
2025-11-11 11:07:01,063 [1] INFO  KYAL_ADMIN - Loading Current Folder : 12891762793458785_1289_199_0_1
2025-11-11 11:07:01,125 [1] INFO  KYAL_ADMIN - ANPR direction: , 0
2025-11-11 11:07:01,131 [1] INFO  KYAL_ADMIN - Loaded Current Folder : 12891762793458785_1289_199_0_1
2025-11-11 11:07:20,320 [1] INFO  KYAL_ADMIN - Priority : 56226, User Count : 1, Queue : 1325
2025-11-11 11:07:20,543 [1] INFO  KYAL_ADMIN - Loading Current Folder : 12891762793458785_1289_199_0_1
2025-11-11 11:07:20,610 [1] INFO  KYAL_ADMIN - ANPR direction: , 0
2025-11-11 11:07:20,620 [1] INFO  KYAL_ADMIN - Loaded Current Folder : 12891762793458785_1289_199_0_1
2025-11-11 11:08:13,963 [1] INFO  KYAL_ADMIN - Priority : 56226, User Count : 1, Queue : 1320
2025-11-11 11:08:14,215 [1] INFO  KYAL_ADMIN - Loading Current Folder : 12891762793458785_1289_199_0_1
2025-11-11 11:08:14,308 [1] INFO  KYAL_ADMIN - ANPR direction: , 0
2025-11-11 11:08:14,315 [1] INFO  KYAL_ADMIN - Loaded Current Folder : 12891762793458785_1289_199_0_1
2025-11-11 11:12:49,056 [1] INFO  KYAL_ADMIN - Priority : 56229, User Count : 1, Queue : 613
2025-11-11 11:12:49,287 [1] INFO  KYAL_ADMIN - Loading Current Folder : 14191762794124632_1419_205_1_1
2025-11-11 11:12:49,496 [1] INFO  KYAL_ADMIN - ANPR direction: , 1
2025-11-11 11:12:49,509 [1] INFO  KYAL_ADMIN - Loaded Current Folder : 14191762794124632_1419_205_1_1
2025-11-11 11:13:05,903 [1] INFO  KYAL_ADMIN - Priority : 56229, User Count : 1, Queue : 1297
2025-11-11 11:13:05,933 [1] INFO  KYAL_ADMIN - Loading Current Folder : 14191762794124632_1419_205_1_1
2025-11-11 11:13:05,973 [1] INFO  KYAL_ADMIN - ANPR direction: , 1
2025-11-11 11:13:05,981 [1] INFO  KYAL_ADMIN - Loaded Current Folder : 14191762794124632_1419_205_1_1
2025-11-11 11:13:24,479 [1] INFO  KYAL_ADMIN - Application Closing 56229
2025-11-11 11:13:33,672 [1] INFO  USER1 - Priority : 56230, User Count : 9, Queue : 7
2025-11-11 11:13:33,799 [1] INFO  USER1 - Error lstPendingPlates : Deadlock found when trying to get lock; try restarting transaction
2025-11-11 11:13:33,872 [1] INFO  USER1 - Priority : 56230, User Count : 9, Queue : 12
2025-11-11 11:13:33,949 [1] INFO  USER1 - Loading Current Folder : 12901762845009883_1290_199_1_1
2025-11-11 11:13:34,130 [1] INFO  USER1 - ANPR direction: , 1
2025-11-11 11:13:34,146 [1] INFO  USER1 - Loaded Current Folder : 12901762845009883_1290_199_1_1
2025-11-11 11:13:43,104 [1] INFO  USER1 - Priority : 56230, User Count : 9, Queue : 16
2025-11-11 11:13:43,135 [1] INFO  USER1 - Loading Current Folder : 12901762845009883_1290_199_1_1
2025-11-11 11:13:43,152 [1] INFO  USER1 - ANPR direction: , 1
2025-11-11 11:13:43,162 [1] INFO  USER1 - Loaded Current Folder : 12901762845009883_1290_199_1_1
2025-11-11 11:13:47,566 [1] INFO  USER1 - Priority : 56221, User Count : 9, Queue : 22
2025-11-11 11:13:47,589 [1] INFO  USER1 - Loading Current Folder : 7321762845175687_732_130_0_1
2025-11-11 11:13:47,632 [1] INFO  USER1 - LPR direction: reverse, 1
2025-11-11 11:13:47,643 [1] INFO  USER1 - Loaded Current Folder : 7321762845175687_732_130_0_1
2025-11-11 11:13:54,307 [1] INFO  USER1 - Priority : 56230, User Count : 9, Queue : 25
2025-11-11 11:13:54,340 [1] INFO  USER1 - Loading Current Folder : 7321762845175687_732_130_0_1
2025-11-11 11:13:54,359 [1] INFO  USER1 - LPR direction: reverse, 1
2025-11-11 11:13:54,368 [1] INFO  USER1 - Loaded Current Folder : 7321762845175687_732_130_0_1
2025-11-11 11:13:57,811 [1] INFO  USER1 - Priority : 56230, User Count : 9, Queue : 23
2025-11-11 11:13:57,864 [1] INFO  USER1 - Loading Current Folder : 7321762845175687_732_130_0_1
2025-11-11 11:13:57,893 [1] INFO  USER1 - LPR direction: reverse, 1
2025-11-11 11:13:57,904 [1] INFO  USER1 - Loaded Current Folder : 7321762845175687_732_130_0_1
2025-11-11 11:15:21,646 [1] INFO  KYAL_ADMIN - Priority : 56231, User Count : 1, Queue : 612
2025-11-11 11:15:21,705 [1] INFO  KYAL_ADMIN - Loading Current Folder : 1201762794206667_120_21_0_1
2025-11-11 11:15:21,931 [1] INFO  KYAL_ADMIN - ANPR direction: , 0
2025-11-11 11:15:21,939 [1] INFO  KYAL_ADMIN - get plate enter
2025-11-11 11:15:21,947 [1] INFO  KYAL_ADMIN - Loaded Current Folder : 1201762794206667_120_21_0_1
2025-11-11 11:15:25,945 [1] INFO  KYAL_ADMIN - get plate exit
2025-11-11 11:20:34,663 [1] INFO  KYAL_ADMIN - Priority : 56232, User Count : 1, Queue : 611
2025-11-11 11:20:34,899 [1] INFO  KYAL_ADMIN - Loading Current Folder : 1201762794206667_120_21_0_1
2025-11-11 11:20:35,119 [1] INFO  KYAL_ADMIN - ANPR direction: , 0
2025-11-11 11:20:35,127 [1] INFO  KYAL_ADMIN - get plate enter
2025-11-11 11:20:35,134 [1] INFO  KYAL_ADMIN - Loaded Current Folder : 1201762794206667_120_21_0_1
2025-11-11 11:20:39,054 [1] INFO  KYAL_ADMIN - get plate exit
2025-11-11 11:25:39,757 [1] INFO  KYAL_ADMIN - Priority : 56234, User Count : 1, Queue : 607
2025-11-11 11:25:39,985 [1] INFO  KYAL_ADMIN - Loading Current Folder : 11761762794605789_1176_188_0_1
2025-11-11 11:25:40,195 [1] INFO  KYAL_ADMIN - ANPR direction: , 0
2025-11-11 11:25:40,204 [1] INFO  KYAL_ADMIN - get plate enter
2025-11-11 11:25:40,213 [1] INFO  KYAL_ADMIN - Loaded Current Folder : 11761762794605789_1176_188_0_1
2025-11-11 11:25:40,451 [1] INFO  KYAL_ADMIN - get plate exit
2025-11-11 11:25:50,882 [1] INFO  KYAL_ADMIN - Priority : 56234, User Count : 1, Queue : 1283
2025-11-11 11:25:51,072 [1] INFO  KYAL_ADMIN - Loading Current Folder : 11761762794605789_1176_188_0_1
2025-11-11 11:25:51,113 [1] INFO  KYAL_ADMIN - ANPR direction: , 0
2025-11-11 11:25:51,120 [1] INFO  KYAL_ADMIN - get plate enter
2025-11-11 11:25:51,125 [1] INFO  KYAL_ADMIN - Loaded Current Folder : 11761762794605789_1176_188_0_1
2025-11-11 11:25:51,187 [1] INFO  KYAL_ADMIN - get plate exit
2025-11-11 11:26:10,664 [1] INFO  KYAL_ADMIN - Priority : 56234, User Count : 1, Queue : 1277
2025-11-11 11:26:10,696 [1] INFO  KYAL_ADMIN - Loading Current Folder : 2221762794706623_222_43_0_1
2025-11-11 11:26:10,772 [1] INFO  KYAL_ADMIN - ANPR direction: , 0
2025-11-11 11:26:10,777 [1] INFO  KYAL_ADMIN - get plate enter
2025-11-11 11:26:10,784 [1] INFO  KYAL_ADMIN - Loaded Current Folder : 2221762794706623_222_43_0_1
2025-11-11 11:26:10,788 [1] INFO  KYAL_ADMIN - get plate exit
2025-11-11 11:26:29,022 [1] INFO  KYAL_ADMIN - Application Closing 56234
2025-11-19 18:29:03,861 [1] INFO  USER1 - Priority : 57733, User Count : 7, Queue : 1
2025-11-19 18:29:03,890 [1] INFO  USER1 - Invalid/Empty Current Folder
2025-11-19 18:29:05,956 [10] INFO  USER1 - Priority : 57733, User Count : 7, Queue : 6
2025-11-19 18:29:05,970 [11] INFO  USER1 - Loading Current Folder : 1401763544847307_140_25_1_1
2025-11-19 18:29:06,032 [11] INFO  USER1 - LPR direction: reverse, 1
2025-11-19 18:29:06,154 [11] INFO  USER1 - Loaded Current Folder : 1401763544847307_140_25_1_1
2025-11-19 18:46:53,560 [1] INFO  USER1 - Priority : 57735, User Count : 6, Queue : 7
2025-11-19 18:46:53,626 [1] INFO  USER1 - Loading Current Folder : 10011763563579336_1001_173_0_1
2025-11-19 18:46:53,823 [1] INFO  USER1 - LPR direction: reverse, 1
2025-11-19 18:46:53,837 [1] INFO  USER1 - Loaded Current Folder : 10011763563579336_1001_173_0_1
2025-11-19 18:47:17,597 [1] INFO  USER1 - Application Closing 57735
2025-12-16 18:24:03,948 [1] INFO  USER1 - Priority : 62833, User Count : 5, Queue : 0
2025-12-16 18:25:27,572 [1] INFO  USER1 - Priority : 62834, User Count : 5, Queue : 0
2025-12-16 18:26:13,754 [1] INFO  USER1 - Invalid/Empty Current Folder
2025-12-16 18:26:13,824 [1] INFO  USER1 - Error GetCurrentCount : Could not find a part of the path 'P:\Copied'.
2025-12-16 18:26:15,786 [3] INFO  USER1 - Error GetCurrentCount : Could not find a part of the path 'P:\Copied'.
2025-12-16 18:26:18,134 [15] INFO  USER1 - Priority : 62834, User Count : 5, Queue : 0
2025-12-16 18:27:45,265 [9] INFO  USER1 - Error GetPendingPlate : Could not find a part of the path 'P:\Copied'.
2025-12-16 18:27:45,266 [9] INFO  USER1 - Invalid/Empty Current Folder
2025-12-16 18:27:45,286 [9] INFO  USER1 - Error lstPendingPlates : Could not find a part of the path 'P:\Copied\'.
2025-12-16 18:27:45,323 [11] INFO  USER1 - Error GetCurrentCount : Could not find a part of the path 'P:\Copied'.
2025-12-16 18:27:46,995 [9] INFO  USER1 - Priority : 62834, User Count : 5, Queue : 0
2025-12-16 18:27:48,511 [11] INFO  USER1 - Error GetPendingPlate : Could not find a part of the path 'P:\Copied'.
2025-12-16 18:27:48,521 [11] INFO  USER1 - Invalid/Empty Current Folder
2025-12-16 18:27:48,536 [9] INFO  USER1 - Error GetCurrentCount : Could not find a part of the path 'P:\Copied'.
2025-12-16 18:27:48,541 [11] INFO  USER1 - Error lstPendingPlates : Could not find a part of the path 'P:\Copied\'.
2025-12-16 18:27:48,562 [7] INFO  USER1 - Error GetCurrentCount : Could not find a part of the path 'P:\Copied'.
2025-12-16 18:27:49,990 [9] INFO  USER1 - Priority : 62834, User Count : 5, Queue : 0
2025-12-16 18:27:50,867 [17] INFO  USER1 - Error GetPendingPlate : Could not find a part of the path 'P:\Copied'.
2025-12-16 18:27:50,893 [17] INFO  USER1 - Invalid/Empty Current Folder
2025-12-16 18:27:50,907 [19] INFO  USER1 - Error GetCurrentCount : Could not find a part of the path 'P:\Copied'.
2025-12-16 18:27:50,909 [17] INFO  USER1 - Error lstPendingPlates : Could not find a part of the path 'P:\Copied\'.
2025-12-16 18:27:50,948 [18] INFO  USER1 - Error GetCurrentCount : Could not find a part of the path 'P:\Copied'.
2025-12-16 18:27:51,750 [9] INFO  USER1 - Priority : 62834, User Count : 5, Queue : 0
2025-12-16 18:27:52,382 [7] INFO  USER1 - Error GetPendingPlate : Could not find a part of the path 'P:\Copied'.
2025-12-16 18:27:52,383 [7] INFO  USER1 - Invalid/Empty Current Folder
2025-12-16 18:27:52,397 [7] INFO  USER1 - Error lstPendingPlates : Could not find a part of the path 'P:\Copied\'.
2025-12-16 18:27:52,417 [9] INFO  USER1 - Error GetCurrentCount : Could not find a part of the path 'P:\Copied'.
2025-12-16 18:27:53,057 [11] INFO  USER1 - Error GetCurrentCount : Could not find a part of the path 'P:\Copied'.
2025-12-16 18:27:53,058 [7] INFO  USER1 - Priority : 62834, User Count : 5, Queue : 0
2025-12-16 18:27:53,639 [19] INFO  USER1 - Error GetPendingPlate : Could not find a part of the path 'P:\Copied'.
2025-12-16 18:27:53,641 [19] INFO  USER1 - Invalid/Empty Current Folder
2025-12-16 18:27:53,653 [19] INFO  USER1 - Error lstPendingPlates : Could not find a part of the path 'P:\Copied\'.
2025-12-16 18:27:53,676 [11] INFO  USER1 - Error GetCurrentCount : Could not find a part of the path 'P:\Copied'.
2025-12-16 18:27:55,520 [9] INFO  USER1 - Priority : 62834, User Count : 5, Queue : 0
2025-12-16 18:28:38,518 [9] INFO  USER1 - Error GetCurrentCount : Could not find a part of the path 'P:\Copied'.
2025-12-16 18:28:56,358 [7] INFO  USER1 - Error GetPendingPlate : Could not find a part of the path 'P:\Copied'.
2025-12-16 18:28:56,362 [7] INFO  USER1 - Invalid/Empty Current Folder
2025-12-16 18:28:56,381 [7] INFO  USER1 - Error lstPendingPlates : Could not find a part of the path 'P:\Copied\'.
2025-12-16 18:28:56,405 [9] INFO  USER1 - Error GetCurrentCount : Could not find a part of the path 'P:\Copied'.
2025-12-16 18:30:16,013 [1] INFO  USER1 - Priority : 62838, User Count : 6, Queue : 0
2025-12-17 11:04:39,039 [1] INFO  ZOHAIB - Priority : 62933, User Count : 1, Queue : 1038
2025-12-17 11:04:39,088 [1] INFO  ZOHAIB - Loading Current Folder : 9261765899987606_926_157_1_1
2025-12-17 11:04:39,272 [1] INFO  ZOHAIB - ANPR direction: , 0
2025-12-17 11:04:39,287 [1] INFO  ZOHAIB - Loaded Current Folder : 9261765899987606_926_157_1_1
2025-12-17 11:06:05,987 [1] INFO  ZOHAIB - Application Closing 62933
2025-12-17 11:23:00,807 [1] INFO  ZOHAIB - Priority : 62936, User Count : 1, Queue : 1061
2025-12-17 11:23:00,918 [1] INFO  ZOHAIB - Loading Current Folder : 9261765899987606_926_157_1_1
2025-12-17 11:23:01,083 [1] INFO  ZOHAIB - ANPR direction: , 0
2025-12-17 11:23:01,103 [1] INFO  ZOHAIB - Loaded Current Folder : 9261765899987606_926_157_1_1
2025-12-17 11:23:51,432 [1] INFO  ZOHAIB - Priority : 62937, User Count : 1, Queue : 1064
2025-12-17 11:23:51,477 [1] INFO  ZOHAIB - Loading Current Folder : 9261765899987606_926_157_1_1
2025-12-17 11:23:51,637 [1] INFO  ZOHAIB - ANPR direction: , 0
2025-12-17 11:23:51,652 [1] INFO  ZOHAIB - Loaded Current Folder : 9261765899987606_926_157_1_1
2025-12-17 11:24:33,718 [1] INFO  ZOHAIB - Priority : 62938, User Count : 1, Queue : 1065
2025-12-17 11:24:33,758 [1] INFO  ZOHAIB - Loading Current Folder : 9261765899987606_926_157_1_1
2025-12-17 11:24:33,928 [1] INFO  ZOHAIB - ANPR direction: , 0
2025-12-17 11:24:33,954 [1] INFO  ZOHAIB - Loaded Current Folder : 9261765899987606_926_157_1_1
2025-12-17 11:26:14,659 [1] INFO  ZOHAIB - Application Closing 62938
2025-12-17 11:27:22,958 [1] INFO  ZOHAIB - Priority : 62939, User Count : 1, Queue : 1070
2025-12-17 11:27:22,999 [1] INFO  ZOHAIB - Loading Current Folder : 9261765899987606_926_157_1_1
2025-12-17 11:27:23,166 [1] INFO  ZOHAIB - ANPR direction: , 0
2025-12-17 11:27:23,184 [1] INFO  ZOHAIB - Loaded Current Folder : 9261765899987606_926_157_1_1
2025-12-17 11:29:25,575 [1] INFO  ZOHAIB - Priority : 62940, User Count : 1, Queue : 1074
2025-12-17 11:29:25,622 [1] INFO  ZOHAIB - Loading Current Folder : 9261765899987606_926_157_1_1
2025-12-17 11:29:25,783 [1] INFO  ZOHAIB - ANPR direction: , 0
2025-12-17 11:29:25,798 [1] INFO  ZOHAIB - Loaded Current Folder : 9261765899987606_926_157_1_1
2025-12-17 11:30:26,503 [1] INFO  ZOHAIB - Application Closing 62940
2025-12-23 19:12:28,520 [1] INFO  USER1 - Priority : 64481, User Count : 4, Queue : 1
2025-12-23 19:12:28,532 [1] INFO  USER1 - Priority is for the loginID : 64481, current user loginID: 64493
2025-12-23 19:12:30,553 [3] INFO  USER1 - Priority : 64481, User Count : 4, Queue : 1
2025-12-23 19:12:30,555 [3] INFO  USER1 - Priority is for the loginID : 64481, current user loginID: 64493
2025-12-23 19:12:32,564 [11] INFO  USER1 - Priority : 64481, User Count : 4, Queue : 1
2025-12-23 19:12:32,566 [11] INFO  USER1 - Priority is for the loginID : 64481, current user loginID: 64493
2025-12-23 19:12:34,579 [11] INFO  USER1 - Priority : 64481, User Count : 4, Queue : 1
2025-12-23 19:12:34,580 [11] INFO  USER1 - Priority is for the loginID : 64481, current user loginID: 64493
2025-12-23 19:12:36,607 [11] INFO  USER1 - Priority : 64481, User Count : 4, Queue : 1
2025-12-23 19:12:36,608 [11] INFO  USER1 - Priority is for the loginID : 64481, current user loginID: 64493
2025-12-23 19:12:38,630 [3] INFO  USER1 - Priority : 64481, User Count : 4, Queue : 1
2025-12-23 19:12:38,632 [3] INFO  USER1 - Priority is for the loginID : 64481, current user loginID: 64493
2025-12-23 19:12:40,649 [11] INFO  USER1 - Priority : 64481, User Count : 4, Queue : 1
2025-12-23 19:12:40,651 [11] INFO  USER1 - Priority is for the loginID : 64481, current user loginID: 64493
2025-12-23 19:12:42,667 [11] INFO  USER1 - Priority : 64481, User Count : 4, Queue : 1
2025-12-23 19:12:42,669 [11] INFO  USER1 - Priority is for the loginID : 64481, current user loginID: 64493
2025-12-23 19:12:44,676 [11] INFO  USER1 - Priority : 64481, User Count : 4, Queue : 1
2025-12-23 19:12:44,677 [11] INFO  USER1 - Priority is for the loginID : 64481, current user loginID: 64493
2025-12-23 19:12:46,727 [11] INFO  USER1 - Priority : 64481, User Count : 4, Queue : 1
2025-12-23 19:12:46,729 [11] INFO  USER1 - Priority is for the loginID : 64481, current user loginID: 64493
2025-12-23 19:12:48,741 [11] INFO  USER1 - Priority : 64481, User Count : 4, Queue : 1
2025-12-23 19:12:48,742 [11] INFO  USER1 - Priority is for the loginID : 64481, current user loginID: 64493
2025-12-23 19:12:50,751 [11] INFO  USER1 - Priority : 64481, User Count : 4, Queue : 1
2025-12-23 19:12:50,753 [11] INFO  USER1 - Priority is for the loginID : 64481, current user loginID: 64493
2025-12-23 19:12:52,760 [11] INFO  USER1 - Priority : 64481, User Count : 4, Queue : 1
2025-12-23 19:12:52,762 [11] INFO  USER1 - Priority is for the loginID : 64481, current user loginID: 64493
2025-12-23 19:12:54,779 [3] INFO  USER1 - Priority : 64481, User Count : 4, Queue : 1
2025-12-23 19:12:54,781 [3] INFO  USER1 - Priority is for the loginID : 64481, current user loginID: 64493
2025-12-23 19:12:56,798 [3] INFO  USER1 - Priority : 64481, User Count : 4, Queue : 1
2025-12-23 19:12:56,799 [3] INFO  USER1 - Priority is for the loginID : 64481, current user loginID: 64493
2025-12-23 19:12:58,815 [3] INFO  USER1 - Priority : 64481, User Count : 4, Queue : 1
2025-12-23 19:12:58,816 [3] INFO  USER1 - Priority is for the loginID : 64481, current user loginID: 64493
2025-12-23 19:13:00,825 [11] INFO  USER1 - Priority : 64481, User Count : 4, Queue : 1
2025-12-23 19:13:00,827 [11] INFO  USER1 - Priority is for the loginID : 64481, current user loginID: 64493
2025-12-23 19:13:02,841 [11] INFO  USER1 - Priority : 64481, User Count : 4, Queue : 1
2025-12-23 19:13:02,842 [11] INFO  USER1 - Priority is for the loginID : 64481, current user loginID: 64493
2025-12-23 19:13:04,861 [11] INFO  USER1 - Priority : 64481, User Count : 4, Queue : 1
2025-12-23 19:13:04,863 [11] INFO  USER1 - Priority is for the loginID : 64481, current user loginID: 64493
2025-12-23 19:13:06,891 [11] INFO  USER1 - Priority : 64481, User Count : 4, Queue : 1
2025-12-23 19:13:06,893 [11] INFO  USER1 - Priority is for the loginID : 64481, current user loginID: 64493
2025-12-23 19:13:08,918 [3] INFO  USER1 - Priority : 64481, User Count : 4, Queue : 1
2025-12-23 19:13:08,920 [3] INFO  USER1 - Priority is for the loginID : 64481, current user loginID: 64493
2025-12-23 19:13:10,935 [11] INFO  USER1 - Priority : 64481, User Count : 4, Queue : 1
2025-12-23 19:13:10,936 [11] INFO  USER1 - Priority is for the loginID : 64481, current user loginID: 64493
2025-12-23 19:13:12,950 [3] INFO  USER1 - Priority : 64481, User Count : 4, Queue : 1
2025-12-23 19:13:12,951 [3] INFO  USER1 - Priority is for the loginID : 64481, current user loginID: 64493
2025-12-23 19:13:14,962 [11] INFO  USER1 - Priority : 64481, User Count : 4, Queue : 1
2025-12-23 19:13:14,963 [11] INFO  USER1 - Priority is for the loginID : 64481, current user loginID: 64493
2025-12-23 19:13:16,979 [11] INFO  USER1 - Priority : 64481, User Count : 4, Queue : 1
2025-12-23 19:13:16,980 [11] INFO  USER1 - Priority is for the loginID : 64481, current user loginID: 64493
2025-12-23 19:13:18,989 [11] INFO  USER1 - Priority : 64481, User Count : 4, Queue : 1
2025-12-23 19:13:18,990 [11] INFO  USER1 - Priority is for the loginID : 64481, current user loginID: 64493
2025-12-23 19:13:20,999 [11] INFO  USER1 - Priority : 64481, User Count : 4, Queue : 1
2025-12-23 19:13:21,001 [11] INFO  USER1 - Priority is for the loginID : 64481, current user loginID: 64493
2025-12-23 19:13:23,008 [11] INFO  USER1 - Priority : 64481, User Count : 4, Queue : 1
2025-12-23 19:13:23,010 [11] INFO  USER1 - Priority is for the loginID : 64481, current user loginID: 64493
2025-12-23 19:13:25,023 [11] INFO  USER1 - Priority : 64481, User Count : 4, Queue : 1
2025-12-23 19:13:25,026 [11] INFO  USER1 - Priority is for the loginID : 64481, current user loginID: 64493
2025-12-23 19:13:27,034 [11] INFO  USER1 - Priority : 64481, User Count : 4, Queue : 1
2025-12-23 19:13:27,034 [11] INFO  USER1 - Priority is for the loginID : 64481, current user loginID: 64493
2025-12-23 19:13:29,045 [11] INFO  USER1 - Priority : 64481, User Count : 4, Queue : 1
2025-12-23 19:13:29,046 [11] INFO  USER1 - Priority is for the loginID : 64481, current user loginID: 64493
2025-12-23 19:13:31,053 [3] INFO  USER1 - Priority : 64481, User Count : 4, Queue : 1
2025-12-23 19:13:31,054 [3] INFO  USER1 - Priority is for the loginID : 64481, current user loginID: 64493
2025-12-23 19:13:33,064 [11] INFO  USER1 - Priority : 64481, User Count : 4, Queue : 1
2025-12-23 19:13:33,065 [11] INFO  USER1 - Priority is for the loginID : 64481, current user loginID: 64493
2025-12-23 19:13:35,074 [11] INFO  USER1 - Priority : 64481, User Count : 4, Queue : 1
2025-12-23 19:13:35,075 [11] INFO  USER1 - Priority is for the loginID : 64481, current user loginID: 64493
2025-12-23 19:13:37,093 [3] INFO  USER1 - Priority : 64481, User Count : 4, Queue : 1
2025-12-23 19:13:37,095 [3] INFO  USER1 - Priority is for the loginID : 64481, current user loginID: 64493
2025-12-23 19:13:39,113 [11] INFO  USER1 - Priority : 64481, User Count : 4, Queue : 1
2025-12-23 19:13:39,114 [11] INFO  USER1 - Priority is for the loginID : 64481, current user loginID: 64493
2025-12-23 19:13:41,138 [11] INFO  USER1 - Priority : 64481, User Count : 4, Queue : 1
2025-12-23 19:13:41,144 [11] INFO  USER1 - Priority is for the loginID : 64481, current user loginID: 64493
2025-12-23 19:13:43,161 [11] INFO  USER1 - Priority : 64481, User Count : 4, Queue : 1
2025-12-23 19:13:43,163 [11] INFO  USER1 - Priority is for the loginID : 64481, current user loginID: 64493
2025-12-23 19:13:45,169 [11] INFO  USER1 - Priority : 64481, User Count : 4, Queue : 1
2025-12-23 19:13:45,171 [11] INFO  USER1 - Priority is for the loginID : 64481, current user loginID: 64493
2025-12-23 19:13:47,179 [11] INFO  USER1 - Priority : 64481, User Count : 4, Queue : 1
2025-12-23 19:13:47,179 [11] INFO  USER1 - Priority is for the loginID : 64481, current user loginID: 64493
2025-12-23 19:13:49,187 [11] INFO  USER1 - Priority : 64481, User Count : 4, Queue : 1
2025-12-23 19:13:49,188 [11] INFO  USER1 - Priority is for the loginID : 64481, current user loginID: 64493
2025-12-23 19:13:51,197 [11] INFO  USER1 - Priority : 64481, User Count : 4, Queue : 1
2025-12-23 19:13:51,198 [11] INFO  USER1 - Priority is for the loginID : 64481, current user loginID: 64493
2025-12-23 19:13:53,863 [12] INFO  USER1 - Priority : 64481, User Count : 4, Queue : 1
2025-12-23 19:13:53,864 [12] INFO  USER1 - Priority is for the loginID : 64481, current user loginID: 64493
2025-12-23 19:14:02,546 [9] INFO  USER1 - Priority : 64481, User Count : 4, Queue : 1
2025-12-23 19:14:15,451 [9] INFO  USER1 - Priority is for the loginID : 64481, current user loginID: 64493
2025-12-23 19:14:25,015 [9] INFO  USER1 - Priority : 64481, User Count : 4, Queue : 1
2025-12-23 19:15:49,922 [1] INFO  USER1 - Loading Current Folder : 2281766501039612_228_44_0_1
2025-12-23 19:16:08,195 [1] INFO  USER1 - ANPR direction: , 0
2025-12-23 19:16:19,107 [1] INFO  USER1 - Loaded Current Folder : 2281766501039612_228_44_0_1
2025-12-23 19:16:24,215 [1] INFO  USER1 - Warning Plate Ignored, LoginID=64494 Plate : -  Trans. ID : 2281766501039612 Location : Al Qasba
2025-12-23 19:16:29,271 [1] INFO  USER1 - Invalid/Empty Current Folder
2025-12-23 19:16:35,279 [18] INFO  USER1 - Invalid/Empty Current Folder
2025-12-23 19:16:37,308 [15] INFO  USER1 - Invalid/Empty Current Folder
2025-12-23 19:16:39,344 [18] INFO  USER1 - Invalid/Empty Current Folder
2025-12-23 19:16:41,364 [18] INFO  USER1 - Invalid/Empty Current Folder
2025-12-23 19:16:43,381 [18] INFO  USER1 - Invalid/Empty Current Folder
2025-12-23 19:16:45,405 [15] INFO  USER1 - Invalid/Empty Current Folder
2025-12-23 19:16:47,436 [17] INFO  USER1 - Invalid/Empty Current Folder
2025-12-23 19:16:49,448 [15] INFO  USER1 - Invalid/Empty Current Folder
2025-12-23 19:16:51,490 [10] INFO  USER1 - Invalid/Empty Current Folder
2025-12-23 19:16:53,521 [18] INFO  USER1 - Invalid/Empty Current Folder
2025-12-23 19:16:55,543 [3] INFO  USER1 - Invalid/Empty Current Folder
2025-12-23 19:16:57,569 [17] INFO  USER1 - Invalid/Empty Current Folder
2025-12-23 19:16:59,592 [3] INFO  USER1 - Invalid/Empty Current Folder
2025-12-23 19:17:01,619 [17] INFO  USER1 - Invalid/Empty Current Folder
2025-12-23 19:17:03,638 [17] INFO  USER1 - Invalid/Empty Current Folder
2025-12-23 19:17:05,658 [15] INFO  USER1 - Invalid/Empty Current Folder
2025-12-23 19:17:07,670 [18] INFO  USER1 - Invalid/Empty Current Folder
2025-12-23 19:17:09,685 [17] INFO  USER1 - Invalid/Empty Current Folder
2025-12-23 19:17:11,711 [18] INFO  USER1 - Invalid/Empty Current Folder
2025-12-23 19:17:13,721 [17] INFO  USER1 - Invalid/Empty Current Folder
2025-12-23 19:17:15,750 [15] INFO  USER1 - Invalid/Empty Current Folder
2025-12-23 19:17:17,767 [18] INFO  USER1 - Invalid/Empty Current Folder
2025-12-23 19:17:19,792 [18] INFO  USER1 - Invalid/Empty Current Folder
2025-12-23 19:17:21,802 [17] INFO  USER1 - Invalid/Empty Current Folder
2025-12-23 19:17:23,819 [10] INFO  USER1 - Invalid/Empty Current Folder
2025-12-23 19:17:25,844 [15] INFO  USER1 - Invalid/Empty Current Folder
2025-12-23 19:17:27,873 [15] INFO  USER1 - Invalid/Empty Current Folder
2025-12-23 19:17:29,887 [18] INFO  USER1 - Invalid/Empty Current Folder
2025-12-23 19:17:31,903 [18] INFO  USER1 - Invalid/Empty Current Folder
2025-12-23 19:17:33,916 [10] INFO  USER1 - Invalid/Empty Current Folder
2025-12-23 19:17:35,936 [10] INFO  USER1 - Invalid/Empty Current Folder
2025-12-23 19:17:37,961 [3] INFO  USER1 - Invalid/Empty Current Folder
2025-12-23 19:17:39,981 [17] INFO  USER1 - Invalid/Empty Current Folder
2025-12-23 19:17:41,994 [10] INFO  USER1 - Invalid/Empty Current Folder
2025-12-23 19:17:44,017 [18] INFO  USER1 - Invalid/Empty Current Folder
2025-12-23 19:17:46,028 [17] INFO  USER1 - Invalid/Empty Current Folder
2025-12-23 19:17:48,052 [15] INFO  USER1 - Invalid/Empty Current Folder
2025-12-23 19:17:50,061 [17] INFO  USER1 - Invalid/Empty Current Folder
2025-12-23 19:17:52,078 [10] INFO  USER1 - Invalid/Empty Current Folder
2025-12-23 19:17:54,106 [3] INFO  USER1 - Invalid/Empty Current Folder
2025-12-23 19:17:56,140 [17] INFO  USER1 - Invalid/Empty Current Folder
2025-12-23 19:17:58,166 [18] INFO  USER1 - Invalid/Empty Current Folder
2025-12-23 19:18:00,184 [10] INFO  USER1 - Invalid/Empty Current Folder
2025-12-23 19:18:02,202 [17] INFO  USER1 - Invalid/Empty Current Folder
2025-12-23 19:18:04,231 [18] INFO  USER1 - Invalid/Empty Current Folder
2025-12-23 19:18:06,248 [3] INFO  USER1 - Invalid/Empty Current Folder
2025-12-23 19:18:08,270 [17] INFO  USER1 - Invalid/Empty Current Folder
2025-12-23 19:18:10,289 [15] INFO  USER1 - Invalid/Empty Current Folder
2025-12-23 19:18:12,313 [18] INFO  USER1 - Invalid/Empty Current Folder
2025-12-23 19:18:14,334 [3] INFO  USER1 - Invalid/Empty Current Folder
2025-12-23 19:18:16,353 [17] INFO  USER1 - Invalid/Empty Current Folder
2025-12-23 19:18:18,379 [3] INFO  USER1 - Invalid/Empty Current Folder
2025-12-23 19:18:20,402 [17] INFO  USER1 - Invalid/Empty Current Folder
2025-12-23 19:18:22,409 [17] INFO  USER1 - Invalid/Empty Current Folder
2025-12-23 19:18:24,427 [17] INFO  USER1 - Invalid/Empty Current Folder
2025-12-23 19:18:26,448 [3] INFO  USER1 - Invalid/Empty Current Folder
2025-12-23 19:18:28,473 [3] INFO  USER1 - Invalid/Empty Current Folder
2025-12-23 19:18:30,497 [15] INFO  USER1 - Invalid/Empty Current Folder
2025-12-23 19:18:32,513 [17] INFO  USER1 - Invalid/Empty Current Folder
2025-12-23 19:18:34,538 [3] INFO  USER1 - Invalid/Empty Current Folder
2025-12-23 19:18:36,554 [17] INFO  USER1 - Invalid/Empty Current Folder
2025-12-23 19:18:38,566 [18] INFO  USER1 - Invalid/Empty Current Folder
2025-12-23 19:18:40,586 [17] INFO  USER1 - Invalid/Empty Current Folder
2025-12-23 19:18:42,604 [3] INFO  USER1 - Invalid/Empty Current Folder
2025-12-23 19:18:44,643 [15] INFO  USER1 - Invalid/Empty Current Folder
2025-12-23 19:18:46,661 [17] INFO  USER1 - Invalid/Empty Current Folder
2025-12-23 19:18:48,680 [17] INFO  USER1 - Invalid/Empty Current Folder
2025-12-23 19:18:50,696 [3] INFO  USER1 - Invalid/Empty Current Folder
2025-12-23 19:18:52,721 [3] INFO  USER1 - Invalid/Empty Current Folder
2025-12-23 19:18:54,744 [3] INFO  USER1 - Invalid/Empty Current Folder
2025-12-23 19:18:56,783 [15] INFO  USER1 - Invalid/Empty Current Folder
2025-12-23 19:18:58,800 [17] INFO  USER1 - Invalid/Empty Current Folder
2025-12-23 19:19:00,810 [15] INFO  USER1 - Invalid/Empty Current Folder
2025-12-23 19:19:02,821 [17] INFO  USER1 - Invalid/Empty Current Folder
2025-12-23 19:19:04,836 [17] INFO  USER1 - Invalid/Empty Current Folder
2025-12-23 19:19:06,852 [3] INFO  USER1 - Invalid/Empty Current Folder
2025-12-23 19:19:08,875 [17] INFO  USER1 - Invalid/Empty Current Folder
2025-12-23 19:19:10,908 [17] INFO  USER1 - Invalid/Empty Current Folder
2025-12-23 19:19:12,935 [17] INFO  USER1 - Invalid/Empty Current Folder
2025-12-23 19:19:14,962 [17] INFO  USER1 - Invalid/Empty Current Folder
2025-12-23 19:19:17,004 [3] INFO  USER1 - Invalid/Empty Current Folder
2025-12-23 19:19:19,023 [3] INFO  USER1 - Invalid/Empty Current Folder
2025-12-23 19:19:21,042 [18] INFO  USER1 - Invalid/Empty Current Folder
2025-12-23 19:19:23,059 [17] INFO  USER1 - Invalid/Empty Current Folder
2025-12-23 19:19:25,081 [3] INFO  USER1 - Invalid/Empty Current Folder
2025-12-23 19:19:27,104 [17] INFO  USER1 - Invalid/Empty Current Folder
2025-12-23 19:19:29,127 [17] INFO  USER1 - Invalid/Empty Current Folder
2025-12-23 19:19:31,159 [18] INFO  USER1 - Invalid/Empty Current Folder
2025-12-23 19:19:33,199 [15] INFO  USER1 - Invalid/Empty Current Folder
2025-12-23 19:19:35,219 [17] INFO  USER1 - Invalid/Empty Current Folder
2025-12-23 19:19:37,228 [17] INFO  USER1 - Invalid/Empty Current Folder
2025-12-23 19:19:39,249 [17] INFO  USER1 - Invalid/Empty Current Folder
2025-12-23 19:19:41,279 [17] INFO  USER1 - Invalid/Empty Current Folder
2025-12-23 19:19:43,301 [17] INFO  USER1 - Invalid/Empty Current Folder
2025-12-23 19:19:45,355 [18] INFO  USER1 - Invalid/Empty Current Folder
2025-12-23 19:19:47,382 [3] INFO  USER1 - Invalid/Empty Current Folder
2025-12-23 19:19:49,432 [15] INFO  USER1 - Invalid/Empty Current Folder
2025-12-23 19:19:51,448 [18] INFO  USER1 - Invalid/Empty Current Folder
2025-12-23 19:19:53,494 [15] INFO  USER1 - Invalid/Empty Current Folder
2025-12-23 19:19:55,512 [17] INFO  USER1 - Invalid/Empty Current Folder
2025-12-23 19:19:57,565 [15] INFO  USER1 - Invalid/Empty Current Folder
2025-12-23 19:19:59,576 [3] INFO  USER1 - Invalid/Empty Current Folder
2025-12-23 19:20:01,595 [10] INFO  USER1 - Invalid/Empty Current Folder
2025-12-23 19:20:03,613 [17] INFO  USER1 - Invalid/Empty Current Folder
2025-12-23 19:20:05,660 [3] INFO  USER1 - Invalid/Empty Current Folder
2025-12-23 19:20:07,690 [15] INFO  USER1 - Invalid/Empty Current Folder
2025-12-23 19:20:09,710 [17] INFO  USER1 - Invalid/Empty Current Folder
2025-12-23 19:20:11,732 [3] INFO  USER1 - Invalid/Empty Current Folder
2025-12-23 19:20:13,750 [18] INFO  USER1 - Invalid/Empty Current Folder
2025-12-23 19:20:15,793 [18] INFO  USER1 - Invalid/Empty Current Folder
2025-12-23 19:20:17,802 [17] INFO  USER1 - Invalid/Empty Current Folder
2025-12-23 19:20:19,849 [15] INFO  USER1 - Invalid/Empty Current Folder
2025-12-23 19:20:21,905 [15] INFO  USER1 - Invalid/Empty Current Folder
2025-12-23 19:20:23,950 [15] INFO  USER1 - Invalid/Empty Current Folder
2025-12-23 19:20:25,992 [18] INFO  USER1 - Invalid/Empty Current Folder
2025-12-23 19:20:28,022 [17] INFO  USER1 - Invalid/Empty Current Folder
2025-12-23 19:20:30,040 [3] INFO  USER1 - Invalid/Empty Current Folder
2025-12-23 19:20:32,082 [15] INFO  USER1 - Invalid/Empty Current Folder
2025-12-23 19:20:34,124 [17] INFO  USER1 - Invalid/Empty Current Folder
2025-12-23 19:20:36,160 [10] INFO  USER1 - Invalid/Empty Current Folder
2025-12-23 19:20:38,189 [18] INFO  USER1 - Invalid/Empty Current Folder
2025-12-23 19:20:40,217 [15] INFO  USER1 - Invalid/Empty Current Folder
2025-12-23 19:20:42,256 [17] INFO  USER1 - Invalid/Empty Current Folder
2025-12-23 19:20:44,288 [15] INFO  USER1 - Invalid/Empty Current Folder
2025-12-23 19:20:46,305 [15] INFO  USER1 - Invalid/Empty Current Folder
2025-12-23 19:20:48,358 [17] INFO  USER1 - Invalid/Empty Current Folder
2025-12-23 19:20:50,372 [18] INFO  USER1 - Invalid/Empty Current Folder
2025-12-23 19:20:52,407 [17] INFO  USER1 - Invalid/Empty Current Folder
2025-12-23 19:20:54,459 [17] INFO  USER1 - Invalid/Empty Current Folder
2025-12-23 19:20:56,486 [15] INFO  USER1 - Invalid/Empty Current Folder
2025-12-23 19:20:58,520 [17] INFO  USER1 - Invalid/Empty Current Folder
2025-12-23 19:20:59,830 [1] INFO  USER1 - Application Closing 64494
